platform,post_id,posted_at,text,keyword,hashtags,views,likes,comments,shares
X,demo-market-000-0-00,2026-07-07T12:00:00Z,架空市場 生成AI研究,生成AI研究,#生成AI研究,1600,83,10,8
INSTAGRAM,demo-market-000-0-01,2026-07-07T12:00:00Z,架空市場 生成AI研究,生成AI研究,#生成AI研究,1600,80,10,8
X,demo-market-000-0-02,2026-07-07T12:00:00Z,架空市場 生成AI研究,生成AI研究,#生成AI研究,1600,81,10,8
INSTAGRAM,demo-market-000-0-03,2026-07-07T12:00:00Z,架空市場 生成AI研究,生成AI研究,#生成AI研究,1600,83,10,8
X,demo-market-000-0-04,2026-07-07T12:00:00Z,架空市場 生成AI研究,生成AI研究,#生成AI研究,1600,83,10,8
INSTAGRAM,demo-market-000-0-05,2026-07-07T12:00:00Z,架空市場 生成AI研究,生成AI研究,#生成AI研究,1600,81,10,8
X,demo-market-000-0-06,2026-07-07T12:00:00Z,架空市場 生成AI研究,生成AI研究,#生成AI研究,1600,82,10,8
INSTAGRAM,demo-market-000-0-07,2026-07-07T12:00:00Z,架空市場 生成AI研究,生成AI研究,#生成AI研究,1600,83,10,8
X,demo-market-000-1-00,2026-07-07T12:00:00Z,架空市場 効率化実験,効率化実験,#効率化実験,1600,83,10,8
INSTAGRAM,demo-market-000-1-01,2026-07-07T12:00:00Z,架空市場 効率化実験,効率化実験,#効率化実験,1600,82,10,8
X,demo-market-000-1-02,2026-07-07T12:00:00Z,架空市場 効率化実験,効率化実験,#効率化実験,1600,82,10,8
INSTAGRAM,demo-market-000-1-03,2026-07-07T12:00:00Z,架空市場 効率化実験,効率化実験,#効率化実験,1600,80,10,8
X,demo-market-000-1-04,2026-07-07T12:00:00Z,架空市場 効率化実験,効率化実験,#効率化実験,1600,82,10,8
INSTAGRAM,demo-market-000-1-05,2026-07-07T12:00:00Z,架空市場 効率化実験,効率化実験,#効率化実験,1600,81,10,8
X,demo-market-000-1-06,2026-07-07T12:00:00Z,架空市場 効率化実験,効率化実験,#効率化実験,1600,83,10,8
X,demo-market-000-2-00,2026-07-07T12:00:00Z,架空市場 エージェント検証,エージェント検証,#エージェント検証,2000,103,12,10
INSTAGRAM,demo-market-000-2-01,2026-07-07T12:00:00Z,架空市場 エージェント検証,エージェント検証,#エージェント検証,2000,103,12,10
X,demo-market-000-2-02,2026-07-07T12:00:00Z,架空市場 エージェント検証,エージェント検証,#エージェント検証,2000,101,12,10
INSTAGRAM,demo-market-000-2-03,2026-07-07T12:00:00Z,架空市場 エージェント検証,エージェント検証,#エージェント検証,2000,102,12,10
X,demo-market-000-2-04,2026-07-07T12:00:00Z,架空市場 エージェント検証,エージェント検証,#エージェント検証,2000,102,12,10
INSTAGRAM,demo-market-000-2-05,2026-07-07T12:00:00Z,架空市場 エージェント検証,エージェント検証,#エージェント検証,2000,103,12,10
X,demo-market-000-2-06,2026-07-07T12:00:00Z,架空市場 エージェント検証,エージェント検証,#エージェント検証,2000,100,12,10
INSTAGRAM,demo-market-000-2-07,2026-07-07T12:00:00Z,架空市場 エージェント検証,エージェント検証,#エージェント検証,2000,100,12,10
X,demo-market-000-2-08,2026-07-07T12:00:00Z,架空市場 エージェント検証,エージェント検証,#エージェント検証,2000,103,12,10
INSTAGRAM,demo-market-000-2-09,2026-07-07T12:00:00Z,架空市場 エージェント検証,エージェント検証,#エージェント検証,2000,103,12,10
X,demo-market-000-2-10,2026-07-07T12:00:00Z,架空市場 エージェント検証,エージェント検証,#エージェント検証,2000,102,12,10
X,demo-market-000-3-00,2026-07-07T12:00:00Z,架空市場 分析ノート,分析ノート,#分析ノート,500,28,3,2
INSTAGRAM,demo-market-000-3-01,2026-07-07T12:00:00Z,架空市場 分析ノート,分析ノート,#分析ノート,500,25,3,2
X,demo-market-000-3-02,2026-07-07T12:00:00Z,架空市場 分析ノート,分析ノート,#分析ノート,500,28,3,2
INSTAGRAM,demo-market-000-3-03,2026-07-07T12:00:00Z,架空市場 分析ノート,分析ノート,#分析ノート,500,25,3,2
X,demo-market-000-3-04,2026-07-07T12:00:00Z,架空市場 分析ノート,分析ノート,#分析ノート,500,28,3,2
INSTAGRAM,demo-market-000-3-05,2026-07-07T12:00:00Z,架空市場 分析ノート,分析ノート,#分析ノート,500,28,3,2
X,demo-market-000-3-06,2026-07-07T12:00:00Z,架空市場 分析ノート,分析ノート,#分析ノート,500,25,3,2
INSTAGRAM,demo-market-000-3-07,2026-07-07T12:00:00Z,架空市場 分析ノート,分析ノート,#分析ノート,500,25,3,2
X,demo-market-000-3-08,2026-07-07T12:00:00Z,架空市場 分析ノート,分析ノート,#分析ノート,500,25,3,2
X,demo-market-000-4-00,2026-07-07T12:00:00Z,架空市場 動画ラボ,動画ラボ,#動画ラボ,100,6,0,0
INSTAGRAM,demo-market-000-4-01,2026-07-07T12:00:00Z,架空市場 動画ラボ,動画ラボ,#動画ラボ,100,6,0,0
X,demo-market-000-4-02,2026-07-07T12:00:00Z,架空市場 動画ラボ,動画ラボ,#動画ラボ,100,7,0,0
X,demo-market-000-5-00,2026-07-07T12:00:00Z,架空市場 運用メモ,運用メモ,#運用メモ,600,33,3,3
INSTAGRAM,demo-market-000-5-01,2026-07-07T12:00:00Z,架空市場 運用メモ,運用メモ,#運用メモ,600,33,3,3
X,demo-market-000-5-02,2026-07-07T12:00:00Z,架空市場 運用メモ,運用メモ,#運用メモ,600,31,3,3
INSTAGRAM,demo-market-000-5-03,2026-07-07T12:00:00Z,架空市場 運用メモ,運用メモ,#運用メモ,600,31,3,3
X,demo-market-000-5-04,2026-07-07T12:00:00Z,架空市場 運用メモ,運用メモ,#運用メモ,600,32,3,3
INSTAGRAM,demo-market-000-5-05,2026-07-07T12:00:00Z,架空市場 運用メモ,運用メモ,#運用メモ,600,31,3,3
X,demo-market-000-5-06,2026-07-07T12:00:00Z,架空市場 運用メモ,運用メモ,#運用メモ,600,33,3,3
INSTAGRAM,demo-market-000-5-07,2026-07-07T12:00:00Z,架空市場 運用メモ,運用メモ,#運用メモ,600,33,3,3
X,demo-market-000-5-08,2026-07-07T12:00:00Z,架空市場 運用メモ,運用メモ,#運用メモ,600,30,3,3
INSTAGRAM,demo-market-000-5-09,2026-07-07T12:00:00Z,架空市場 運用メモ,運用メモ,#運用メモ,600,31,3,3
X,demo-market-000-5-10,2026-07-07T12:00:00Z,架空市場 運用メモ,運用メモ,#運用メモ,600,30,3,3
INSTAGRAM,demo-market-000-5-11,2026-07-07T12:00:00Z,架空市場 運用メモ,運用メモ,#運用メモ,600,33,3,3
X,demo-market-001-0-00,2026-07-08T12:00:00Z,架空市場 生成AI研究,生成AI研究,#生成AI研究,1600,83,10,8
INSTAGRAM,demo-market-001-0-01,2026-07-08T12:00:00Z,架空市場 生成AI研究,生成AI研究,#生成AI研究,1600,83,10,8
X,demo-market-001-0-02,2026-07-08T12:00:00Z,架空市場 生成AI研究,生成AI研究,#生成AI研究,1600,80,10,8
INSTAGRAM,demo-market-001-0-03,2026-07-08T12:00:00Z,架空市場 生成AI研究,生成AI研究,#生成AI研究,1600,80,10,8
X,demo-market-001-0-04,2026-07-08T12:00:00Z,架空市場 生成AI研究,生成AI研究,#生成AI研究,1600,80,10,8
INSTAGRAM,demo-market-001-0-05,2026-07-08T12:00:00Z,架空市場 生成AI研究,生成AI研究,#生成AI研究,1600,83,10,8
X,demo-market-001-0-06,2026-07-08T12:00:00Z,架空市場 生成AI研究,生成AI研究,#生成AI研究,1600,81,10,8
INSTAGRAM,demo-market-001-0-07,2026-07-08T12:00:00Z,架空市場 生成AI研究,生成AI研究,#生成AI研究,1600,80,10,8
X,demo-market-001-1-00,2026-07-08T12:00:00Z,架空市場 効率化実験,効率化実験,#効率化実験,1600,83,10,8
INSTAGRAM,demo-market-001-1-01,2026-07-08T12:00:00Z,架空市場 効率化実験,効率化実験,#効率化実験,1600,80,10,8
X,demo-market-001-1-02,2026-07-08T12:00:00Z,架空市場 効率化実験,効率化実験,#効率化実験,1600,82,10,8
INSTAGRAM,demo-market-001-1-03,2026-07-08T12:00:00Z,架空市場 効率化実験,効率化実験,#効率化実験,1600,81,10,8
X,demo-market-001-1-04,2026-07-08T12:00:00Z,架空市場 効率化実験,効率化実験,#効率化実験,1600,83,10,8
INSTAGRAM,demo-market-001-1-05,2026-07-08T12:00:00Z,架空市場 効率化実験,効率化実験,#効率化実験,1600,81,10,8
X,demo-market-001-1-06,2026-07-08T12:00:00Z,架空市場 効率化実験,効率化実験,#効率化実験,1600,80,10,8
X,demo-market-001-2-00,2026-07-08T12:00:00Z,架空市場 エージェント検証,エージェント検証,#エージェント検証,1980,99,12,9
INSTAGRAM,demo-market-001-2-01,2026-07-08T12:00:00Z,架空市場 エージェント検証,エージェント検証,#エージェント検証,1980,102,12,9
X,demo-market-001-2-02,2026-07-08T12:00:00Z,架空市場 エージェント検証,エージェント検証,#エージェント検証,1980,100,12,9
INSTAGRAM,demo-market-001-2-03,2026-07-08T12:00:00Z,架空市場 エージェント検証,エージェント検証,#エージェント検証,1980,101,12,9
X,demo-market-001-2-04,2026-07-08T12:00:00Z,架空市場 エージェント検証,エージェント検証,#エージェント検証,1980,99,12,9
INSTAGRAM,demo-market-001-2-05,2026-07-08T12:00:00Z,架空市場 エージェント検証,エージェント検証,#エージェント検証,1980,100,12,9
X,demo-market-001-2-06,2026-07-08T12:00:00Z,架空市場 エージェント検証,エージェント検証,#エージェント検証,1980,99,12,9
INSTAGRAM,demo-market-001-2-07,2026-07-08T12:00:00Z,架空市場 エージェント検証,エージェント検証,#エージェント検証,1980,101,12,9
X,demo-market-001-2-08,2026-07-08T12:00:00Z,架空市場 エージェント検証,エージェント検証,#エージェント検証,1980,100,12,9
INSTAGRAM,demo-market-001-2-09,2026-07-08T12:00:00Z,架空市場 エージェント検証,エージェント検証,#エージェント検証,1980,101,12,9
X,demo-market-001-2-10,2026-07-08T12:00:00Z,架空市場 エージェント検証,エージェント検証,#エージェント検証,1980,99,12,9
X,demo-market-001-3-00,2026-07-08T12:00:00Z,架空市場 分析ノート,分析ノート,#分析ノート,500,27,3,2
INSTAGRAM,demo-market-001-3-01,2026-07-08T12:00:00Z,架空市場 分析ノート,分析ノート,#分析ノート,500,27,3,2
X,demo-market-001-3-02,2026-07-08T12:00:00Z,架空市場 分析ノート,分析ノート,#分析ノート,500,25,3,2
INSTAGRAM,demo-market-001-3-03,2026-07-08T12:00:00Z,架空市場 分析ノート,分析ノート,#分析ノート,500,25,3,2
X,demo-market-001-3-04,2026-07-08T12:00:00Z,架空市場 分析ノート,分析ノート,#分析ノート,500,25,3,2
INSTAGRAM,demo-market-001-3-05,2026-07-08T12:00:00Z,架空市場 分析ノート,分析ノート,#分析ノート,500,28,3,2
X,demo-market-001-3-06,2026-07-08T12:00:00Z,架空市場 分析ノート,分析ノート,#分析ノート,500,26,3,2
INSTAGRAM,demo-market-001-3-07,2026-07-08T12:00:00Z,架空市場 分析ノート,分析ノート,#分析ノート,500,26,3,2
X,demo-market-001-3-08,2026-07-08T12:00:00Z,架空市場 分析ノート,分析ノート,#分析ノート,500,27,3,2
X,demo-market-001-4-00,2026-07-08T12:00:00Z,架空市場 動画ラボ,動画ラボ,#動画ラボ,100,6,0,0
INSTAGRAM,demo-market-001-4-01,2026-07-08T12:00:00Z,架空市場 動画ラボ,動画ラボ,#動画ラボ,100,6,0,0
X,demo-market-001-4-02,2026-07-08T12:00:00Z,架空市場 動画ラボ,動画ラボ,#動画ラボ,100,6,0,0
X,demo-market-001-5-00,2026-07-08T12:00:00Z,架空市場 運用メモ,運用メモ,#運用メモ,600,30,3,3
INSTAGRAM,demo-market-001-5-01,2026-07-08T12:00:00Z,架空市場 運用メモ,運用メモ,#運用メモ,600,32,3,3
X,demo-market-001-5-02,2026-07-08T12:00:00Z,架空市場 運用メモ,運用メモ,#運用メモ,600,32,3,3
INSTAGRAM,demo-market-001-5-03,2026-07-08T12:00:00Z,架空市場 運用メモ,運用メモ,#運用メモ,600,31,3,3
X,demo-market-001-5-04,2026-07-08T12:00:00Z,架空市場 運用メモ,運用メモ,#運用メモ,600,32,3,3
INSTAGRAM,demo-market-001-5-05,2026-07-08T12:00:00Z,架空市場 運用メモ,運用メモ,#運用メモ,600,30,3,3
X,demo-market-001-5-06,2026-07-08T12:00:00Z,架空市場 運用メモ,運用メモ,#運用メモ,600,31,3,3
INSTAGRAM,demo-market-001-5-07,2026-07-08T12:00:00Z,架空市場 運用メモ,運用メモ,#運用メモ,600,32,3,3
X,demo-market-001-5-08,2026-07-08T12:00:00Z,架空市場 運用メモ,運用メモ,#運用メモ,600,32,3,3
INSTAGRAM,demo-market-001-5-09,2026-07-08T12:00:00Z,架空市場 運用メモ,運用メモ,#運用メモ,600,31,3,3
X,demo-market-001-5-10,2026-07-08T12:00:00Z,架空市場 運用メモ,運用メモ,#運用メモ,600,31,3,3
INSTAGRAM,demo-market-001-5-11,2026-07-08T12:00:00Z,架空市場 運用メモ,運用メモ,#運用メモ,600,33,3,3
X,demo-market-002-0-00,2026-07-09T12:00:00Z,架空市場 生成AI研究,生成AI研究,#生成AI研究,1600,82,10,8
INSTAGRAM,demo-market-002-0-01,2026-07-09T12:00:00Z,架空市場 生成AI研究,生成AI研究,#生成AI研究,1600,81,10,8
X,demo-market-002-0-02,2026-07-09T12:00:00Z,架空市場 生成AI研究,生成AI研究,#生成AI研究,1600,82,10,8
INSTAGRAM,demo-market-002-0-03,2026-07-09T12:00:00Z,架空市場 生成AI研究,生成AI研究,#生成AI研究,1600,82,10,8
X,demo-market-002-0-04,2026-07-09T12:00:00Z,架空市場 生成AI研究,生成AI研究,#生成AI研究,1600,81,10,8
INSTAGRAM,demo-market-002-0-05,2026-07-09T12:00:00Z,架空市場 生成AI研究,生成AI研究,#生成AI研究,1600,82,10,8
X,demo-market-002-0-06,2026-07-09T12:00:00Z,架空市場 生成AI研究,生成AI研究,#生成AI研究,1600,83,10,8
INSTAGRAM,demo-market-002-0-07,2026-07-09T12:00:00Z,架空市場 生成AI研究,生成AI研究,#生成AI研究,1600,80,10,8
X,demo-market-002-0-08,2026-07-09T12:00:00Z,架空市場 生成AI研究,生成AI研究,#生成AI研究,1600,83,10,8
X,demo-market-002-1-00,2026-07-09T12:00:00Z,架空市場 効率化実験,効率化実験,#効率化実験,1600,81,10,8
INSTAGRAM,demo-market-002-1-01,2026-07-09T12:00:00Z,架空市場 効率化実験,効率化実験,#効率化実験,1600,80,10,8
X,demo-market-002-1-02,2026-07-09T12:00:00Z,架空市場 効率化実験,効率化実験,#効率化実験,1600,82,10,8
INSTAGRAM,demo-market-002-1-03,2026-07-09T12:00:00Z,架空市場 効率化実験,効率化実験,#効率化実験,1600,81,10,8
X,demo-market-002-1-04,2026-07-09T12:00:00Z,架空市場 効率化実験,効率化実験,#効率化実験,1600,83,10,8
INSTAGRAM,demo-market-002-1-05,2026-07-09T12:00:00Z,架空市場 効率化実験,効率化実験,#効率化実験,1600,80,10,8
X,demo-market-002-2-00,2026-07-09T12:00:00Z,架空市場 エージェント検証,エージェント検証,#エージェント検証,1960,100,12,9
INSTAGRAM,demo-market-002-2-01,2026-07-09T12:00:00Z,架空市場 エージェント検証,エージェント検証,#エージェント検証,1960,101,12,9
X,demo-market-002-2-02,2026-07-09T12:00:00Z,架空市場 エージェント検証,エージェント検証,#エージェント検証,1960,100,12,9
INSTAGRAM,demo-market-002-2-03,2026-07-09T12:00:00Z,架空市場 エージェント検証,エージェント検証,#エージェント検証,1960,101,12,9
X,demo-market-002-2-04,2026-07-09T12:00:00Z,架空市場 エージェント検証,エージェント検証,#エージェント検証,1960,100,12,9
INSTAGRAM,demo-market-002-2-05,2026-07-09T12:00:00Z,架空市場 エージェント検証,エージェント検証,#エージェント検証,1960,99,12,9
X,demo-market-002-2-06,2026-07-09T12:00:00Z,架空市場 エージェント検証,エージェント検証,#エージェント検証,1960,98,12,9
INSTAGRAM,demo-market-002-2-07,2026-07-09T12:00:00Z,架空市場 エージェント検証,エージェント検証,#エージェント検証,1960,100,12,9
X,demo-market-002-2-08,2026-07-09T12:00:00Z,架空市場 エージェント検証,エージェント検証,#エージェント検証,1960,101,12,9
INSTAGRAM,demo-market-002-2-09,2026-07-09T12:00:00Z,架空市場 エージェント検証,エージェント検証,#エージェント検証,1960,101,12,9
X,demo-market-002-2-10,2026-07-09T12:00:00Z,架空市場 エージェント検証,エージェント検証,#エージェント検証,1960,100,12,9
X,demo-market-002-3-00,2026-07-09T12:00:00Z,架空市場 分析ノート,分析ノート,#分析ノート,500,26,3,2
INSTAGRAM,demo-market-002-3-01,2026-07-09T12:00:00Z,架空市場 分析ノート,分析ノート,#分析ノート,500,26,3,2
X,demo-market-002-3-02,2026-07-09T12:00:00Z,架空市場 分析ノート,分析ノート,#分析ノート,500,26,3,2
INSTAGRAM,demo-market-002-3-03,2026-07-09T12:00:00Z,架空市場 分析ノート,分析ノート,#分析ノート,500,25,3,2
X,demo-market-002-3-04,2026-07-09T12:00:00Z,架空市場 分析ノート,分析ノート,#分析ノート,500,28,3,2
INSTAGRAM,demo-market-002-3-05,2026-07-09T12:00:00Z,架空市場 分析ノート,分析ノート,#分析ノート,500,27,3,2
X,demo-market-002-3-06,2026-07-09T12:00:00Z,架空市場 分析ノート,分析ノート,#分析ノート,500,27,3,2
INSTAGRAM,demo-market-002-3-07,2026-07-09T12:00:00Z,架空市場 分析ノート,分析ノート,#分析ノート,500,25,3,2
X,demo-market-002-3-08,2026-07-09T12:00:00Z,架空市場 分析ノート,分析ノート,#分析ノート,500,25,3,2
X,demo-market-002-4-00,2026-07-09T12:00:00Z,架空市場 動画ラボ,動画ラボ,#動画ラボ,100,5,0,0
INSTAGRAM,demo-market-002-4-01,2026-07-09T12:00:00Z,架空市場 動画ラボ,動画ラボ,#動画ラボ,100,7,0,0
X,demo-market-002-4-02,2026-07-09T12:00:00Z,架空市場 動画ラボ,動画ラボ,#動画ラボ,100,6,0,0
X,demo-market-002-5-00,2026-07-09T12:00:00Z,架空市場 運用メモ,運用メモ,#運用メモ,600,32,3,3
INSTAGRAM,demo-market-002-5-01,2026-07-09T12:00:00Z,架空市場 運用メモ,運用メモ,#運用メモ,600,30,3,3
X,demo-market-002-5-02,2026-07-09T12:00:00Z,架空市場 運用メモ,運用メモ,#運用メモ,600,32,3,3
INSTAGRAM,demo-market-002-5-03,2026-07-09T12:00:00Z,架空市場 運用メモ,運用メモ,#運用メモ,600,30,3,3
X,demo-market-002-5-04,2026-07-09T12:00:00Z,架空市場 運用メモ,運用メモ,#運用メモ,600,32,3,3
INSTAGRAM,demo-market-002-5-05,2026-07-09T12:00:00Z,架空市場 運用メモ,運用メモ,#運用メモ,600,30,3,3
X,demo-market-002-5-06,2026-07-09T12:00:00Z,架空市場 運用メモ,運用メモ,#運用メモ,600,30,3,3
INSTAGRAM,demo-market-002-5-07,2026-07-09T12:00:00Z,架空市場 運用メモ,運用メモ,#運用メモ,600,33,3,3
X,demo-market-002-5-08,2026-07-09T12:00:00Z,架空市場 運用メモ,運用メモ,#運用メモ,600,31,3,3
INSTAGRAM,demo-market-002-5-09,2026-07-09T12:00:00Z,架空市場 運用メモ,運用メモ,#運用メモ,600,33,3,3
X,demo-market-002-5-10,2026-07-09T12:00:00Z,架空市場 運用メモ,運用メモ,#運用メモ,600,30,3,3
INSTAGRAM,demo-market-002-5-11,2026-07-09T12:00:00Z,架空市場 運用メモ,運用メモ,#運用メモ,600,33,3,3
X,demo-market-003-0-00,2026-07-10T12:00:00Z,架空市場 生成AI研究,生成AI研究,#生成AI研究,1600,82,10,8
INSTAGRAM,demo-market-003-0-01,2026-07-10T12:00:00Z,架空市場 生成AI研究,生成AI研究,#生成AI研究,1600,80,10,8
X,demo-market-003-0-02,2026-07-10T12:00:00Z,架空市場 生成AI研究,生成AI研究,#生成AI研究,1600,81,10,8
INSTAGRAM,demo-market-003-0-03,2026-07-10T12:00:00Z,架空市場 生成AI研究,生成AI研究,#生成AI研究,1600,81,10,8
X,demo-market-003-0-04,2026-07-10T12:00:00Z,架空市場 生成AI研究,生成AI研究,#生成AI研究,1600,81,10,8
INSTAGRAM,demo-market-003-0-05,2026-07-10T12:00:00Z,架空市場 生成AI研究,生成AI研究,#生成AI研究,1600,81,10,8
X,demo-market-003-0-06,2026-07-10T12:00:00Z,架空市場 生成AI研究,生成AI研究,#生成AI研究,1600,80,10,8
INSTAGRAM,demo-market-003-0-07,2026-07-10T12:00:00Z,架空市場 生成AI研究,生成AI研究,#生成AI研究,1600,83,10,8
X,demo-market-003-0-08,2026-07-10T12:00:00Z,架空市場 生成AI研究,生成AI研究,#生成AI研究,1600,80,10,8
X,demo-market-003-1-00,2026-07-10T12:00:00Z,架空市場 効率化実験,効率化実験,#効率化実験,1600,83,10,8
INSTAGRAM,demo-market-003-1-01,2026-07-10T12:00:00Z,架空市場 効率化実験,効率化実験,#効率化実験,1600,81,10,8
X,demo-market-003-1-02,2026-07-10T12:00:00Z,架空市場 効率化実験,効率化実験,#効率化実験,1600,81,10,8
INSTAGRAM,demo-market-003-1-03,2026-07-10T12:00:00Z,架空市場 効率化実験,効率化実験,#効率化実験,1600,82,10,8
X,demo-market-003-1-04,2026-07-10T12:00:00Z,架空市場 効率化実験,効率化実験,#効率化実験,1600,81,10,8
INSTAGRAM,demo-market-003-1-05,2026-07-10T12:00:00Z,架空市場 効率化実験,効率化実験,#効率化実験,1600,80,10,8
X,demo-market-003-1-06,2026-07-10T12:00:00Z,架空市場 効率化実験,効率化実験,#効率化実験,1600,80,10,8
INSTAGRAM,demo-market-003-1-07,2026-07-10T12:00:00Z,架空市場 効率化実験,効率化実験,#効率化実験,1600,83,10,8
X,demo-market-003-2-00,2026-07-10T12:00:00Z,架空市場 エージェント検証,エージェント検証,#エージェント検証,1940,98,12,9
INSTAGRAM,demo-market-003-2-01,2026-07-10T12:00:00Z,架空市場 エージェント検証,エージェント検証,#エージェント検証,1940,98,12,9
X,demo-market-003-2-02,2026-07-10T12:00:00Z,架空市場 エージェント検証,エージェント検証,#エージェント検証,1940,97,12,9
INSTAGRAM,demo-market-003-2-03,2026-07-10T12:00:00Z,架空市場 エージェント検証,エージェント検証,#エージェント検証,1940,99,12,9
X,demo-market-003-2-04,2026-07-10T12:00:00Z,架空市場 エージェント検証,エージェント検証,#エージェント検証,1940,98,12,9
INSTAGRAM,demo-market-003-2-05,2026-07-10T12:00:00Z,架空市場 エージェント検証,エージェント検証,#エージェント検証,1940,100,12,9
X,demo-market-003-2-06,2026-07-10T12:00:00Z,架空市場 エージェント検証,エージェント検証,#エージェント検証,1940,98,12,9
INSTAGRAM,demo-market-003-2-07,2026-07-10T12:00:00Z,架空市場 エージェント検証,エージェント検証,#エージェント検証,1940,98,12,9
X,demo-market-003-2-08,2026-07-10T12:00:00Z,架空市場 エージェント検証,エージェント検証,#エージェント検証,1940,98,12,9
INSTAGRAM,demo-market-003-2-09,2026-07-10T12:00:00Z,架空市場 エージェント検証,エージェント検証,#エージェント検証,1940,99,12,9
X,demo-market-003-2-10,2026-07-10T12:00:00Z,架空市場 エージェント検証,エージェント検証,#エージェント検証,1940,100,12,9
X,demo-market-003-3-00,2026-07-10T12:00:00Z,架空市場 分析ノート,分析ノート,#分析ノート,500,26,3,2
INSTAGRAM,demo-market-003-3-01,2026-07-10T12:00:00Z,架空市場 分析ノート,分析ノート,#分析ノート,500,28,3,2
X,demo-market-003-3-02,2026-07-10T12:00:00Z,架空市場 分析ノート,分析ノート,#分析ノート,500,25,3,2
INSTAGRAM,demo-market-003-3-03,2026-07-10T12:00:00Z,架空市場 分析ノート,分析ノート,#分析ノート,500,26,3,2
X,demo-market-003-3-04,2026-07-10T12:00:00Z,架空市場 分析ノート,分析ノート,#分析ノート,500,25,3,2
INSTAGRAM,demo-market-003-3-05,2026-07-10T12:00:00Z,架空市場 分析ノート,分析ノート,#分析ノート,500,26,3,2
X,demo-market-003-3-06,2026-07-10T12:00:00Z,架空市場 分析ノート,分析ノート,#分析ノート,500,25,3,2
INSTAGRAM,demo-market-003-3-07,2026-07-10T12:00:00Z,架空市場 分析ノート,分析ノート,#分析ノート,500,26,3,2
X,demo-market-003-4-00,2026-07-10T12:00:00Z,架空市場 動画ラボ,動画ラボ,#動画ラボ,100,5,0,0
INSTAGRAM,demo-market-003-4-01,2026-07-10T12:00:00Z,架空市場 動画ラボ,動画ラボ,#動画ラボ,100,7,0,0
X,demo-market-003-5-00,2026-07-10T12:00:00Z,架空市場 運用メモ,運用メモ,#運用メモ,600,32,3,3
INSTAGRAM,demo-market-003-5-01,2026-07-10T12:00:00Z,架空市場 運用メモ,運用メモ,#運用メモ,600,33,3,3
X,demo-market-003-5-02,2026-07-10T12:00:00Z,架空市場 運用メモ,運用メモ,#運用メモ,600,33,3,3
INSTAGRAM,demo-market-003-5-03,2026-07-10T12:00:00Z,架空市場 運用メモ,運用メモ,#運用メモ,600,32,3,3
X,demo-market-003-5-04,2026-07-10T12:00:00Z,架空市場 運用メモ,運用メモ,#運用メモ,600,31,3,3
INSTAGRAM,demo-market-003-5-05,2026-07-10T12:00:00Z,架空市場 運用メモ,運用メモ,#運用メモ,600,33,3,3
X,demo-market-003-5-06,2026-07-10T12:00:00Z,架空市場 運用メモ,運用メモ,#運用メモ,600,31,3,3
INSTAGRAM,demo-market-003-5-07,2026-07-10T12:00:00Z,架空市場 運用メモ,運用メモ,#運用メモ,600,32,3,3
X,demo-market-003-5-08,2026-07-10T12:00:00Z,架空市場 運用メモ,運用メモ,#運用メモ,600,33,3,3
INSTAGRAM,demo-market-003-5-09,2026-07-10T12:00:00Z,架空市場 運用メモ,運用メモ,#運用メモ,600,32,3,3
X,demo-market-003-5-10,2026-07-10T12:00:00Z,架空市場 運用メモ,運用メモ,#運用メモ,600,33,3,3
INSTAGRAM,demo-market-003-5-11,2026-07-10T12:00:00Z,架空市場 運用メモ,運用メモ,#運用メモ,600,30,3,3
X,demo-market-004-0-00,2026-07-11T12:00:00Z,架空市場 生成AI研究,生成AI研究,#生成AI研究,1600,82,10,8
INSTAGRAM,demo-market-004-0-01,2026-07-11T12:00:00Z,架空市場 生成AI研究,生成AI研究,#生成AI研究,1600,83,10,8
X,demo-market-004-0-02,2026-07-11T12:00:00Z,架空市場 生成AI研究,生成AI研究,#生成AI研究,1600,82,10,8
INSTAGRAM,demo-market-004-0-03,2026-07-11T12:00:00Z,架空市場 生成AI研究,生成AI研究,#生成AI研究,1600,80,10,8
X,demo-market-004-0-04,2026-07-11T12:00:00Z,架空市場 生成AI研究,生成AI研究,#生成AI研究,1600,80,10,8
INSTAGRAM,demo-market-004-0-05,2026-07-11T12:00:00Z,架空市場 生成AI研究,生成AI研究,#生成AI研究,1600,80,10,8
X,demo-market-004-0-06,2026-07-11T12:00:00Z,架空市場 生成AI研究,生成AI研究,#生成AI研究,1600,83,10,8
INSTAGRAM,demo-market-004-0-07,2026-07-11T12:00:00Z,架空市場 生成AI研究,生成AI研究,#生成AI研究,1600,80,10,8
X,demo-market-004-0-08,2026-07-11T12:00:00Z,架空市場 生成AI研究,生成AI研究,#生成AI研究,1600,83,10,8
X,demo-market-004-1-00,2026-07-11T12:00:00Z,架空市場 効率化実験,効率化実験,#効率化実験,1600,81,10,8
INSTAGRAM,demo-market-004-1-01,2026-07-11T12:00:00Z,架空市場 効率化実験,効率化実験,#効率化実験,1600,82,10,8
X,demo-market-004-1-02,2026-07-11T12:00:00Z,架空市場 効率化実験,効率化実験,#効率化実験,1600,81,10,8
INSTAGRAM,demo-market-004-1-03,2026-07-11T12:00:00Z,架空市場 効率化実験,効率化実験,#効率化実験,1600,81,10,8
X,demo-market-004-1-04,2026-07-11T12:00:00Z,架空市場 効率化実験,効率化実験,#効率化実験,1600,80,10,8
INSTAGRAM,demo-market-004-1-05,2026-07-11T12:00:00Z,架空市場 効率化実験,効率化実験,#効率化実験,1600,80,10,8
X,demo-market-004-1-06,2026-07-11T12:00:00Z,架空市場 効率化実験,効率化実験,#効率化実験,1600,82,10,8
INSTAGRAM,demo-market-004-1-07,2026-07-11T12:00:00Z,架空市場 効率化実験,効率化実験,#効率化実験,1600,80,10,8
X,demo-market-004-2-00,2026-07-11T12:00:00Z,架空市場 エージェント検証,エージェント検証,#エージェント検証,1920,98,12,9
INSTAGRAM,demo-market-004-2-01,2026-07-11T12:00:00Z,架空市場 エージェント検証,エージェント検証,#エージェント検証,1920,97,12,9
X,demo-market-004-2-02,2026-07-11T12:00:00Z,架空市場 エージェント検証,エージェント検証,#エージェント検証,1920,97,12,9
INSTAGRAM,demo-market-004-2-03,2026-07-11T12:00:00Z,架空市場 エージェント検証,エージェント検証,#エージェント検証,1920,97,12,9
X,demo-market-004-2-04,2026-07-11T12:00:00Z,架空市場 エージェント検証,エージェント検証,#エージェント検証,1920,97,12,9
INSTAGRAM,demo-market-004-2-05,2026-07-11T12:00:00Z,架空市場 エージェント検証,エージェント検証,#エージェント検証,1920,96,12,9
X,demo-market-004-2-06,2026-07-11T12:00:00Z,架空市場 エージェント検証,エージェント検証,#エージェント検証,1920,98,12,9
INSTAGRAM,demo-market-004-2-07,2026-07-11T12:00:00Z,架空市場 エージェント検証,エージェント検証,#エージェント検証,1920,97,12,9
X,demo-market-004-2-08,2026-07-11T12:00:00Z,架空市場 エージェント検証,エージェント検証,#エージェント検証,1920,97,12,9
INSTAGRAM,demo-market-004-2-09,2026-07-11T12:00:00Z,架空市場 エージェント検証,エージェント検証,#エージェント検証,1920,99,12,9
X,demo-market-004-2-10,2026-07-11T12:00:00Z,架空市場 エージェント検証,エージェント検証,#エージェント検証,1920,97,12,9
INSTAGRAM,demo-market-004-2-11,2026-07-11T12:00:00Z,架空市場 エージェント検証,エージェント検証,#エージェント検証,1920,98,12,9
X,demo-market-004-3-00,2026-07-11T12:00:00Z,架空市場 分析ノート,分析ノート,#分析ノート,500,27,3,2
INSTAGRAM,demo-market-004-3-01,2026-07-11T12:00:00Z,架空市場 分析ノート,分析ノート,#分析ノート,500,26,3,2
X,demo-market-004-3-02,2026-07-11T12:00:00Z,架空市場 分析ノート,分析ノート,#分析ノート,500,25,3,2
INSTAGRAM,demo-market-004-3-03,2026-07-11T12:00:00Z,架空市場 分析ノート,分析ノート,#分析ノート,500,26,3,2
X,demo-market-004-3-04,2026-07-11T12:00:00Z,架空市場 分析ノート,分析ノート,#分析ノート,500,25,3,2
INSTAGRAM,demo-market-004-3-05,2026-07-11T12:00:00Z,架空市場 分析ノート,分析ノート,#分析ノート,500,27,3,2
X,demo-market-004-3-06,2026-07-11T12:00:00Z,架空市場 分析ノート,分析ノート,#分析ノート,500,28,3,2
INSTAGRAM,demo-market-004-3-07,2026-07-11T12:00:00Z,架空市場 分析ノート,分析ノート,#分析ノート,500,26,3,2
X,demo-market-004-4-00,2026-07-11T12:00:00Z,架空市場 動画ラボ,動画ラボ,#動画ラボ,100,8,0,0
INSTAGRAM,demo-market-004-4-01,2026-07-11T12:00:00Z,架空市場 動画ラボ,動画ラボ,#動画ラボ,100,8,0,0
X,demo-market-004-5-00,2026-07-11T12:00:00Z,架空市場 運用メモ,運用メモ,#運用メモ,600,31,3,3
INSTAGRAM,demo-market-004-5-01,2026-07-11T12:00:00Z,架空市場 運用メモ,運用メモ,#運用メモ,600,30,3,3
X,demo-market-004-5-02,2026-07-11T12:00:00Z,架空市場 運用メモ,運用メモ,#運用メモ,600,32,3,3
INSTAGRAM,demo-market-004-5-03,2026-07-11T12:00:00Z,架空市場 運用メモ,運用メモ,#運用メモ,600,33,3,3
X,demo-market-004-5-04,2026-07-11T12:00:00Z,架空市場 運用メモ,運用メモ,#運用メモ,600,31,3,3
INSTAGRAM,demo-market-004-5-05,2026-07-11T12:00:00Z,架空市場 運用メモ,運用メモ,#運用メモ,600,33,3,3
X,demo-market-004-5-06,2026-07-11T12:00:00Z,架空市場 運用メモ,運用メモ,#運用メモ,600,33,3,3
INSTAGRAM,demo-market-004-5-07,2026-07-11T12:00:00Z,架空市場 運用メモ,運用メモ,#運用メモ,600,31,3,3
X,demo-market-004-5-08,2026-07-11T12:00:00Z,架空市場 運用メモ,運用メモ,#運用メモ,600,30,3,3
INSTAGRAM,demo-market-004-5-09,2026-07-11T12:00:00Z,架空市場 運用メモ,運用メモ,#運用メモ,600,30,3,3
X,demo-market-004-5-10,2026-07-11T12:00:00Z,架空市場 運用メモ,運用メモ,#運用メモ,600,32,3,3
X,demo-market-005-0-00,2026-07-12T12:00:00Z,架空市場 生成AI研究,生成AI研究,#生成AI研究,1600,82,10,8
INSTAGRAM,demo-market-005-0-01,2026-07-12T12:00:00Z,架空市場 生成AI研究,生成AI研究,#生成AI研究,1600,80,10,8
X,demo-market-005-0-02,2026-07-12T12:00:00Z,架空市場 生成AI研究,生成AI研究,#生成AI研究,1600,82,10,8
INSTAGRAM,demo-market-005-0-03,2026-07-12T12:00:00Z,架空市場 生成AI研究,生成AI研究,#生成AI研究,1600,83,10,8
X,demo-market-005-0-04,2026-07-12T12:00:00Z,架空市場 生成AI研究,生成AI研究,#生成AI研究,1600,80,10,8
INSTAGRAM,demo-market-005-0-05,2026-07-12T12:00:00Z,架空市場 生成AI研究,生成AI研究,#生成AI研究,1600,81,10,8
X,demo-market-005-0-06,2026-07-12T12:00:00Z,架空市場 生成AI研究,生成AI研究,#生成AI研究,1600,83,10,8
INSTAGRAM,demo-market-005-0-07,2026-07-12T12:00:00Z,架空市場 生成AI研究,生成AI研究,#生成AI研究,1600,80,10,8
X,demo-market-005-0-08,2026-07-12T12:00:00Z,架空市場 生成AI研究,生成AI研究,#生成AI研究,1600,82,10,8
X,demo-market-005-1-00,2026-07-12T12:00:00Z,架空市場 効率化実験,効率化実験,#効率化実験,1600,82,10,8
INSTAGRAM,demo-market-005-1-01,2026-07-12T12:00:00Z,架空市場 効率化実験,効率化実験,#効率化実験,1600,82,10,8
X,demo-market-005-1-02,2026-07-12T12:00:00Z,架空市場 効率化実験,効率化実験,#効率化実験,1600,83,10,8
INSTAGRAM,demo-market-005-1-03,2026-07-12T12:00:00Z,架空市場 効率化実験,効率化実験,#効率化実験,1600,83,10,8
X,demo-market-005-1-04,2026-07-12T12:00:00Z,架空市場 効率化実験,効率化実験,#効率化実験,1600,80,10,8
INSTAGRAM,demo-market-005-1-05,2026-07-12T12:00:00Z,架空市場 効率化実験,効率化実験,#効率化実験,1600,80,10,8
X,demo-market-005-1-06,2026-07-12T12:00:00Z,架空市場 効率化実験,効率化実験,#効率化実験,1600,83,10,8
INSTAGRAM,demo-market-005-1-07,2026-07-12T12:00:00Z,架空市場 効率化実験,効率化実験,#効率化実験,1600,80,10,8
X,demo-market-005-2-00,2026-07-12T12:00:00Z,架空市場 エージェント検証,エージェント検証,#エージェント検証,1900,96,11,9
INSTAGRAM,demo-market-005-2-01,2026-07-12T12:00:00Z,架空市場 エージェント検証,エージェント検証,#エージェント検証,1900,95,11,9
X,demo-market-005-2-02,2026-07-12T12:00:00Z,架空市場 エージェント検証,エージェント検証,#エージェント検証,1900,96,11,9
INSTAGRAM,demo-market-005-2-03,2026-07-12T12:00:00Z,架空市場 エージェント検証,エージェント検証,#エージェント検証,1900,96,11,9
X,demo-market-005-2-04,2026-07-12T12:00:00Z,架空市場 エージェント検証,エージェント検証,#エージェント検証,1900,96,11,9
INSTAGRAM,demo-market-005-2-05,2026-07-12T12:00:00Z,架空市場 エージェント検証,エージェント検証,#エージェント検証,1900,98,11,9
X,demo-market-005-2-06,2026-07-12T12:00:00Z,架空市場 エージェント検証,エージェント検証,#エージェント検証,1900,97,11,9
INSTAGRAM,demo-market-005-2-07,2026-07-12T12:00:00Z,架空市場 エージェント検証,エージェント検証,#エージェント検証,1900,95,11,9
X,demo-market-005-2-08,2026-07-12T12:00:00Z,架空市場 エージェント検証,エージェント検証,#エージェント検証,1900,97,11,9
INSTAGRAM,demo-market-005-2-09,2026-07-12T12:00:00Z,架空市場 エージェント検証,エージェント検証,#エージェント検証,1900,95,11,9
X,demo-market-005-2-10,2026-07-12T12:00:00Z,架空市場 エージェント検証,エージェント検証,#エージェント検証,1900,95,11,9
INSTAGRAM,demo-market-005-2-11,2026-07-12T12:00:00Z,架空市場 エージェント検証,エージェント検証,#エージェント検証,1900,96,11,9
X,demo-market-005-3-00,2026-07-12T12:00:00Z,架空市場 分析ノート,分析ノート,#分析ノート,500,25,3,2
INSTAGRAM,demo-market-005-3-01,2026-07-12T12:00:00Z,架空市場 分析ノート,分析ノート,#分析ノート,500,26,3,2
X,demo-market-005-3-02,2026-07-12T12:00:00Z,架空市場 分析ノート,分析ノート,#分析ノート,500,27,3,2
INSTAGRAM,demo-market-005-3-03,2026-07-12T12:00:00Z,架空市場 分析ノート,分析ノート,#分析ノート,500,28,3,2
X,demo-market-005-3-04,2026-07-12T12:00:00Z,架空市場 分析ノート,分析ノート,#分析ノート,500,28,3,2
INSTAGRAM,demo-market-005-3-05,2026-07-12T12:00:00Z,架空市場 分析ノート,分析ノート,#分析ノート,500,25,3,2
X,demo-market-005-3-06,2026-07-12T12:00:00Z,架空市場 分析ノート,分析ノート,#分析ノート,500,28,3,2
INSTAGRAM,demo-market-005-3-07,2026-07-12T12:00:00Z,架空市場 分析ノート,分析ノート,#分析ノート,500,25,3,2
X,demo-market-005-4-00,2026-07-12T12:00:00Z,架空市場 動画ラボ,動画ラボ,#動画ラボ,100,8,0,0
INSTAGRAM,demo-market-005-4-01,2026-07-12T12:00:00Z,架空市場 動画ラボ,動画ラボ,#動画ラボ,100,7,0,0
X,demo-market-005-5-00,2026-07-12T12:00:00Z,架空市場 運用メモ,運用メモ,#運用メモ,600,33,3,3
INSTAGRAM,demo-market-005-5-01,2026-07-12T12:00:00Z,架空市場 運用メモ,運用メモ,#運用メモ,600,33,3,3
X,demo-market-005-5-02,2026-07-12T12:00:00Z,架空市場 運用メモ,運用メモ,#運用メモ,600,31,3,3
INSTAGRAM,demo-market-005-5-03,2026-07-12T12:00:00Z,架空市場 運用メモ,運用メモ,#運用メモ,600,33,3,3
X,demo-market-005-5-04,2026-07-12T12:00:00Z,架空市場 運用メモ,運用メモ,#運用メモ,600,30,3,3
INSTAGRAM,demo-market-005-5-05,2026-07-12T12:00:00Z,架空市場 運用メモ,運用メモ,#運用メモ,600,33,3,3
X,demo-market-005-5-06,2026-07-12T12:00:00Z,架空市場 運用メモ,運用メモ,#運用メモ,600,32,3,3
INSTAGRAM,demo-market-005-5-07,2026-07-12T12:00:00Z,架空市場 運用メモ,運用メモ,#運用メモ,600,32,3,3
X,demo-market-005-5-08,2026-07-12T12:00:00Z,架空市場 運用メモ,運用メモ,#運用メモ,600,32,3,3
INSTAGRAM,demo-market-005-5-09,2026-07-12T12:00:00Z,架空市場 運用メモ,運用メモ,#運用メモ,600,32,3,3
X,demo-market-005-5-10,2026-07-12T12:00:00Z,架空市場 運用メモ,運用メモ,#運用メモ,600,33,3,3
X,demo-market-006-0-00,2026-07-13T12:00:00Z,架空市場 生成AI研究,生成AI研究,#生成AI研究,1600,83,10,8
INSTAGRAM,demo-market-006-0-01,2026-07-13T12:00:00Z,架空市場 生成AI研究,生成AI研究,#生成AI研究,1600,81,10,8
X,demo-market-006-0-02,2026-07-13T12:00:00Z,架空市場 生成AI研究,生成AI研究,#生成AI研究,1600,82,10,8
INSTAGRAM,demo-market-006-0-03,2026-07-13T12:00:00Z,架空市場 生成AI研究,生成AI研究,#生成AI研究,1600,83,10,8
X,demo-market-006-0-04,2026-07-13T12:00:00Z,架空市場 生成AI研究,生成AI研究,#生成AI研究,1600,83,10,8
INSTAGRAM,demo-market-006-0-05,2026-07-13T12:00:00Z,架空市場 生成AI研究,生成AI研究,#生成AI研究,1600,83,10,8
X,demo-market-006-0-06,2026-07-13T12:00:00Z,架空市場 生成AI研究,生成AI研究,#生成AI研究,1600,81,10,8
INSTAGRAM,demo-market-006-0-07,2026-07-13T12:00:00Z,架空市場 生成AI研究,生成AI研究,#生成AI研究,1600,81,10,8
X,demo-market-006-0-08,2026-07-13T12:00:00Z,架空市場 生成AI研究,生成AI研究,#生成AI研究,1600,83,10,8
INSTAGRAM,demo-market-006-0-09,2026-07-13T12:00:00Z,架空市場 生成AI研究,生成AI研究,#生成AI研究,1600,80,10,8
X,demo-market-006-1-00,2026-07-13T12:00:00Z,架空市場 効率化実験,効率化実験,#効率化実験,1600,81,10,8
INSTAGRAM,demo-market-006-1-01,2026-07-13T12:00:00Z,架空市場 効率化実験,効率化実験,#効率化実験,1600,80,10,8
X,demo-market-006-1-02,2026-07-13T12:00:00Z,架空市場 効率化実験,効率化実験,#効率化実験,1600,82,10,8
INSTAGRAM,demo-market-006-1-03,2026-07-13T12:00:00Z,架空市場 効率化実験,効率化実験,#効率化実験,1600,80,10,8
X,demo-market-006-1-04,2026-07-13T12:00:00Z,架空市場 効率化実験,効率化実験,#効率化実験,1600,80,10,8
INSTAGRAM,demo-market-006-1-05,2026-07-13T12:00:00Z,架空市場 効率化実験,効率化実験,#効率化実験,1600,80,10,8
X,demo-market-006-1-06,2026-07-13T12:00:00Z,架空市場 効率化実験,効率化実験,#効率化実験,1600,80,10,8
INSTAGRAM,demo-market-006-1-07,2026-07-13T12:00:00Z,架空市場 効率化実験,効率化実験,#効率化実験,1600,82,10,8
X,demo-market-006-2-00,2026-07-13T12:00:00Z,架空市場 エージェント検証,エージェント検証,#エージェント検証,1880,94,11,9
INSTAGRAM,demo-market-006-2-01,2026-07-13T12:00:00Z,架空市場 エージェント検証,エージェント検証,#エージェント検証,1880,96,11,9
X,demo-market-006-2-02,2026-07-13T12:00:00Z,架空市場 エージェント検証,エージェント検証,#エージェント検証,1880,94,11,9
INSTAGRAM,demo-market-006-2-03,2026-07-13T12:00:00Z,架空市場 エージェント検証,エージェント検証,#エージェント検証,1880,95,11,9
X,demo-market-006-2-04,2026-07-13T12:00:00Z,架空市場 エージェント検証,エージェント検証,#エージェント検証,1880,96,11,9
INSTAGRAM,demo-market-006-2-05,2026-07-13T12:00:00Z,架空市場 エージェント検証,エージェント検証,#エージェント検証,1880,97,11,9
X,demo-market-006-2-06,2026-07-13T12:00:00Z,架空市場 エージェント検証,エージェント検証,#エージェント検証,1880,95,11,9
INSTAGRAM,demo-market-006-2-07,2026-07-13T12:00:00Z,架空市場 エージェント検証,エージェント検証,#エージェント検証,1880,94,11,9
X,demo-market-006-2-08,2026-07-13T12:00:00Z,架空市場 エージェント検証,エージェント検証,#エージェント検証,1880,95,11,9
INSTAGRAM,demo-market-006-2-09,2026-07-13T12:00:00Z,架空市場 エージェント検証,エージェント検証,#エージェント検証,1880,96,11,9
X,demo-market-006-2-10,2026-07-13T12:00:00Z,架空市場 エージェント検証,エージェント検証,#エージェント検証,1880,96,11,9
INSTAGRAM,demo-market-006-2-11,2026-07-13T12:00:00Z,架空市場 エージェント検証,エージェント検証,#エージェント検証,1880,97,11,9
X,demo-market-006-3-00,2026-07-13T12:00:00Z,架空市場 分析ノート,分析ノート,#分析ノート,500,25,3,2
INSTAGRAM,demo-market-006-3-01,2026-07-13T12:00:00Z,架空市場 分析ノート,分析ノート,#分析ノート,500,28,3,2
X,demo-market-006-3-02,2026-07-13T12:00:00Z,架空市場 分析ノート,分析ノート,#分析ノート,500,26,3,2
INSTAGRAM,demo-market-006-3-03,2026-07-13T12:00:00Z,架空市場 分析ノート,分析ノート,#分析ノート,500,25,3,2
X,demo-market-006-3-04,2026-07-13T12:00:00Z,架空市場 分析ノート,分析ノート,#分析ノート,500,28,3,2
INSTAGRAM,demo-market-006-3-05,2026-07-13T12:00:00Z,架空市場 分析ノート,分析ノート,#分析ノート,500,25,3,2
X,demo-market-006-3-06,2026-07-13T12:00:00Z,架空市場 分析ノート,分析ノート,#分析ノート,500,27,3,2
INSTAGRAM,demo-market-006-3-07,2026-07-13T12:00:00Z,架空市場 分析ノート,分析ノート,#分析ノート,500,26,3,2
X,demo-market-006-4-00,2026-07-13T12:00:00Z,架空市場 動画ラボ,動画ラボ,#動画ラボ,100,7,0,0
X,demo-market-006-5-00,2026-07-13T12:00:00Z,架空市場 運用メモ,運用メモ,#運用メモ,600,31,3,3
INSTAGRAM,demo-market-006-5-01,2026-07-13T12:00:00Z,架空市場 運用メモ,運用メモ,#運用メモ,600,32,3,3
X,demo-market-006-5-02,2026-07-13T12:00:00Z,架空市場 運用メモ,運用メモ,#運用メモ,600,33,3,3
INSTAGRAM,demo-market-006-5-03,2026-07-13T12:00:00Z,架空市場 運用メモ,運用メモ,#運用メモ,600,33,3,3
X,demo-market-006-5-04,2026-07-13T12:00:00Z,架空市場 運用メモ,運用メモ,#運用メモ,600,32,3,3
INSTAGRAM,demo-market-006-5-05,2026-07-13T12:00:00Z,架空市場 運用メモ,運用メモ,#運用メモ,600,31,3,3
X,demo-market-006-5-06,2026-07-13T12:00:00Z,架空市場 運用メモ,運用メモ,#運用メモ,600,31,3,3
INSTAGRAM,demo-market-006-5-07,2026-07-13T12:00:00Z,架空市場 運用メモ,運用メモ,#運用メモ,600,31,3,3
X,demo-market-006-5-08,2026-07-13T12:00:00Z,架空市場 運用メモ,運用メモ,#運用メモ,600,32,3,3
INSTAGRAM,demo-market-006-5-09,2026-07-13T12:00:00Z,架空市場 運用メモ,運用メモ,#運用メモ,600,31,3,3
X,demo-market-006-5-10,2026-07-13T12:00:00Z,架空市場 運用メモ,運用メモ,#運用メモ,600,33,3,3
X,demo-market-007-0-00,2026-07-14T12:00:00Z,架空市場 生成AI研究,生成AI研究,#生成AI研究,1600,83,10,8
INSTAGRAM,demo-market-007-0-01,2026-07-14T12:00:00Z,架空市場 生成AI研究,生成AI研究,#生成AI研究,1600,82,10,8
X,demo-market-007-0-02,2026-07-14T12:00:00Z,架空市場 生成AI研究,生成AI研究,#生成AI研究,1600,83,10,8
INSTAGRAM,demo-market-007-0-03,2026-07-14T12:00:00Z,架空市場 生成AI研究,生成AI研究,#生成AI研究,1600,80,10,8
X,demo-market-007-0-04,2026-07-14T12:00:00Z,架空市場 生成AI研究,生成AI研究,#生成AI研究,1600,80,10,8
INSTAGRAM,demo-market-007-0-05,2026-07-14T12:00:00Z,架空市場 生成AI研究,生成AI研究,#生成AI研究,1600,81,10,8
X,demo-market-007-0-06,2026-07-14T12:00:00Z,架空市場 生成AI研究,生成AI研究,#生成AI研究,1600,83,10,8
INSTAGRAM,demo-market-007-0-07,2026-07-14T12:00:00Z,架空市場 生成AI研究,生成AI研究,#生成AI研究,1600,81,10,8
X,demo-market-007-0-08,2026-07-14T12:00:00Z,架空市場 生成AI研究,生成AI研究,#生成AI研究,1600,81,10,8
INSTAGRAM,demo-market-007-0-09,2026-07-14T12:00:00Z,架空市場 生成AI研究,生成AI研究,#生成AI研究,1600,83,10,8
X,demo-market-007-1-00,2026-07-14T12:00:00Z,架空市場 効率化実験,効率化実験,#効率化実験,1600,81,10,8
INSTAGRAM,demo-market-007-1-01,2026-07-14T12:00:00Z,架空市場 効率化実験,効率化実験,#効率化実験,1600,83,10,8
X,demo-market-007-1-02,2026-07-14T12:00:00Z,架空市場 効率化実験,効率化実験,#効率化実験,1600,83,10,8
INSTAGRAM,demo-market-007-1-03,2026-07-14T12:00:00Z,架空市場 効率化実験,効率化実験,#効率化実験,1600,80,10,8
X,demo-market-007-1-04,2026-07-14T12:00:00Z,架空市場 効率化実験,効率化実験,#効率化実験,1600,81,10,8
INSTAGRAM,demo-market-007-1-05,2026-07-14T12:00:00Z,架空市場 効率化実験,効率化実験,#効率化実験,1600,82,10,8
X,demo-market-007-1-06,2026-07-14T12:00:00Z,架空市場 効率化実験,効率化実験,#効率化実験,1600,82,10,8
INSTAGRAM,demo-market-007-1-07,2026-07-14T12:00:00Z,架空市場 効率化実験,効率化実験,#効率化実験,1600,80,10,8
X,demo-market-007-1-08,2026-07-14T12:00:00Z,架空市場 効率化実験,効率化実験,#効率化実験,1600,81,10,8
X,demo-market-007-2-00,2026-07-14T12:00:00Z,架空市場 エージェント検証,エージェント検証,#エージェント検証,1860,96,11,9
INSTAGRAM,demo-market-007-2-01,2026-07-14T12:00:00Z,架空市場 エージェント検証,エージェント検証,#エージェント検証,1860,95,11,9
X,demo-market-007-2-02,2026-07-14T12:00:00Z,架空市場 エージェント検証,エージェント検証,#エージェント検証,1860,94,11,9
INSTAGRAM,demo-market-007-2-03,2026-07-14T12:00:00Z,架空市場 エージェント検証,エージェント検証,#エージェント検証,1860,93,11,9
X,demo-market-007-2-04,2026-07-14T12:00:00Z,架空市場 エージェント検証,エージェント検証,#エージェント検証,1860,93,11,9
INSTAGRAM,demo-market-007-2-05,2026-07-14T12:00:00Z,架空市場 エージェント検証,エージェント検証,#エージェント検証,1860,94,11,9
X,demo-market-007-2-06,2026-07-14T12:00:00Z,架空市場 エージェント検証,エージェント検証,#エージェント検証,1860,94,11,9
INSTAGRAM,demo-market-007-2-07,2026-07-14T12:00:00Z,架空市場 エージェント検証,エージェント検証,#エージェント検証,1860,96,11,9
X,demo-market-007-2-08,2026-07-14T12:00:00Z,架空市場 エージェント検証,エージェント検証,#エージェント検証,1860,94,11,9
INSTAGRAM,demo-market-007-2-09,2026-07-14T12:00:00Z,架空市場 エージェント検証,エージェント検証,#エージェント検証,1860,94,11,9
X,demo-market-007-2-10,2026-07-14T12:00:00Z,架空市場 エージェント検証,エージェント検証,#エージェント検証,1860,96,11,9
INSTAGRAM,demo-market-007-2-11,2026-07-14T12:00:00Z,架空市場 エージェント検証,エージェント検証,#エージェント検証,1860,95,11,9
X,demo-market-007-3-00,2026-07-14T12:00:00Z,架空市場 分析ノート,分析ノート,#分析ノート,500,27,3,2
INSTAGRAM,demo-market-007-3-01,2026-07-14T12:00:00Z,架空市場 分析ノート,分析ノート,#分析ノート,500,27,3,2
X,demo-market-007-3-02,2026-07-14T12:00:00Z,架空市場 分析ノート,分析ノート,#分析ノート,500,25,3,2
INSTAGRAM,demo-market-007-3-03,2026-07-14T12:00:00Z,架空市場 分析ノート,分析ノート,#分析ノート,500,25,3,2
X,demo-market-007-3-04,2026-07-14T12:00:00Z,架空市場 分析ノート,分析ノート,#分析ノート,500,27,3,2
INSTAGRAM,demo-market-007-3-05,2026-07-14T12:00:00Z,架空市場 分析ノート,分析ノート,#分析ノート,500,27,3,2
X,demo-market-007-3-06,2026-07-14T12:00:00Z,架空市場 分析ノート,分析ノート,#分析ノート,500,27,3,2
INSTAGRAM,demo-market-007-3-07,2026-07-14T12:00:00Z,架空市場 分析ノート,分析ノート,#分析ノート,500,27,3,2
X,demo-market-007-4-00,2026-07-14T12:00:00Z,架空市場 動画ラボ,動画ラボ,#動画ラボ,100,7,0,0
X,demo-market-007-5-00,2026-07-14T12:00:00Z,架空市場 運用メモ,運用メモ,#運用メモ,600,33,3,3
INSTAGRAM,demo-market-007-5-01,2026-07-14T12:00:00Z,架空市場 運用メモ,運用メモ,#運用メモ,600,33,3,3
X,demo-market-007-5-02,2026-07-14T12:00:00Z,架空市場 運用メモ,運用メモ,#運用メモ,600,31,3,3
INSTAGRAM,demo-market-007-5-03,2026-07-14T12:00:00Z,架空市場 運用メモ,運用メモ,#運用メモ,600,31,3,3
X,demo-market-007-5-04,2026-07-14T12:00:00Z,架空市場 運用メモ,運用メモ,#運用メモ,600,31,3,3
INSTAGRAM,demo-market-007-5-05,2026-07-14T12:00:00Z,架空市場 運用メモ,運用メモ,#運用メモ,600,30,3,3
X,demo-market-007-5-06,2026-07-14T12:00:00Z,架空市場 運用メモ,運用メモ,#運用メモ,600,31,3,3
INSTAGRAM,demo-market-007-5-07,2026-07-14T12:00:00Z,架空市場 運用メモ,運用メモ,#運用メモ,600,32,3,3
X,demo-market-007-5-08,2026-07-14T12:00:00Z,架空市場 運用メモ,運用メモ,#運用メモ,600,31,3,3
INSTAGRAM,demo-market-007-5-09,2026-07-14T12:00:00Z,架空市場 運用メモ,運用メモ,#運用メモ,600,31,3,3
X,demo-market-008-0-00,2026-07-15T12:00:00Z,架空市場 生成AI研究,生成AI研究,#生成AI研究,1600,80,10,8
INSTAGRAM,demo-market-008-0-01,2026-07-15T12:00:00Z,架空市場 生成AI研究,生成AI研究,#生成AI研究,1600,82,10,8
X,demo-market-008-0-02,2026-07-15T12:00:00Z,架空市場 生成AI研究,生成AI研究,#生成AI研究,1600,80,10,8
INSTAGRAM,demo-market-008-0-03,2026-07-15T12:00:00Z,架空市場 生成AI研究,生成AI研究,#生成AI研究,1600,83,10,8
X,demo-market-008-0-04,2026-07-15T12:00:00Z,架空市場 生成AI研究,生成AI研究,#生成AI研究,1600,80,10,8
INSTAGRAM,demo-market-008-0-05,2026-07-15T12:00:00Z,架空市場 生成AI研究,生成AI研究,#生成AI研究,1600,83,10,8
X,demo-market-008-0-06,2026-07-15T12:00:00Z,架空市場 生成AI研究,生成AI研究,#生成AI研究,1600,80,10,8
INSTAGRAM,demo-market-008-0-07,2026-07-15T12:00:00Z,架空市場 生成AI研究,生成AI研究,#生成AI研究,1600,81,10,8
X,demo-market-008-0-08,2026-07-15T12:00:00Z,架空市場 生成AI研究,生成AI研究,#生成AI研究,1600,81,10,8
INSTAGRAM,demo-market-008-0-09,2026-07-15T12:00:00Z,架空市場 生成AI研究,生成AI研究,#生成AI研究,1600,81,10,8
X,demo-market-008-1-00,2026-07-15T12:00:00Z,架空市場 効率化実験,効率化実験,#効率化実験,1600,82,10,8
INSTAGRAM,demo-market-008-1-01,2026-07-15T12:00:00Z,架空市場 効率化実験,効率化実験,#効率化実験,1600,81,10,8
X,demo-market-008-1-02,2026-07-15T12:00:00Z,架空市場 効率化実験,効率化実験,#効率化実験,1600,81,10,8
INSTAGRAM,demo-market-008-1-03,2026-07-15T12:00:00Z,架空市場 効率化実験,効率化実験,#効率化実験,1600,83,10,8
X,demo-market-008-1-04,2026-07-15T12:00:00Z,架空市場 効率化実験,効率化実験,#効率化実験,1600,80,10,8
INSTAGRAM,demo-market-008-1-05,2026-07-15T12:00:00Z,架空市場 効率化実験,効率化実験,#効率化実験,1600,82,10,8
X,demo-market-008-1-06,2026-07-15T12:00:00Z,架空市場 効率化実験,効率化実験,#効率化実験,1600,83,10,8
INSTAGRAM,demo-market-008-1-07,2026-07-15T12:00:00Z,架空市場 効率化実験,効率化実験,#効率化実験,1600,81,10,8
X,demo-market-008-1-08,2026-07-15T12:00:00Z,架空市場 効率化実験,効率化実験,#効率化実験,1600,82,10,8
X,demo-market-008-2-00,2026-07-15T12:00:00Z,架空市場 エージェント検証,エージェント検証,#エージェント検証,1840,95,11,9
INSTAGRAM,demo-market-008-2-01,2026-07-15T12:00:00Z,架空市場 エージェント検証,エージェント検証,#エージェント検証,1840,95,11,9
X,demo-market-008-2-02,2026-07-15T12:00:00Z,架空市場 エージェント検証,エージェント検証,#エージェント検証,1840,94,11,9
INSTAGRAM,demo-market-008-2-03,2026-07-15T12:00:00Z,架空市場 エージェント検証,エージェント検証,#エージェント検証,1840,93,11,9
X,demo-market-008-2-04,2026-07-15T12:00:00Z,架空市場 エージェント検証,エージェント検証,#エージェント検証,1840,94,11,9
INSTAGRAM,demo-market-008-2-05,2026-07-15T12:00:00Z,架空市場 エージェント検証,エージェント検証,#エージェント検証,1840,92,11,9
X,demo-market-008-2-06,2026-07-15T12:00:00Z,架空市場 エージェント検証,エージェント検証,#エージェント検証,1840,92,11,9
INSTAGRAM,demo-market-008-2-07,2026-07-15T12:00:00Z,架空市場 エージェント検証,エージェント検証,#エージェント検証,1840,94,11,9
X,demo-market-008-2-08,2026-07-15T12:00:00Z,架空市場 エージェント検証,エージェント検証,#エージェント検証,1840,92,11,9
INSTAGRAM,demo-market-008-2-09,2026-07-15T12:00:00Z,架空市場 エージェント検証,エージェント検証,#エージェント検証,1840,92,11,9
X,demo-market-008-2-10,2026-07-15T12:00:00Z,架空市場 エージェント検証,エージェント検証,#エージェント検証,1840,94,11,9
INSTAGRAM,demo-market-008-2-11,2026-07-15T12:00:00Z,架空市場 エージェント検証,エージェント検証,#エージェント検証,1840,95,11,9
X,demo-market-008-3-00,2026-07-15T12:00:00Z,架空市場 分析ノート,分析ノート,#分析ノート,500,25,3,2
INSTAGRAM,demo-market-008-3-01,2026-07-15T12:00:00Z,架空市場 分析ノート,分析ノート,#分析ノート,500,28,3,2
X,demo-market-008-3-02,2026-07-15T12:00:00Z,架空市場 分析ノート,分析ノート,#分析ノート,500,28,3,2
INSTAGRAM,demo-market-008-3-03,2026-07-15T12:00:00Z,架空市場 分析ノート,分析ノート,#分析ノート,500,27,3,2
X,demo-market-008-3-04,2026-07-15T12:00:00Z,架空市場 分析ノート,分析ノート,#分析ノート,500,28,3,2
INSTAGRAM,demo-market-008-3-05,2026-07-15T12:00:00Z,架空市場 分析ノート,分析ノート,#分析ノート,500,27,3,2
X,demo-market-008-3-06,2026-07-15T12:00:00Z,架空市場 分析ノート,分析ノート,#分析ノート,500,25,3,2
INSTAGRAM,demo-market-008-3-07,2026-07-15T12:00:00Z,架空市場 分析ノート,分析ノート,#分析ノート,500,25,3,2
X,demo-market-008-4-00,2026-07-15T12:00:00Z,架空市場 動画ラボ,動画ラボ,#動画ラボ,100,8,0,0
X,demo-market-008-5-00,2026-07-15T12:00:00Z,架空市場 運用メモ,運用メモ,#運用メモ,600,31,3,3
INSTAGRAM,demo-market-008-5-01,2026-07-15T12:00:00Z,架空市場 運用メモ,運用メモ,#運用メモ,600,30,3,3
X,demo-market-008-5-02,2026-07-15T12:00:00Z,架空市場 運用メモ,運用メモ,#運用メモ,600,33,3,3
INSTAGRAM,demo-market-008-5-03,2026-07-15T12:00:00Z,架空市場 運用メモ,運用メモ,#運用メモ,600,31,3,3
X,demo-market-008-5-04,2026-07-15T12:00:00Z,架空市場 運用メモ,運用メモ,#運用メモ,600,30,3,3
INSTAGRAM,demo-market-008-5-05,2026-07-15T12:00:00Z,架空市場 運用メモ,運用メモ,#運用メモ,600,33,3,3
X,demo-market-008-5-06,2026-07-15T12:00:00Z,架空市場 運用メモ,運用メモ,#運用メモ,600,32,3,3
INSTAGRAM,demo-market-008-5-07,2026-07-15T12:00:00Z,架空市場 運用メモ,運用メモ,#運用メモ,600,30,3,3
X,demo-market-008-5-08,2026-07-15T12:00:00Z,架空市場 運用メモ,運用メモ,#運用メモ,600,32,3,3
INSTAGRAM,demo-market-008-5-09,2026-07-15T12:00:00Z,架空市場 運用メモ,運用メモ,#運用メモ,600,32,3,3
X,demo-market-009-0-00,2026-07-16T12:00:00Z,架空市場 生成AI研究,生成AI研究,#生成AI研究,1600,83,10,8
INSTAGRAM,demo-market-009-0-01,2026-07-16T12:00:00Z,架空市場 生成AI研究,生成AI研究,#生成AI研究,1600,80,10,8
X,demo-market-009-0-02,2026-07-16T12:00:00Z,架空市場 生成AI研究,生成AI研究,#生成AI研究,1600,82,10,8
INSTAGRAM,demo-market-009-0-03,2026-07-16T12:00:00Z,架空市場 生成AI研究,生成AI研究,#生成AI研究,1600,80,10,8
X,demo-market-009-0-04,2026-07-16T12:00:00Z,架空市場 生成AI研究,生成AI研究,#生成AI研究,1600,80,10,8
INSTAGRAM,demo-market-009-0-05,2026-07-16T12:00:00Z,架空市場 生成AI研究,生成AI研究,#生成AI研究,1600,83,10,8
X,demo-market-009-0-06,2026-07-16T12:00:00Z,架空市場 生成AI研究,生成AI研究,#生成AI研究,1600,81,10,8
INSTAGRAM,demo-market-009-0-07,2026-07-16T12:00:00Z,架空市場 生成AI研究,生成AI研究,#生成AI研究,1600,80,10,8
X,demo-market-009-0-08,2026-07-16T12:00:00Z,架空市場 生成AI研究,生成AI研究,#生成AI研究,1600,81,10,8
INSTAGRAM,demo-market-009-0-09,2026-07-16T12:00:00Z,架空市場 生成AI研究,生成AI研究,#生成AI研究,1600,82,10,8
X,demo-market-009-1-00,2026-07-16T12:00:00Z,架空市場 効率化実験,効率化実験,#効率化実験,1600,81,10,8
INSTAGRAM,demo-market-009-1-01,2026-07-16T12:00:00Z,架空市場 効率化実験,効率化実験,#効率化実験,1600,80,10,8
X,demo-market-009-1-02,2026-07-16T12:00:00Z,架空市場 効率化実験,効率化実験,#効率化実験,1600,81,10,8
INSTAGRAM,demo-market-009-1-03,2026-07-16T12:00:00Z,架空市場 効率化実験,効率化実験,#効率化実験,1600,83,10,8
X,demo-market-009-1-04,2026-07-16T12:00:00Z,架空市場 効率化実験,効率化実験,#効率化実験,1600,80,10,8
INSTAGRAM,demo-market-009-1-05,2026-07-16T12:00:00Z,架空市場 効率化実験,効率化実験,#効率化実験,1600,80,10,8
X,demo-market-009-1-06,2026-07-16T12:00:00Z,架空市場 効率化実験,効率化実験,#効率化実験,1600,83,10,8
INSTAGRAM,demo-market-009-1-07,2026-07-16T12:00:00Z,架空市場 効率化実験,効率化実験,#効率化実験,1600,80,10,8
X,demo-market-009-1-08,2026-07-16T12:00:00Z,架空市場 効率化実験,効率化実験,#効率化実験,1600,82,10,8
X,demo-market-009-2-00,2026-07-16T12:00:00Z,架空市場 エージェント検証,エージェント検証,#エージェント検証,1820,93,11,9
INSTAGRAM,demo-market-009-2-01,2026-07-16T12:00:00Z,架空市場 エージェント検証,エージェント検証,#エージェント検証,1820,94,11,9
X,demo-market-009-2-02,2026-07-16T12:00:00Z,架空市場 エージェント検証,エージェント検証,#エージェント検証,1820,91,11,9
INSTAGRAM,demo-market-009-2-03,2026-07-16T12:00:00Z,架空市場 エージェント検証,エージェント検証,#エージェント検証,1820,94,11,9
X,demo-market-009-2-04,2026-07-16T12:00:00Z,架空市場 エージェント検証,エージェント検証,#エージェント検証,1820,93,11,9
INSTAGRAM,demo-market-009-2-05,2026-07-16T12:00:00Z,架空市場 エージェント検証,エージェント検証,#エージェント検証,1820,91,11,9
X,demo-market-009-2-06,2026-07-16T12:00:00Z,架空市場 エージェント検証,エージェント検証,#エージェント検証,1820,94,11,9
INSTAGRAM,demo-market-009-2-07,2026-07-16T12:00:00Z,架空市場 エージェント検証,エージェント検証,#エージェント検証,1820,91,11,9
X,demo-market-009-2-08,2026-07-16T12:00:00Z,架空市場 エージェント検証,エージェント検証,#エージェント検証,1820,91,11,9
INSTAGRAM,demo-market-009-2-09,2026-07-16T12:00:00Z,架空市場 エージェント検証,エージェント検証,#エージェント検証,1820,93,11,9
X,demo-market-009-2-10,2026-07-16T12:00:00Z,架空市場 エージェント検証,エージェント検証,#エージェント検証,1820,94,11,9
INSTAGRAM,demo-market-009-2-11,2026-07-16T12:00:00Z,架空市場 エージェント検証,エージェント検証,#エージェント検証,1820,93,11,9
X,demo-market-009-3-00,2026-07-16T12:00:00Z,架空市場 分析ノート,分析ノート,#分析ノート,500,25,3,2
INSTAGRAM,demo-market-009-3-01,2026-07-16T12:00:00Z,架空市場 分析ノート,分析ノート,#分析ノート,500,28,3,2
X,demo-market-009-3-02,2026-07-16T12:00:00Z,架空市場 分析ノート,分析ノート,#分析ノート,500,26,3,2
INSTAGRAM,demo-market-009-3-03,2026-07-16T12:00:00Z,架空市場 分析ノート,分析ノート,#分析ノート,500,25,3,2
X,demo-market-009-3-04,2026-07-16T12:00:00Z,架空市場 分析ノート,分析ノート,#分析ノート,500,28,3,2
INSTAGRAM,demo-market-009-3-05,2026-07-16T12:00:00Z,架空市場 分析ノート,分析ノート,#分析ノート,500,26,3,2
X,demo-market-009-3-06,2026-07-16T12:00:00Z,架空市場 分析ノート,分析ノート,#分析ノート,500,26,3,2
INSTAGRAM,demo-market-009-3-07,2026-07-16T12:00:00Z,架空市場 分析ノート,分析ノート,#分析ノート,500,25,3,2
X,demo-market-009-4-00,2026-07-16T12:00:00Z,架空市場 動画ラボ,動画ラボ,#動画ラボ,100,5,0,0
X,demo-market-009-5-00,2026-07-16T12:00:00Z,架空市場 運用メモ,運用メモ,#運用メモ,600,32,3,3
INSTAGRAM,demo-market-009-5-01,2026-07-16T12:00:00Z,架空市場 運用メモ,運用メモ,#運用メモ,600,32,3,3
X,demo-market-009-5-02,2026-07-16T12:00:00Z,架空市場 運用メモ,運用メモ,#運用メモ,600,32,3,3
INSTAGRAM,demo-market-009-5-03,2026-07-16T12:00:00Z,架空市場 運用メモ,運用メモ,#運用メモ,600,33,3,3
X,demo-market-009-5-04,2026-07-16T12:00:00Z,架空市場 運用メモ,運用メモ,#運用メモ,600,31,3,3
INSTAGRAM,demo-market-009-5-05,2026-07-16T12:00:00Z,架空市場 運用メモ,運用メモ,#運用メモ,600,32,3,3
X,demo-market-009-5-06,2026-07-16T12:00:00Z,架空市場 運用メモ,運用メモ,#運用メモ,600,32,3,3
INSTAGRAM,demo-market-009-5-07,2026-07-16T12:00:00Z,架空市場 運用メモ,運用メモ,#運用メモ,600,32,3,3
X,demo-market-009-5-08,2026-07-16T12:00:00Z,架空市場 運用メモ,運用メモ,#運用メモ,600,33,3,3
INSTAGRAM,demo-market-009-5-09,2026-07-16T12:00:00Z,架空市場 運用メモ,運用メモ,#運用メモ,600,30,3,3
X,demo-market-010-0-00,2026-07-17T12:00:00Z,架空市場 生成AI研究,生成AI研究,#生成AI研究,1600,80,10,8
INSTAGRAM,demo-market-010-0-01,2026-07-17T12:00:00Z,架空市場 生成AI研究,生成AI研究,#生成AI研究,1600,80,10,8
X,demo-market-010-0-02,2026-07-17T12:00:00Z,架空市場 生成AI研究,生成AI研究,#生成AI研究,1600,82,10,8
INSTAGRAM,demo-market-010-0-03,2026-07-17T12:00:00Z,架空市場 生成AI研究,生成AI研究,#生成AI研究,1600,80,10,8
X,demo-market-010-0-04,2026-07-17T12:00:00Z,架空市場 生成AI研究,生成AI研究,#生成AI研究,1600,81,10,8
INSTAGRAM,demo-market-010-0-05,2026-07-17T12:00:00Z,架空市場 生成AI研究,生成AI研究,#生成AI研究,1600,82,10,8
X,demo-market-010-0-06,2026-07-17T12:00:00Z,架空市場 生成AI研究,生成AI研究,#生成AI研究,1600,82,10,8
INSTAGRAM,demo-market-010-0-07,2026-07-17T12:00:00Z,架空市場 生成AI研究,生成AI研究,#生成AI研究,1600,80,10,8
X,demo-market-010-0-08,2026-07-17T12:00:00Z,架空市場 生成AI研究,生成AI研究,#生成AI研究,1600,81,10,8
INSTAGRAM,demo-market-010-0-09,2026-07-17T12:00:00Z,架空市場 生成AI研究,生成AI研究,#生成AI研究,1600,83,10,8
X,demo-market-010-0-10,2026-07-17T12:00:00Z,架空市場 生成AI研究,生成AI研究,#生成AI研究,1600,82,10,8
X,demo-market-010-1-00,2026-07-17T12:00:00Z,架空市場 効率化実験,効率化実験,#効率化実験,1600,82,10,8
INSTAGRAM,demo-market-010-1-01,2026-07-17T12:00:00Z,架空市場 効率化実験,効率化実験,#効率化実験,1600,83,10,8
X,demo-market-010-1-02,2026-07-17T12:00:00Z,架空市場 効率化実験,効率化実験,#効率化実験,1600,80,10,8
INSTAGRAM,demo-market-010-1-03,2026-07-17T12:00:00Z,架空市場 効率化実験,効率化実験,#効率化実験,1600,81,10,8
X,demo-market-010-1-04,2026-07-17T12:00:00Z,架空市場 効率化実験,効率化実験,#効率化実験,1600,83,10,8
INSTAGRAM,demo-market-010-1-05,2026-07-17T12:00:00Z,架空市場 効率化実験,効率化実験,#効率化実験,1600,82,10,8
X,demo-market-010-1-06,2026-07-17T12:00:00Z,架空市場 効率化実験,効率化実験,#効率化実験,1600,81,10,8
INSTAGRAM,demo-market-010-1-07,2026-07-17T12:00:00Z,架空市場 効率化実験,効率化実験,#効率化実験,1600,83,10,8
X,demo-market-010-1-08,2026-07-17T12:00:00Z,架空市場 効率化実験,効率化実験,#効率化実験,1600,81,10,8
INSTAGRAM,demo-market-010-1-09,2026-07-17T12:00:00Z,架空市場 効率化実験,効率化実験,#効率化実験,1600,81,10,8
X,demo-market-010-2-00,2026-07-17T12:00:00Z,架空市場 エージェント検証,エージェント検証,#エージェント検証,1800,90,11,9
INSTAGRAM,demo-market-010-2-01,2026-07-17T12:00:00Z,架空市場 エージェント検証,エージェント検証,#エージェント検証,1800,93,11,9
X,demo-market-010-2-02,2026-07-17T12:00:00Z,架空市場 エージェント検証,エージェント検証,#エージェント検証,1800,91,11,9
INSTAGRAM,demo-market-010-2-03,2026-07-17T12:00:00Z,架空市場 エージェント検証,エージェント検証,#エージェント検証,1800,92,11,9
X,demo-market-010-2-04,2026-07-17T12:00:00Z,架空市場 エージェント検証,エージェント検証,#エージェント検証,1800,91,11,9
INSTAGRAM,demo-market-010-2-05,2026-07-17T12:00:00Z,架空市場 エージェント検証,エージェント検証,#エージェント検証,1800,91,11,9
X,demo-market-010-2-06,2026-07-17T12:00:00Z,架空市場 エージェント検証,エージェント検証,#エージェント検証,1800,91,11,9
INSTAGRAM,demo-market-010-2-07,2026-07-17T12:00:00Z,架空市場 エージェント検証,エージェント検証,#エージェント検証,1800,93,11,9
X,demo-market-010-2-08,2026-07-17T12:00:00Z,架空市場 エージェント検証,エージェント検証,#エージェント検証,1800,90,11,9
INSTAGRAM,demo-market-010-2-09,2026-07-17T12:00:00Z,架空市場 エージェント検証,エージェント検証,#エージェント検証,1800,92,11,9
X,demo-market-010-2-10,2026-07-17T12:00:00Z,架空市場 エージェント検証,エージェント検証,#エージェント検証,1800,90,11,9
INSTAGRAM,demo-market-010-2-11,2026-07-17T12:00:00Z,架空市場 エージェント検証,エージェント検証,#エージェント検証,1800,91,11,9
X,demo-market-010-3-00,2026-07-17T12:00:00Z,架空市場 分析ノート,分析ノート,#分析ノート,500,27,3,2
INSTAGRAM,demo-market-010-3-01,2026-07-17T12:00:00Z,架空市場 分析ノート,分析ノート,#分析ノート,500,26,3,2
X,demo-market-010-3-02,2026-07-17T12:00:00Z,架空市場 分析ノート,分析ノート,#分析ノート,500,27,3,2
INSTAGRAM,demo-market-010-3-03,2026-07-17T12:00:00Z,架空市場 分析ノート,分析ノート,#分析ノート,500,27,3,2
X,demo-market-010-3-04,2026-07-17T12:00:00Z,架空市場 分析ノート,分析ノート,#分析ノート,500,28,3,2
INSTAGRAM,demo-market-010-3-05,2026-07-17T12:00:00Z,架空市場 分析ノート,分析ノート,#分析ノート,500,27,3,2
X,demo-market-010-3-06,2026-07-17T12:00:00Z,架空市場 分析ノート,分析ノート,#分析ノート,500,26,3,2
X,demo-market-010-4-00,2026-07-17T12:00:00Z,架空市場 動画ラボ,動画ラボ,#動画ラボ,100,8,0,0
X,demo-market-010-5-00,2026-07-17T12:00:00Z,架空市場 運用メモ,運用メモ,#運用メモ,600,31,3,3
INSTAGRAM,demo-market-010-5-01,2026-07-17T12:00:00Z,架空市場 運用メモ,運用メモ,#運用メモ,600,30,3,3
X,demo-market-010-5-02,2026-07-17T12:00:00Z,架空市場 運用メモ,運用メモ,#運用メモ,600,32,3,3
INSTAGRAM,demo-market-010-5-03,2026-07-17T12:00:00Z,架空市場 運用メモ,運用メモ,#運用メモ,600,31,3,3
X,demo-market-010-5-04,2026-07-17T12:00:00Z,架空市場 運用メモ,運用メモ,#運用メモ,600,30,3,3
INSTAGRAM,demo-market-010-5-05,2026-07-17T12:00:00Z,架空市場 運用メモ,運用メモ,#運用メモ,600,32,3,3
X,demo-market-010-5-06,2026-07-17T12:00:00Z,架空市場 運用メモ,運用メモ,#運用メモ,600,33,3,3
INSTAGRAM,demo-market-010-5-07,2026-07-17T12:00:00Z,架空市場 運用メモ,運用メモ,#運用メモ,600,33,3,3
X,demo-market-010-5-08,2026-07-17T12:00:00Z,架空市場 運用メモ,運用メモ,#運用メモ,600,32,3,3
X,demo-market-011-0-00,2026-07-18T12:00:00Z,架空市場 生成AI研究,生成AI研究,#生成AI研究,1600,81,10,8
INSTAGRAM,demo-market-011-0-01,2026-07-18T12:00:00Z,架空市場 生成AI研究,生成AI研究,#生成AI研究,1600,82,10,8
X,demo-market-011-0-02,2026-07-18T12:00:00Z,架空市場 生成AI研究,生成AI研究,#生成AI研究,1600,80,10,8
INSTAGRAM,demo-market-011-0-03,2026-07-18T12:00:00Z,架空市場 生成AI研究,生成AI研究,#生成AI研究,1600,83,10,8
X,demo-market-011-0-04,2026-07-18T12:00:00Z,架空市場 生成AI研究,生成AI研究,#生成AI研究,1600,81,10,8
INSTAGRAM,demo-market-011-0-05,2026-07-18T12:00:00Z,架空市場 生成AI研究,生成AI研究,#生成AI研究,1600,83,10,8
X,demo-market-011-0-06,2026-07-18T12:00:00Z,架空市場 生成AI研究,生成AI研究,#生成AI研究,1600,80,10,8
INSTAGRAM,demo-market-011-0-07,2026-07-18T12:00:00Z,架空市場 生成AI研究,生成AI研究,#生成AI研究,1600,82,10,8
X,demo-market-011-0-08,2026-07-18T12:00:00Z,架空市場 生成AI研究,生成AI研究,#生成AI研究,1600,83,10,8
INSTAGRAM,demo-market-011-0-09,2026-07-18T12:00:00Z,架空市場 生成AI研究,生成AI研究,#生成AI研究,1600,82,10,8
X,demo-market-011-0-10,2026-07-18T12:00:00Z,架空市場 生成AI研究,生成AI研究,#生成AI研究,1600,82,10,8
X,demo-market-011-1-00,2026-07-18T12:00:00Z,架空市場 効率化実験,効率化実験,#効率化実験,1600,82,10,8
INSTAGRAM,demo-market-011-1-01,2026-07-18T12:00:00Z,架空市場 効率化実験,効率化実験,#効率化実験,1600,83,10,8
X,demo-market-011-1-02,2026-07-18T12:00:00Z,架空市場 効率化実験,効率化実験,#効率化実験,1600,83,10,8
INSTAGRAM,demo-market-011-1-03,2026-07-18T12:00:00Z,架空市場 効率化実験,効率化実験,#効率化実験,1600,80,10,8
X,demo-market-011-1-04,2026-07-18T12:00:00Z,架空市場 効率化実験,効率化実験,#効率化実験,1600,80,10,8
INSTAGRAM,demo-market-011-1-05,2026-07-18T12:00:00Z,架空市場 効率化実験,効率化実験,#効率化実験,1600,82,10,8
X,demo-market-011-1-06,2026-07-18T12:00:00Z,架空市場 効率化実験,効率化実験,#効率化実験,1600,80,10,8
INSTAGRAM,demo-market-011-1-07,2026-07-18T12:00:00Z,架空市場 効率化実験,効率化実験,#効率化実験,1600,83,10,8
X,demo-market-011-1-08,2026-07-18T12:00:00Z,架空市場 効率化実験,効率化実験,#効率化実験,1600,80,10,8
INSTAGRAM,demo-market-011-1-09,2026-07-18T12:00:00Z,架空市場 効率化実験,効率化実験,#効率化実験,1600,82,10,8
X,demo-market-011-2-00,2026-07-18T12:00:00Z,架空市場 エージェント検証,エージェント検証,#エージェント検証,1780,90,11,8
INSTAGRAM,demo-market-011-2-01,2026-07-18T12:00:00Z,架空市場 エージェント検証,エージェント検証,#エージェント検証,1780,90,11,8
X,demo-market-011-2-02,2026-07-18T12:00:00Z,架空市場 エージェント検証,エージェント検証,#エージェント検証,1780,91,11,8
INSTAGRAM,demo-market-011-2-03,2026-07-18T12:00:00Z,架空市場 エージェント検証,エージェント検証,#エージェント検証,1780,91,11,8
X,demo-market-011-2-04,2026-07-18T12:00:00Z,架空市場 エージェント検証,エージェント検証,#エージェント検証,1780,91,11,8
INSTAGRAM,demo-market-011-2-05,2026-07-18T12:00:00Z,架空市場 エージェント検証,エージェント検証,#エージェント検証,1780,90,11,8
X,demo-market-011-2-06,2026-07-18T12:00:00Z,架空市場 エージェント検証,エージェント検証,#エージェント検証,1780,92,11,8
INSTAGRAM,demo-market-011-2-07,2026-07-18T12:00:00Z,架空市場 エージェント検証,エージェント検証,#エージェント検証,1780,90,11,8
X,demo-market-011-2-08,2026-07-18T12:00:00Z,架空市場 エージェント検証,エージェント検証,#エージェント検証,1780,91,11,8
INSTAGRAM,demo-market-011-2-09,2026-07-18T12:00:00Z,架空市場 エージェント検証,エージェント検証,#エージェント検証,1780,92,11,8
X,demo-market-011-2-10,2026-07-18T12:00:00Z,架空市場 エージェント検証,エージェント検証,#エージェント検証,1780,90,11,8
INSTAGRAM,demo-market-011-2-11,2026-07-18T12:00:00Z,架空市場 エージェント検証,エージェント検証,#エージェント検証,1780,89,11,8
X,demo-market-011-2-12,2026-07-18T12:00:00Z,架空市場 エージェント検証,エージェント検証,#エージェント検証,1780,92,11,8
X,demo-market-011-3-00,2026-07-18T12:00:00Z,架空市場 分析ノート,分析ノート,#分析ノート,500,27,3,2
INSTAGRAM,demo-market-011-3-01,2026-07-18T12:00:00Z,架空市場 分析ノート,分析ノート,#分析ノート,500,26,3,2
X,demo-market-011-3-02,2026-07-18T12:00:00Z,架空市場 分析ノート,分析ノート,#分析ノート,500,25,3,2
INSTAGRAM,demo-market-011-3-03,2026-07-18T12:00:00Z,架空市場 分析ノート,分析ノート,#分析ノート,500,26,3,2
X,demo-market-011-3-04,2026-07-18T12:00:00Z,架空市場 分析ノート,分析ノート,#分析ノート,500,27,3,2
INSTAGRAM,demo-market-011-3-05,2026-07-18T12:00:00Z,架空市場 分析ノート,分析ノート,#分析ノート,500,28,3,2
X,demo-market-011-3-06,2026-07-18T12:00:00Z,架空市場 分析ノート,分析ノート,#分析ノート,500,28,3,2
X,demo-market-011-4-00,2026-07-18T12:00:00Z,架空市場 動画ラボ,動画ラボ,#動画ラボ,100,6,0,0
X,demo-market-011-5-00,2026-07-18T12:00:00Z,架空市場 運用メモ,運用メモ,#運用メモ,600,30,3,3
INSTAGRAM,demo-market-011-5-01,2026-07-18T12:00:00Z,架空市場 運用メモ,運用メモ,#運用メモ,600,31,3,3
X,demo-market-011-5-02,2026-07-18T12:00:00Z,架空市場 運用メモ,運用メモ,#運用メモ,600,31,3,3
INSTAGRAM,demo-market-011-5-03,2026-07-18T12:00:00Z,架空市場 運用メモ,運用メモ,#運用メモ,600,32,3,3
X,demo-market-011-5-04,2026-07-18T12:00:00Z,架空市場 運用メモ,運用メモ,#運用メモ,600,31,3,3
INSTAGRAM,demo-market-011-5-05,2026-07-18T12:00:00Z,架空市場 運用メモ,運用メモ,#運用メモ,600,33,3,3
X,demo-market-011-5-06,2026-07-18T12:00:00Z,架空市場 運用メモ,運用メモ,#運用メモ,600,31,3,3
INSTAGRAM,demo-market-011-5-07,2026-07-18T12:00:00Z,架空市場 運用メモ,運用メモ,#運用メモ,600,32,3,3
X,demo-market-012-0-00,2026-07-19T12:00:00Z,架空市場 生成AI研究,生成AI研究,#生成AI研究,1600,80,10,8
INSTAGRAM,demo-market-012-0-01,2026-07-19T12:00:00Z,架空市場 生成AI研究,生成AI研究,#生成AI研究,1600,83,10,8
X,demo-market-012-0-02,2026-07-19T12:00:00Z,架空市場 生成AI研究,生成AI研究,#生成AI研究,1600,81,10,8
INSTAGRAM,demo-market-012-0-03,2026-07-19T12:00:00Z,架空市場 生成AI研究,生成AI研究,#生成AI研究,1600,82,10,8
X,demo-market-012-0-04,2026-07-19T12:00:00Z,架空市場 生成AI研究,生成AI研究,#生成AI研究,1600,80,10,8
INSTAGRAM,demo-market-012-0-05,2026-07-19T12:00:00Z,架空市場 生成AI研究,生成AI研究,#生成AI研究,1600,82,10,8
X,demo-market-012-0-06,2026-07-19T12:00:00Z,架空市場 生成AI研究,生成AI研究,#生成AI研究,1600,82,10,8
INSTAGRAM,demo-market-012-0-07,2026-07-19T12:00:00Z,架空市場 生成AI研究,生成AI研究,#生成AI研究,1600,82,10,8
X,demo-market-012-0-08,2026-07-19T12:00:00Z,架空市場 生成AI研究,生成AI研究,#生成AI研究,1600,83,10,8
INSTAGRAM,demo-market-012-0-09,2026-07-19T12:00:00Z,架空市場 生成AI研究,生成AI研究,#生成AI研究,1600,81,10,8
X,demo-market-012-0-10,2026-07-19T12:00:00Z,架空市場 生成AI研究,生成AI研究,#生成AI研究,1600,80,10,8
X,demo-market-012-1-00,2026-07-19T12:00:00Z,架空市場 効率化実験,効率化実験,#効率化実験,1600,82,10,8
INSTAGRAM,demo-market-012-1-01,2026-07-19T12:00:00Z,架空市場 効率化実験,効率化実験,#効率化実験,1600,81,10,8
X,demo-market-012-1-02,2026-07-19T12:00:00Z,架空市場 効率化実験,効率化実験,#効率化実験,1600,80,10,8
INSTAGRAM,demo-market-012-1-03,2026-07-19T12:00:00Z,架空市場 効率化実験,効率化実験,#効率化実験,1600,80,10,8
X,demo-market-012-1-04,2026-07-19T12:00:00Z,架空市場 効率化実験,効率化実験,#効率化実験,1600,82,10,8
INSTAGRAM,demo-market-012-1-05,2026-07-19T12:00:00Z,架空市場 効率化実験,効率化実験,#効率化実験,1600,83,10,8
X,demo-market-012-1-06,2026-07-19T12:00:00Z,架空市場 効率化実験,効率化実験,#効率化実験,1600,83,10,8
INSTAGRAM,demo-market-012-1-07,2026-07-19T12:00:00Z,架空市場 効率化実験,効率化実験,#効率化実験,1600,83,10,8
X,demo-market-012-1-08,2026-07-19T12:00:00Z,架空市場 効率化実験,効率化実験,#効率化実験,1600,82,10,8
INSTAGRAM,demo-market-012-1-09,2026-07-19T12:00:00Z,架空市場 効率化実験,効率化実験,#効率化実験,1600,80,10,8
X,demo-market-012-2-00,2026-07-19T12:00:00Z,架空市場 エージェント検証,エージェント検証,#エージェント検証,1760,90,11,8
INSTAGRAM,demo-market-012-2-01,2026-07-19T12:00:00Z,架空市場 エージェント検証,エージェント検証,#エージェント検証,1760,90,11,8
X,demo-market-012-2-02,2026-07-19T12:00:00Z,架空市場 エージェント検証,エージェント検証,#エージェント検証,1760,88,11,8
INSTAGRAM,demo-market-012-2-03,2026-07-19T12:00:00Z,架空市場 エージェント検証,エージェント検証,#エージェント検証,1760,89,11,8
X,demo-market-012-2-04,2026-07-19T12:00:00Z,架空市場 エージェント検証,エージェント検証,#エージェント検証,1760,90,11,8
INSTAGRAM,demo-market-012-2-05,2026-07-19T12:00:00Z,架空市場 エージェント検証,エージェント検証,#エージェント検証,1760,91,11,8
X,demo-market-012-2-06,2026-07-19T12:00:00Z,架空市場 エージェント検証,エージェント検証,#エージェント検証,1760,91,11,8
INSTAGRAM,demo-market-012-2-07,2026-07-19T12:00:00Z,架空市場 エージェント検証,エージェント検証,#エージェント検証,1760,88,11,8
X,demo-market-012-2-08,2026-07-19T12:00:00Z,架空市場 エージェント検証,エージェント検証,#エージェント検証,1760,91,11,8
INSTAGRAM,demo-market-012-2-09,2026-07-19T12:00:00Z,架空市場 エージェント検証,エージェント検証,#エージェント検証,1760,89,11,8
X,demo-market-012-2-10,2026-07-19T12:00:00Z,架空市場 エージェント検証,エージェント検証,#エージェント検証,1760,88,11,8
INSTAGRAM,demo-market-012-2-11,2026-07-19T12:00:00Z,架空市場 エージェント検証,エージェント検証,#エージェント検証,1760,88,11,8
X,demo-market-012-2-12,2026-07-19T12:00:00Z,架空市場 エージェント検証,エージェント検証,#エージェント検証,1760,90,11,8
X,demo-market-012-3-00,2026-07-19T12:00:00Z,架空市場 分析ノート,分析ノート,#分析ノート,500,28,3,2
INSTAGRAM,demo-market-012-3-01,2026-07-19T12:00:00Z,架空市場 分析ノート,分析ノート,#分析ノート,500,27,3,2
X,demo-market-012-3-02,2026-07-19T12:00:00Z,架空市場 分析ノート,分析ノート,#分析ノート,500,28,3,2
INSTAGRAM,demo-market-012-3-03,2026-07-19T12:00:00Z,架空市場 分析ノート,分析ノート,#分析ノート,500,28,3,2
X,demo-market-012-3-04,2026-07-19T12:00:00Z,架空市場 分析ノート,分析ノート,#分析ノート,500,26,3,2
INSTAGRAM,demo-market-012-3-05,2026-07-19T12:00:00Z,架空市場 分析ノート,分析ノート,#分析ノート,500,25,3,2
X,demo-market-012-3-06,2026-07-19T12:00:00Z,架空市場 分析ノート,分析ノート,#分析ノート,500,27,3,2
X,demo-market-012-4-00,2026-07-19T12:00:00Z,架空市場 動画ラボ,動画ラボ,#動画ラボ,100,5,0,0
X,demo-market-012-5-00,2026-07-19T12:00:00Z,架空市場 運用メモ,運用メモ,#運用メモ,600,33,3,3
INSTAGRAM,demo-market-012-5-01,2026-07-19T12:00:00Z,架空市場 運用メモ,運用メモ,#運用メモ,600,31,3,3
X,demo-market-012-5-02,2026-07-19T12:00:00Z,架空市場 運用メモ,運用メモ,#運用メモ,600,32,3,3
INSTAGRAM,demo-market-012-5-03,2026-07-19T12:00:00Z,架空市場 運用メモ,運用メモ,#運用メモ,600,30,3,3
X,demo-market-012-5-04,2026-07-19T12:00:00Z,架空市場 運用メモ,運用メモ,#運用メモ,600,32,3,3
INSTAGRAM,demo-market-012-5-05,2026-07-19T12:00:00Z,架空市場 運用メモ,運用メモ,#運用メモ,600,30,3,3
X,demo-market-012-5-06,2026-07-19T12:00:00Z,架空市場 運用メモ,運用メモ,#運用メモ,600,32,3,3
INSTAGRAM,demo-market-012-5-07,2026-07-19T12:00:00Z,架空市場 運用メモ,運用メモ,#運用メモ,600,33,3,3
X,demo-market-013-0-00,2026-07-20T12:00:00Z,架空市場 生成AI研究,生成AI研究,#生成AI研究,1600,80,10,8
INSTAGRAM,demo-market-013-0-01,2026-07-20T12:00:00Z,架空市場 生成AI研究,生成AI研究,#生成AI研究,1600,80,10,8
X,demo-market-013-0-02,2026-07-20T12:00:00Z,架空市場 生成AI研究,生成AI研究,#生成AI研究,1600,80,10,8
INSTAGRAM,demo-market-013-0-03,2026-07-20T12:00:00Z,架空市場 生成AI研究,生成AI研究,#生成AI研究,1600,82,10,8
X,demo-market-013-0-04,2026-07-20T12:00:00Z,架空市場 生成AI研究,生成AI研究,#生成AI研究,1600,82,10,8
INSTAGRAM,demo-market-013-0-05,2026-07-20T12:00:00Z,架空市場 生成AI研究,生成AI研究,#生成AI研究,1600,81,10,8
X,demo-market-013-0-06,2026-07-20T12:00:00Z,架空市場 生成AI研究,生成AI研究,#生成AI研究,1600,81,10,8
INSTAGRAM,demo-market-013-0-07,2026-07-20T12:00:00Z,架空市場 生成AI研究,生成AI研究,#生成AI研究,1600,81,10,8
X,demo-market-013-0-08,2026-07-20T12:00:00Z,架空市場 生成AI研究,生成AI研究,#生成AI研究,1600,82,10,8
INSTAGRAM,demo-market-013-0-09,2026-07-20T12:00:00Z,架空市場 生成AI研究,生成AI研究,#生成AI研究,1600,83,10,8
X,demo-market-013-0-10,2026-07-20T12:00:00Z,架空市場 生成AI研究,生成AI研究,#生成AI研究,1600,80,10,8
X,demo-market-013-1-00,2026-07-20T12:00:00Z,架空市場 効率化実験,効率化実験,#効率化実験,1600,81,10,8
INSTAGRAM,demo-market-013-1-01,2026-07-20T12:00:00Z,架空市場 効率化実験,効率化実験,#効率化実験,1600,80,10,8
X,demo-market-013-1-02,2026-07-20T12:00:00Z,架空市場 効率化実験,効率化実験,#効率化実験,1600,83,10,8
INSTAGRAM,demo-market-013-1-03,2026-07-20T12:00:00Z,架空市場 効率化実験,効率化実験,#効率化実験,1600,82,10,8
X,demo-market-013-1-04,2026-07-20T12:00:00Z,架空市場 効率化実験,効率化実験,#効率化実験,1600,80,10,8
INSTAGRAM,demo-market-013-1-05,2026-07-20T12:00:00Z,架空市場 効率化実験,効率化実験,#効率化実験,1600,81,10,8
X,demo-market-013-1-06,2026-07-20T12:00:00Z,架空市場 効率化実験,効率化実験,#効率化実験,1600,83,10,8
INSTAGRAM,demo-market-013-1-07,2026-07-20T12:00:00Z,架空市場 効率化実験,効率化実験,#効率化実験,1600,81,10,8
X,demo-market-013-1-08,2026-07-20T12:00:00Z,架空市場 効率化実験,効率化実験,#効率化実験,1600,82,10,8
INSTAGRAM,demo-market-013-1-09,2026-07-20T12:00:00Z,架空市場 効率化実験,効率化実験,#効率化実験,1600,80,10,8
X,demo-market-013-2-00,2026-07-20T12:00:00Z,架空市場 エージェント検証,エージェント検証,#エージェント検証,1740,87,10,8
INSTAGRAM,demo-market-013-2-01,2026-07-20T12:00:00Z,架空市場 エージェント検証,エージェント検証,#エージェント検証,1740,87,10,8
X,demo-market-013-2-02,2026-07-20T12:00:00Z,架空市場 エージェント検証,エージェント検証,#エージェント検証,1740,87,10,8
INSTAGRAM,demo-market-013-2-03,2026-07-20T12:00:00Z,架空市場 エージェント検証,エージェント検証,#エージェント検証,1740,88,10,8
X,demo-market-013-2-04,2026-07-20T12:00:00Z,架空市場 エージェント検証,エージェント検証,#エージェント検証,1740,87,10,8
INSTAGRAM,demo-market-013-2-05,2026-07-20T12:00:00Z,架空市場 エージェント検証,エージェント検証,#エージェント検証,1740,90,10,8
X,demo-market-013-2-06,2026-07-20T12:00:00Z,架空市場 エージェント検証,エージェント検証,#エージェント検証,1740,88,10,8
INSTAGRAM,demo-market-013-2-07,2026-07-20T12:00:00Z,架空市場 エージェント検証,エージェント検証,#エージェント検証,1740,88,10,8
X,demo-market-013-2-08,2026-07-20T12:00:00Z,架空市場 エージェント検証,エージェント検証,#エージェント検証,1740,88,10,8
INSTAGRAM,demo-market-013-2-09,2026-07-20T12:00:00Z,架空市場 エージェント検証,エージェント検証,#エージェント検証,1740,87,10,8
X,demo-market-013-2-10,2026-07-20T12:00:00Z,架空市場 エージェント検証,エージェント検証,#エージェント検証,1740,90,10,8
INSTAGRAM,demo-market-013-2-11,2026-07-20T12:00:00Z,架空市場 エージェント検証,エージェント検証,#エージェント検証,1740,89,10,8
X,demo-market-013-2-12,2026-07-20T12:00:00Z,架空市場 エージェント検証,エージェント検証,#エージェント検証,1740,90,10,8
X,demo-market-013-3-00,2026-07-20T12:00:00Z,架空市場 分析ノート,分析ノート,#分析ノート,500,26,3,2
INSTAGRAM,demo-market-013-3-01,2026-07-20T12:00:00Z,架空市場 分析ノート,分析ノート,#分析ノート,500,25,3,2
X,demo-market-013-3-02,2026-07-20T12:00:00Z,架空市場 分析ノート,分析ノート,#分析ノート,500,27,3,2
INSTAGRAM,demo-market-013-3-03,2026-07-20T12:00:00Z,架空市場 分析ノート,分析ノート,#分析ノート,500,27,3,2
X,demo-market-013-3-04,2026-07-20T12:00:00Z,架空市場 分析ノート,分析ノート,#分析ノート,500,25,3,2
INSTAGRAM,demo-market-013-3-05,2026-07-20T12:00:00Z,架空市場 分析ノート,分析ノート,#分析ノート,500,25,3,2
X,demo-market-013-3-06,2026-07-20T12:00:00Z,架空市場 分析ノート,分析ノート,#分析ノート,500,28,3,2
X,demo-market-013-4-00,2026-07-20T12:00:00Z,架空市場 動画ラボ,動画ラボ,#動画ラボ,100,8,0,0
X,demo-market-013-5-00,2026-07-20T12:00:00Z,架空市場 運用メモ,運用メモ,#運用メモ,600,32,3,3
INSTAGRAM,demo-market-013-5-01,2026-07-20T12:00:00Z,架空市場 運用メモ,運用メモ,#運用メモ,600,30,3,3
X,demo-market-013-5-02,2026-07-20T12:00:00Z,架空市場 運用メモ,運用メモ,#運用メモ,600,31,3,3
INSTAGRAM,demo-market-013-5-03,2026-07-20T12:00:00Z,架空市場 運用メモ,運用メモ,#運用メモ,600,31,3,3
X,demo-market-013-5-04,2026-07-20T12:00:00Z,架空市場 運用メモ,運用メモ,#運用メモ,600,31,3,3
INSTAGRAM,demo-market-013-5-05,2026-07-20T12:00:00Z,架空市場 運用メモ,運用メモ,#運用メモ,600,30,3,3
X,demo-market-013-5-06,2026-07-20T12:00:00Z,架空市場 運用メモ,運用メモ,#運用メモ,600,31,3,3
INSTAGRAM,demo-market-013-5-07,2026-07-20T12:00:00Z,架空市場 運用メモ,運用メモ,#運用メモ,600,32,3,3
X,demo-market-014-0-00,2026-07-21T12:00:00Z,架空市場 生成AI研究,生成AI研究,#生成AI研究,1600,80,10,8
INSTAGRAM,demo-market-014-0-01,2026-07-21T12:00:00Z,架空市場 生成AI研究,生成AI研究,#生成AI研究,1600,81,10,8
X,demo-market-014-0-02,2026-07-21T12:00:00Z,架空市場 生成AI研究,生成AI研究,#生成AI研究,1600,83,10,8
INSTAGRAM,demo-market-014-0-03,2026-07-21T12:00:00Z,架空市場 生成AI研究,生成AI研究,#生成AI研究,1600,81,10,8
X,demo-market-014-0-04,2026-07-21T12:00:00Z,架空市場 生成AI研究,生成AI研究,#生成AI研究,1600,81,10,8
INSTAGRAM,demo-market-014-0-05,2026-07-21T12:00:00Z,架空市場 生成AI研究,生成AI研究,#生成AI研究,1600,81,10,8
X,demo-market-014-0-06,2026-07-21T12:00:00Z,架空市場 生成AI研究,生成AI研究,#生成AI研究,1600,80,10,8
INSTAGRAM,demo-market-014-0-07,2026-07-21T12:00:00Z,架空市場 生成AI研究,生成AI研究,#生成AI研究,1600,83,10,8
X,demo-market-014-0-08,2026-07-21T12:00:00Z,架空市場 生成AI研究,生成AI研究,#生成AI研究,1600,82,10,8
INSTAGRAM,demo-market-014-0-09,2026-07-21T12:00:00Z,架空市場 生成AI研究,生成AI研究,#生成AI研究,1600,83,10,8
X,demo-market-014-0-10,2026-07-21T12:00:00Z,架空市場 生成AI研究,生成AI研究,#生成AI研究,1600,81,10,8
X,demo-market-014-1-00,2026-07-21T12:00:00Z,架空市場 効率化実験,効率化実験,#効率化実験,1600,80,10,8
INSTAGRAM,demo-market-014-1-01,2026-07-21T12:00:00Z,架空市場 効率化実験,効率化実験,#効率化実験,1600,83,10,8
X,demo-market-014-1-02,2026-07-21T12:00:00Z,架空市場 効率化実験,効率化実験,#効率化実験,1600,82,10,8
INSTAGRAM,demo-market-014-1-03,2026-07-21T12:00:00Z,架空市場 効率化実験,効率化実験,#効率化実験,1600,82,10,8
X,demo-market-014-1-04,2026-07-21T12:00:00Z,架空市場 効率化実験,効率化実験,#効率化実験,1600,81,10,8
INSTAGRAM,demo-market-014-1-05,2026-07-21T12:00:00Z,架空市場 効率化実験,効率化実験,#効率化実験,1600,81,10,8
X,demo-market-014-1-06,2026-07-21T12:00:00Z,架空市場 効率化実験,効率化実験,#効率化実験,1600,83,10,8
INSTAGRAM,demo-market-014-1-07,2026-07-21T12:00:00Z,架空市場 効率化実験,効率化実験,#効率化実験,1600,80,10,8
X,demo-market-014-1-08,2026-07-21T12:00:00Z,架空市場 効率化実験,効率化実験,#効率化実験,1600,83,10,8
INSTAGRAM,demo-market-014-1-09,2026-07-21T12:00:00Z,架空市場 効率化実験,効率化実験,#効率化実験,1600,81,10,8
X,demo-market-014-1-10,2026-07-21T12:00:00Z,架空市場 効率化実験,効率化実験,#効率化実験,1600,82,10,8
X,demo-market-014-2-00,2026-07-21T12:00:00Z,架空市場 エージェント検証,エージェント検証,#エージェント検証,1720,89,10,8
INSTAGRAM,demo-market-014-2-01,2026-07-21T12:00:00Z,架空市場 エージェント検証,エージェント検証,#エージェント検証,1720,86,10,8
X,demo-market-014-2-02,2026-07-21T12:00:00Z,架空市場 エージェント検証,エージェント検証,#エージェント検証,1720,87,10,8
INSTAGRAM,demo-market-014-2-03,2026-07-21T12:00:00Z,架空市場 エージェント検証,エージェント検証,#エージェント検証,1720,87,10,8
X,demo-market-014-2-04,2026-07-21T12:00:00Z,架空市場 エージェント検証,エージェント検証,#エージェント検証,1720,89,10,8
INSTAGRAM,demo-market-014-2-05,2026-07-21T12:00:00Z,架空市場 エージェント検証,エージェント検証,#エージェント検証,1720,86,10,8
X,demo-market-014-2-06,2026-07-21T12:00:00Z,架空市場 エージェント検証,エージェント検証,#エージェント検証,1720,87,10,8
INSTAGRAM,demo-market-014-2-07,2026-07-21T12:00:00Z,架空市場 エージェント検証,エージェント検証,#エージェント検証,1720,87,10,8
X,demo-market-014-2-08,2026-07-21T12:00:00Z,架空市場 エージェント検証,エージェント検証,#エージェント検証,1720,87,10,8
INSTAGRAM,demo-market-014-2-09,2026-07-21T12:00:00Z,架空市場 エージェント検証,エージェント検証,#エージェント検証,1720,88,10,8
X,demo-market-014-2-10,2026-07-21T12:00:00Z,架空市場 エージェント検証,エージェント検証,#エージェント検証,1720,88,10,8
INSTAGRAM,demo-market-014-2-11,2026-07-21T12:00:00Z,架空市場 エージェント検証,エージェント検証,#エージェント検証,1720,87,10,8
X,demo-market-014-2-12,2026-07-21T12:00:00Z,架空市場 エージェント検証,エージェント検証,#エージェント検証,1720,86,10,8
X,demo-market-014-3-00,2026-07-21T12:00:00Z,架空市場 分析ノート,分析ノート,#分析ノート,500,26,3,2
INSTAGRAM,demo-market-014-3-01,2026-07-21T12:00:00Z,架空市場 分析ノート,分析ノート,#分析ノート,500,27,3,2
X,demo-market-014-3-02,2026-07-21T12:00:00Z,架空市場 分析ノート,分析ノート,#分析ノート,500,25,3,2
INSTAGRAM,demo-market-014-3-03,2026-07-21T12:00:00Z,架空市場 分析ノート,分析ノート,#分析ノート,500,26,3,2
X,demo-market-014-3-04,2026-07-21T12:00:00Z,架空市場 分析ノート,分析ノート,#分析ノート,500,26,3,2
INSTAGRAM,demo-market-014-3-05,2026-07-21T12:00:00Z,架空市場 分析ノート,分析ノート,#分析ノート,500,26,3,2
X,demo-market-014-3-06,2026-07-21T12:00:00Z,架空市場 分析ノート,分析ノート,#分析ノート,500,28,3,2
X,demo-market-014-4-00,2026-07-21T12:00:00Z,架空市場 動画ラボ,動画ラボ,#動画ラボ,100,7,0,0
X,demo-market-014-5-00,2026-07-21T12:00:00Z,架空市場 運用メモ,運用メモ,#運用メモ,600,32,3,3
INSTAGRAM,demo-market-014-5-01,2026-07-21T12:00:00Z,架空市場 運用メモ,運用メモ,#運用メモ,600,32,3,3
X,demo-market-014-5-02,2026-07-21T12:00:00Z,架空市場 運用メモ,運用メモ,#運用メモ,600,30,3,3
INSTAGRAM,demo-market-014-5-03,2026-07-21T12:00:00Z,架空市場 運用メモ,運用メモ,#運用メモ,600,32,3,3
X,demo-market-014-5-04,2026-07-21T12:00:00Z,架空市場 運用メモ,運用メモ,#運用メモ,600,32,3,3
INSTAGRAM,demo-market-014-5-05,2026-07-21T12:00:00Z,架空市場 運用メモ,運用メモ,#運用メモ,600,32,3,3
X,demo-market-014-5-06,2026-07-21T12:00:00Z,架空市場 運用メモ,運用メモ,#運用メモ,600,33,3,3
X,demo-market-015-0-00,2026-07-22T12:00:00Z,架空市場 生成AI研究,生成AI研究,#生成AI研究,1600,82,10,8
INSTAGRAM,demo-market-015-0-01,2026-07-22T12:00:00Z,架空市場 生成AI研究,生成AI研究,#生成AI研究,1600,82,10,8
X,demo-market-015-0-02,2026-07-22T12:00:00Z,架空市場 生成AI研究,生成AI研究,#生成AI研究,1600,82,10,8
INSTAGRAM,demo-market-015-0-03,2026-07-22T12:00:00Z,架空市場 生成AI研究,生成AI研究,#生成AI研究,1600,83,10,8
X,demo-market-015-0-04,2026-07-22T12:00:00Z,架空市場 生成AI研究,生成AI研究,#生成AI研究,1600,83,10,8
INSTAGRAM,demo-market-015-0-05,2026-07-22T12:00:00Z,架空市場 生成AI研究,生成AI研究,#生成AI研究,1600,83,10,8
X,demo-market-015-0-06,2026-07-22T12:00:00Z,架空市場 生成AI研究,生成AI研究,#生成AI研究,1600,82,10,8
INSTAGRAM,demo-market-015-0-07,2026-07-22T12:00:00Z,架空市場 生成AI研究,生成AI研究,#生成AI研究,1600,81,10,8
X,demo-market-015-0-08,2026-07-22T12:00:00Z,架空市場 生成AI研究,生成AI研究,#生成AI研究,1600,82,10,8
INSTAGRAM,demo-market-015-0-09,2026-07-22T12:00:00Z,架空市場 生成AI研究,生成AI研究,#生成AI研究,1600,83,10,8
X,demo-market-015-1-00,2026-07-22T12:00:00Z,架空市場 効率化実験,効率化実験,#効率化実験,1600,82,10,8
INSTAGRAM,demo-market-015-1-01,2026-07-22T12:00:00Z,架空市場 効率化実験,効率化実験,#効率化実験,1600,81,10,8
X,demo-market-015-1-02,2026-07-22T12:00:00Z,架空市場 効率化実験,効率化実験,#効率化実験,1600,80,10,8
INSTAGRAM,demo-market-015-1-03,2026-07-22T12:00:00Z,架空市場 効率化実験,効率化実験,#効率化実験,1600,82,10,8
X,demo-market-015-1-04,2026-07-22T12:00:00Z,架空市場 効率化実験,効率化実験,#効率化実験,1600,83,10,8
INSTAGRAM,demo-market-015-1-05,2026-07-22T12:00:00Z,架空市場 効率化実験,効率化実験,#効率化実験,1600,83,10,8
X,demo-market-015-1-06,2026-07-22T12:00:00Z,架空市場 効率化実験,効率化実験,#効率化実験,1600,82,10,8
INSTAGRAM,demo-market-015-1-07,2026-07-22T12:00:00Z,架空市場 効率化実験,効率化実験,#効率化実験,1600,83,10,8
X,demo-market-015-1-08,2026-07-22T12:00:00Z,架空市場 効率化実験,効率化実験,#効率化実験,1600,81,10,8
INSTAGRAM,demo-market-015-1-09,2026-07-22T12:00:00Z,架空市場 効率化実験,効率化実験,#効率化実験,1600,81,10,8
X,demo-market-015-2-00,2026-07-22T12:00:00Z,架空市場 エージェント検証,エージェント検証,#エージェント検証,1700,86,10,8
INSTAGRAM,demo-market-015-2-01,2026-07-22T12:00:00Z,架空市場 エージェント検証,エージェント検証,#エージェント検証,1700,87,10,8
X,demo-market-015-2-02,2026-07-22T12:00:00Z,架空市場 エージェント検証,エージェント検証,#エージェント検証,1700,87,10,8
INSTAGRAM,demo-market-015-2-03,2026-07-22T12:00:00Z,架空市場 エージェント検証,エージェント検証,#エージェント検証,1700,88,10,8
X,demo-market-015-2-04,2026-07-22T12:00:00Z,架空市場 エージェント検証,エージェント検証,#エージェント検証,1700,87,10,8
INSTAGRAM,demo-market-015-2-05,2026-07-22T12:00:00Z,架空市場 エージェント検証,エージェント検証,#エージェント検証,1700,88,10,8
X,demo-market-015-2-06,2026-07-22T12:00:00Z,架空市場 エージェント検証,エージェント検証,#エージェント検証,1700,85,10,8
INSTAGRAM,demo-market-015-2-07,2026-07-22T12:00:00Z,架空市場 エージェント検証,エージェント検証,#エージェント検証,1700,87,10,8
X,demo-market-015-2-08,2026-07-22T12:00:00Z,架空市場 エージェント検証,エージェント検証,#エージェント検証,1700,86,10,8
INSTAGRAM,demo-market-015-2-09,2026-07-22T12:00:00Z,架空市場 エージェント検証,エージェント検証,#エージェント検証,1700,88,10,8
X,demo-market-015-2-10,2026-07-22T12:00:00Z,架空市場 エージェント検証,エージェント検証,#エージェント検証,1700,86,10,8
INSTAGRAM,demo-market-015-2-11,2026-07-22T12:00:00Z,架空市場 エージェント検証,エージェント検証,#エージェント検証,1700,88,10,8
X,demo-market-015-2-12,2026-07-22T12:00:00Z,架空市場 エージェント検証,エージェント検証,#エージェント検証,1700,86,10,8
INSTAGRAM,demo-market-015-2-13,2026-07-22T12:00:00Z,架空市場 エージェント検証,エージェント検証,#エージェント検証,1700,85,10,8
X,demo-market-015-3-00,2026-07-22T12:00:00Z,架空市場 分析ノート,分析ノート,#分析ノート,500,27,3,2
INSTAGRAM,demo-market-015-3-01,2026-07-22T12:00:00Z,架空市場 分析ノート,分析ノート,#分析ノート,500,27,3,2
X,demo-market-015-3-02,2026-07-22T12:00:00Z,架空市場 分析ノート,分析ノート,#分析ノート,500,25,3,2
INSTAGRAM,demo-market-015-3-03,2026-07-22T12:00:00Z,架空市場 分析ノート,分析ノート,#分析ノート,500,27,3,2
X,demo-market-015-3-04,2026-07-22T12:00:00Z,架空市場 分析ノート,分析ノート,#分析ノート,500,28,3,2
INSTAGRAM,demo-market-015-3-05,2026-07-22T12:00:00Z,架空市場 分析ノート,分析ノート,#分析ノート,500,25,3,2
X,demo-market-015-3-06,2026-07-22T12:00:00Z,架空市場 分析ノート,分析ノート,#分析ノート,500,28,3,2
INSTAGRAM,demo-market-015-3-07,2026-07-22T12:00:00Z,架空市場 分析ノート,分析ノート,#分析ノート,500,27,3,2
X,demo-market-015-4-00,2026-07-22T12:00:00Z,架空市場 動画ラボ,動画ラボ,#動画ラボ,100,5,0,0
X,demo-market-015-5-00,2026-07-22T12:00:00Z,架空市場 運用メモ,運用メモ,#運用メモ,600,30,3,3
INSTAGRAM,demo-market-015-5-01,2026-07-22T12:00:00Z,架空市場 運用メモ,運用メモ,#運用メモ,600,31,3,3
X,demo-market-015-5-02,2026-07-22T12:00:00Z,架空市場 運用メモ,運用メモ,#運用メモ,600,31,3,3
INSTAGRAM,demo-market-015-5-03,2026-07-22T12:00:00Z,架空市場 運用メモ,運用メモ,#運用メモ,600,33,3,3
X,demo-market-015-5-04,2026-07-22T12:00:00Z,架空市場 運用メモ,運用メモ,#運用メモ,600,31,3,3
INSTAGRAM,demo-market-015-5-05,2026-07-22T12:00:00Z,架空市場 運用メモ,運用メモ,#運用メモ,600,31,3,3
X,demo-market-015-5-06,2026-07-22T12:00:00Z,架空市場 運用メモ,運用メモ,#運用メモ,600,31,3,3
X,demo-market-016-0-00,2026-07-23T12:00:00Z,架空市場 生成AI研究,生成AI研究,#生成AI研究,1600,80,10,8
INSTAGRAM,demo-market-016-0-01,2026-07-23T12:00:00Z,架空市場 生成AI研究,生成AI研究,#生成AI研究,1600,83,10,8
X,demo-market-016-0-02,2026-07-23T12:00:00Z,架空市場 生成AI研究,生成AI研究,#生成AI研究,1600,81,10,8
INSTAGRAM,demo-market-016-0-03,2026-07-23T12:00:00Z,架空市場 生成AI研究,生成AI研究,#生成AI研究,1600,83,10,8
X,demo-market-016-0-04,2026-07-23T12:00:00Z,架空市場 生成AI研究,生成AI研究,#生成AI研究,1600,82,10,8
INSTAGRAM,demo-market-016-0-05,2026-07-23T12:00:00Z,架空市場 生成AI研究,生成AI研究,#生成AI研究,1600,83,10,8
X,demo-market-016-0-06,2026-07-23T12:00:00Z,架空市場 生成AI研究,生成AI研究,#生成AI研究,1600,82,10,8
INSTAGRAM,demo-market-016-0-07,2026-07-23T12:00:00Z,架空市場 生成AI研究,生成AI研究,#生成AI研究,1600,82,10,8
X,demo-market-016-0-08,2026-07-23T12:00:00Z,架空市場 生成AI研究,生成AI研究,#生成AI研究,1600,81,10,8
INSTAGRAM,demo-market-016-0-09,2026-07-23T12:00:00Z,架空市場 生成AI研究,生成AI研究,#生成AI研究,1600,82,10,8
X,demo-market-016-1-00,2026-07-23T12:00:00Z,架空市場 効率化実験,効率化実験,#効率化実験,1600,81,10,8
INSTAGRAM,demo-market-016-1-01,2026-07-23T12:00:00Z,架空市場 効率化実験,効率化実験,#効率化実験,1600,80,10,8
X,demo-market-016-1-02,2026-07-23T12:00:00Z,架空市場 効率化実験,効率化実験,#効率化実験,1600,80,10,8
INSTAGRAM,demo-market-016-1-03,2026-07-23T12:00:00Z,架空市場 効率化実験,効率化実験,#効率化実験,1600,81,10,8
X,demo-market-016-1-04,2026-07-23T12:00:00Z,架空市場 効率化実験,効率化実験,#効率化実験,1600,82,10,8
INSTAGRAM,demo-market-016-1-05,2026-07-23T12:00:00Z,架空市場 効率化実験,効率化実験,#効率化実験,1600,81,10,8
X,demo-market-016-1-06,2026-07-23T12:00:00Z,架空市場 効率化実験,効率化実験,#効率化実験,1600,80,10,8
INSTAGRAM,demo-market-016-1-07,2026-07-23T12:00:00Z,架空市場 効率化実験,効率化実験,#効率化実験,1600,81,10,8
X,demo-market-016-1-08,2026-07-23T12:00:00Z,架空市場 効率化実験,効率化実験,#効率化実験,1600,80,10,8
INSTAGRAM,demo-market-016-1-09,2026-07-23T12:00:00Z,架空市場 効率化実験,効率化実験,#効率化実験,1600,80,10,8
X,demo-market-016-2-00,2026-07-23T12:00:00Z,架空市場 エージェント検証,エージェント検証,#エージェント検証,1680,85,10,8
INSTAGRAM,demo-market-016-2-01,2026-07-23T12:00:00Z,架空市場 エージェント検証,エージェント検証,#エージェント検証,1680,86,10,8
X,demo-market-016-2-02,2026-07-23T12:00:00Z,架空市場 エージェント検証,エージェント検証,#エージェント検証,1680,86,10,8
INSTAGRAM,demo-market-016-2-03,2026-07-23T12:00:00Z,架空市場 エージェント検証,エージェント検証,#エージェント検証,1680,87,10,8
X,demo-market-016-2-04,2026-07-23T12:00:00Z,架空市場 エージェント検証,エージェント検証,#エージェント検証,1680,84,10,8
INSTAGRAM,demo-market-016-2-05,2026-07-23T12:00:00Z,架空市場 エージェント検証,エージェント検証,#エージェント検証,1680,86,10,8
X,demo-market-016-2-06,2026-07-23T12:00:00Z,架空市場 エージェント検証,エージェント検証,#エージェント検証,1680,85,10,8
INSTAGRAM,demo-market-016-2-07,2026-07-23T12:00:00Z,架空市場 エージェント検証,エージェント検証,#エージェント検証,1680,85,10,8
X,demo-market-016-2-08,2026-07-23T12:00:00Z,架空市場 エージェント検証,エージェント検証,#エージェント検証,1680,85,10,8
INSTAGRAM,demo-market-016-2-09,2026-07-23T12:00:00Z,架空市場 エージェント検証,エージェント検証,#エージェント検証,1680,86,10,8
X,demo-market-016-2-10,2026-07-23T12:00:00Z,架空市場 エージェント検証,エージェント検証,#エージェント検証,1680,85,10,8
INSTAGRAM,demo-market-016-2-11,2026-07-23T12:00:00Z,架空市場 エージェント検証,エージェント検証,#エージェント検証,1680,84,10,8
X,demo-market-016-2-12,2026-07-23T12:00:00Z,架空市場 エージェント検証,エージェント検証,#エージェント検証,1680,87,10,8
INSTAGRAM,demo-market-016-2-13,2026-07-23T12:00:00Z,架空市場 エージェント検証,エージェント検証,#エージェント検証,1680,84,10,8
X,demo-market-016-3-00,2026-07-23T12:00:00Z,架空市場 分析ノート,分析ノート,#分析ノート,500,25,3,2
INSTAGRAM,demo-market-016-3-01,2026-07-23T12:00:00Z,架空市場 分析ノート,分析ノート,#分析ノート,500,25,3,2
X,demo-market-016-3-02,2026-07-23T12:00:00Z,架空市場 分析ノート,分析ノート,#分析ノート,500,28,3,2
INSTAGRAM,demo-market-016-3-03,2026-07-23T12:00:00Z,架空市場 分析ノート,分析ノート,#分析ノート,500,28,3,2
X,demo-market-016-3-04,2026-07-23T12:00:00Z,架空市場 分析ノート,分析ノート,#分析ノート,500,25,3,2
INSTAGRAM,demo-market-016-3-05,2026-07-23T12:00:00Z,架空市場 分析ノート,分析ノート,#分析ノート,500,26,3,2
X,demo-market-016-3-06,2026-07-23T12:00:00Z,架空市場 分析ノート,分析ノート,#分析ノート,500,28,3,2
INSTAGRAM,demo-market-016-3-07,2026-07-23T12:00:00Z,架空市場 分析ノート,分析ノート,#分析ノート,500,26,3,2
X,demo-market-016-4-00,2026-07-23T12:00:00Z,架空市場 動画ラボ,動画ラボ,#動画ラボ,100,7,0,0
X,demo-market-016-5-00,2026-07-23T12:00:00Z,架空市場 運用メモ,運用メモ,#運用メモ,600,31,3,3
INSTAGRAM,demo-market-016-5-01,2026-07-23T12:00:00Z,架空市場 運用メモ,運用メモ,#運用メモ,600,32,3,3
X,demo-market-016-5-02,2026-07-23T12:00:00Z,架空市場 運用メモ,運用メモ,#運用メモ,600,32,3,3
INSTAGRAM,demo-market-016-5-03,2026-07-23T12:00:00Z,架空市場 運用メモ,運用メモ,#運用メモ,600,32,3,3
X,demo-market-016-5-04,2026-07-23T12:00:00Z,架空市場 運用メモ,運用メモ,#運用メモ,600,30,3,3
INSTAGRAM,demo-market-016-5-05,2026-07-23T12:00:00Z,架空市場 運用メモ,運用メモ,#運用メモ,600,32,3,3
X,demo-market-016-5-06,2026-07-23T12:00:00Z,架空市場 運用メモ,運用メモ,#運用メモ,600,33,3,3
X,demo-market-017-0-00,2026-07-24T12:00:00Z,架空市場 生成AI研究,生成AI研究,#生成AI研究,1600,83,10,8
INSTAGRAM,demo-market-017-0-01,2026-07-24T12:00:00Z,架空市場 生成AI研究,生成AI研究,#生成AI研究,1600,80,10,8
X,demo-market-017-0-02,2026-07-24T12:00:00Z,架空市場 生成AI研究,生成AI研究,#生成AI研究,1600,80,10,8
INSTAGRAM,demo-market-017-0-03,2026-07-24T12:00:00Z,架空市場 生成AI研究,生成AI研究,#生成AI研究,1600,83,10,8
X,demo-market-017-0-04,2026-07-24T12:00:00Z,架空市場 生成AI研究,生成AI研究,#生成AI研究,1600,81,10,8
INSTAGRAM,demo-market-017-0-05,2026-07-24T12:00:00Z,架空市場 生成AI研究,生成AI研究,#生成AI研究,1600,82,10,8
X,demo-market-017-0-06,2026-07-24T12:00:00Z,架空市場 生成AI研究,生成AI研究,#生成AI研究,1600,81,10,8
INSTAGRAM,demo-market-017-0-07,2026-07-24T12:00:00Z,架空市場 生成AI研究,生成AI研究,#生成AI研究,1600,81,10,8
X,demo-market-017-0-08,2026-07-24T12:00:00Z,架空市場 生成AI研究,生成AI研究,#生成AI研究,1600,82,10,8
INSTAGRAM,demo-market-017-0-09,2026-07-24T12:00:00Z,架空市場 生成AI研究,生成AI研究,#生成AI研究,1600,80,10,8
X,demo-market-017-1-00,2026-07-24T12:00:00Z,架空市場 効率化実験,効率化実験,#効率化実験,1600,82,10,8
INSTAGRAM,demo-market-017-1-01,2026-07-24T12:00:00Z,架空市場 効率化実験,効率化実験,#効率化実験,1600,80,10,8
X,demo-market-017-1-02,2026-07-24T12:00:00Z,架空市場 効率化実験,効率化実験,#効率化実験,1600,80,10,8
INSTAGRAM,demo-market-017-1-03,2026-07-24T12:00:00Z,架空市場 効率化実験,効率化実験,#効率化実験,1600,82,10,8
X,demo-market-017-1-04,2026-07-24T12:00:00Z,架空市場 効率化実験,効率化実験,#効率化実験,1600,80,10,8
INSTAGRAM,demo-market-017-1-05,2026-07-24T12:00:00Z,架空市場 効率化実験,効率化実験,#効率化実験,1600,81,10,8
X,demo-market-017-1-06,2026-07-24T12:00:00Z,架空市場 効率化実験,効率化実験,#効率化実験,1600,80,10,8
INSTAGRAM,demo-market-017-1-07,2026-07-24T12:00:00Z,架空市場 効率化実験,効率化実験,#効率化実験,1600,80,10,8
X,demo-market-017-1-08,2026-07-24T12:00:00Z,架空市場 効率化実験,効率化実験,#効率化実験,1600,81,10,8
INSTAGRAM,demo-market-017-1-09,2026-07-24T12:00:00Z,架空市場 効率化実験,効率化実験,#効率化実験,1600,80,10,8
X,demo-market-017-2-00,2026-07-24T12:00:00Z,架空市場 エージェント検証,エージェント検証,#エージェント検証,1660,85,10,8
INSTAGRAM,demo-market-017-2-01,2026-07-24T12:00:00Z,架空市場 エージェント検証,エージェント検証,#エージェント検証,1660,84,10,8
X,demo-market-017-2-02,2026-07-24T12:00:00Z,架空市場 エージェント検証,エージェント検証,#エージェント検証,1660,83,10,8
INSTAGRAM,demo-market-017-2-03,2026-07-24T12:00:00Z,架空市場 エージェント検証,エージェント検証,#エージェント検証,1660,84,10,8
X,demo-market-017-2-04,2026-07-24T12:00:00Z,架空市場 エージェント検証,エージェント検証,#エージェント検証,1660,86,10,8
INSTAGRAM,demo-market-017-2-05,2026-07-24T12:00:00Z,架空市場 エージェント検証,エージェント検証,#エージェント検証,1660,84,10,8
X,demo-market-017-2-06,2026-07-24T12:00:00Z,架空市場 エージェント検証,エージェント検証,#エージェント検証,1660,84,10,8
INSTAGRAM,demo-market-017-2-07,2026-07-24T12:00:00Z,架空市場 エージェント検証,エージェント検証,#エージェント検証,1660,83,10,8
X,demo-market-017-2-08,2026-07-24T12:00:00Z,架空市場 エージェント検証,エージェント検証,#エージェント検証,1660,85,10,8
INSTAGRAM,demo-market-017-2-09,2026-07-24T12:00:00Z,架空市場 エージェント検証,エージェント検証,#エージェント検証,1660,83,10,8
X,demo-market-017-2-10,2026-07-24T12:00:00Z,架空市場 エージェント検証,エージェント検証,#エージェント検証,1660,83,10,8
INSTAGRAM,demo-market-017-2-11,2026-07-24T12:00:00Z,架空市場 エージェント検証,エージェント検証,#エージェント検証,1660,83,10,8
X,demo-market-017-2-12,2026-07-24T12:00:00Z,架空市場 エージェント検証,エージェント検証,#エージェント検証,1660,85,10,8
INSTAGRAM,demo-market-017-2-13,2026-07-24T12:00:00Z,架空市場 エージェント検証,エージェント検証,#エージェント検証,1660,83,10,8
X,demo-market-017-3-00,2026-07-24T12:00:00Z,架空市場 分析ノート,分析ノート,#分析ノート,500,28,3,2
INSTAGRAM,demo-market-017-3-01,2026-07-24T12:00:00Z,架空市場 分析ノート,分析ノート,#分析ノート,500,27,3,2
X,demo-market-017-3-02,2026-07-24T12:00:00Z,架空市場 分析ノート,分析ノート,#分析ノート,500,25,3,2
INSTAGRAM,demo-market-017-3-03,2026-07-24T12:00:00Z,架空市場 分析ノート,分析ノート,#分析ノート,500,28,3,2
X,demo-market-017-3-04,2026-07-24T12:00:00Z,架空市場 分析ノート,分析ノート,#分析ノート,500,25,3,2
INSTAGRAM,demo-market-017-3-05,2026-07-24T12:00:00Z,架空市場 分析ノート,分析ノート,#分析ノート,500,28,3,2
X,demo-market-017-3-06,2026-07-24T12:00:00Z,架空市場 分析ノート,分析ノート,#分析ノート,500,27,3,2
INSTAGRAM,demo-market-017-3-07,2026-07-24T12:00:00Z,架空市場 分析ノート,分析ノート,#分析ノート,500,27,3,2
X,demo-market-017-4-00,2026-07-24T12:00:00Z,架空市場 動画ラボ,動画ラボ,#動画ラボ,100,5,0,0
X,demo-market-017-5-00,2026-07-24T12:00:00Z,架空市場 運用メモ,運用メモ,#運用メモ,600,31,3,3
INSTAGRAM,demo-market-017-5-01,2026-07-24T12:00:00Z,架空市場 運用メモ,運用メモ,#運用メモ,600,31,3,3
X,demo-market-017-5-02,2026-07-24T12:00:00Z,架空市場 運用メモ,運用メモ,#運用メモ,600,30,3,3
INSTAGRAM,demo-market-017-5-03,2026-07-24T12:00:00Z,架空市場 運用メモ,運用メモ,#運用メモ,600,33,3,3
X,demo-market-017-5-04,2026-07-24T12:00:00Z,架空市場 運用メモ,運用メモ,#運用メモ,600,33,3,3
INSTAGRAM,demo-market-017-5-05,2026-07-24T12:00:00Z,架空市場 運用メモ,運用メモ,#運用メモ,600,32,3,3
X,demo-market-017-5-06,2026-07-24T12:00:00Z,架空市場 運用メモ,運用メモ,#運用メモ,600,31,3,3
X,demo-market-018-0-00,2026-07-25T12:00:00Z,架空市場 生成AI研究,生成AI研究,#生成AI研究,1600,83,10,8
INSTAGRAM,demo-market-018-0-01,2026-07-25T12:00:00Z,架空市場 生成AI研究,生成AI研究,#生成AI研究,1600,80,10,8
X,demo-market-018-0-02,2026-07-25T12:00:00Z,架空市場 生成AI研究,生成AI研究,#生成AI研究,1600,83,10,8
INSTAGRAM,demo-market-018-0-03,2026-07-25T12:00:00Z,架空市場 生成AI研究,生成AI研究,#生成AI研究,1600,81,10,8
X,demo-market-018-0-04,2026-07-25T12:00:00Z,架空市場 生成AI研究,生成AI研究,#生成AI研究,1600,83,10,8
INSTAGRAM,demo-market-018-0-05,2026-07-25T12:00:00Z,架空市場 生成AI研究,生成AI研究,#生成AI研究,1600,80,10,8
X,demo-market-018-0-06,2026-07-25T12:00:00Z,架空市場 生成AI研究,生成AI研究,#生成AI研究,1600,83,10,8
INSTAGRAM,demo-market-018-0-07,2026-07-25T12:00:00Z,架空市場 生成AI研究,生成AI研究,#生成AI研究,1600,81,10,8
X,demo-market-018-0-08,2026-07-25T12:00:00Z,架空市場 生成AI研究,生成AI研究,#生成AI研究,1600,81,10,8
INSTAGRAM,demo-market-018-0-09,2026-07-25T12:00:00Z,架空市場 生成AI研究,生成AI研究,#生成AI研究,1600,83,10,8
X,demo-market-018-1-00,2026-07-25T12:00:00Z,架空市場 効率化実験,効率化実験,#効率化実験,1600,82,10,8
INSTAGRAM,demo-market-018-1-01,2026-07-25T12:00:00Z,架空市場 効率化実験,効率化実験,#効率化実験,1600,81,10,8
X,demo-market-018-1-02,2026-07-25T12:00:00Z,架空市場 効率化実験,効率化実験,#効率化実験,1600,80,10,8
INSTAGRAM,demo-market-018-1-03,2026-07-25T12:00:00Z,架空市場 効率化実験,効率化実験,#効率化実験,1600,81,10,8
X,demo-market-018-1-04,2026-07-25T12:00:00Z,架空市場 効率化実験,効率化実験,#効率化実験,1600,81,10,8
INSTAGRAM,demo-market-018-1-05,2026-07-25T12:00:00Z,架空市場 効率化実験,効率化実験,#効率化実験,1600,80,10,8
X,demo-market-018-1-06,2026-07-25T12:00:00Z,架空市場 効率化実験,効率化実験,#効率化実験,1600,80,10,8
INSTAGRAM,demo-market-018-1-07,2026-07-25T12:00:00Z,架空市場 効率化実験,効率化実験,#効率化実験,1600,82,10,8
X,demo-market-018-1-08,2026-07-25T12:00:00Z,架空市場 効率化実験,効率化実験,#効率化実験,1600,80,10,8
INSTAGRAM,demo-market-018-1-09,2026-07-25T12:00:00Z,架空市場 効率化実験,効率化実験,#効率化実験,1600,83,10,8
X,demo-market-018-1-10,2026-07-25T12:00:00Z,架空市場 効率化実験,効率化実験,#効率化実験,1600,80,10,8
X,demo-market-018-2-00,2026-07-25T12:00:00Z,架空市場 エージェント検証,エージェント検証,#エージェント検証,1640,84,10,8
INSTAGRAM,demo-market-018-2-01,2026-07-25T12:00:00Z,架空市場 エージェント検証,エージェント検証,#エージェント検証,1640,82,10,8
X,demo-market-018-2-02,2026-07-25T12:00:00Z,架空市場 エージェント検証,エージェント検証,#エージェント検証,1640,84,10,8
INSTAGRAM,demo-market-018-2-03,2026-07-25T12:00:00Z,架空市場 エージェント検証,エージェント検証,#エージェント検証,1640,85,10,8
X,demo-market-018-2-04,2026-07-25T12:00:00Z,架空市場 エージェント検証,エージェント検証,#エージェント検証,1640,82,10,8
INSTAGRAM,demo-market-018-2-05,2026-07-25T12:00:00Z,架空市場 エージェント検証,エージェント検証,#エージェント検証,1640,85,10,8
X,demo-market-018-2-06,2026-07-25T12:00:00Z,架空市場 エージェント検証,エージェント検証,#エージェント検証,1640,83,10,8
INSTAGRAM,demo-market-018-2-07,2026-07-25T12:00:00Z,架空市場 エージェント検証,エージェント検証,#エージェント検証,1640,84,10,8
X,demo-market-018-2-08,2026-07-25T12:00:00Z,架空市場 エージェント検証,エージェント検証,#エージェント検証,1640,82,10,8
INSTAGRAM,demo-market-018-2-09,2026-07-25T12:00:00Z,架空市場 エージェント検証,エージェント検証,#エージェント検証,1640,84,10,8
X,demo-market-018-2-10,2026-07-25T12:00:00Z,架空市場 エージェント検証,エージェント検証,#エージェント検証,1640,83,10,8
INSTAGRAM,demo-market-018-2-11,2026-07-25T12:00:00Z,架空市場 エージェント検証,エージェント検証,#エージェント検証,1640,82,10,8
X,demo-market-018-2-12,2026-07-25T12:00:00Z,架空市場 エージェント検証,エージェント検証,#エージェント検証,1640,85,10,8
X,demo-market-018-3-00,2026-07-25T12:00:00Z,架空市場 分析ノート,分析ノート,#分析ノート,500,28,3,2
INSTAGRAM,demo-market-018-3-01,2026-07-25T12:00:00Z,架空市場 分析ノート,分析ノート,#分析ノート,500,26,3,2
X,demo-market-018-3-02,2026-07-25T12:00:00Z,架空市場 分析ノート,分析ノート,#分析ノート,500,26,3,2
INSTAGRAM,demo-market-018-3-03,2026-07-25T12:00:00Z,架空市場 分析ノート,分析ノート,#分析ノート,500,26,3,2
X,demo-market-018-3-04,2026-07-25T12:00:00Z,架空市場 分析ノート,分析ノート,#分析ノート,500,27,3,2
INSTAGRAM,demo-market-018-3-05,2026-07-25T12:00:00Z,架空市場 分析ノート,分析ノート,#分析ノート,500,28,3,2
X,demo-market-018-3-06,2026-07-25T12:00:00Z,架空市場 分析ノート,分析ノート,#分析ノート,500,28,3,2
INSTAGRAM,demo-market-018-3-07,2026-07-25T12:00:00Z,架空市場 分析ノート,分析ノート,#分析ノート,500,28,3,2
X,demo-market-018-4-00,2026-07-25T12:00:00Z,架空市場 動画ラボ,動画ラボ,#動画ラボ,100,7,0,0
X,demo-market-018-5-00,2026-07-25T12:00:00Z,架空市場 運用メモ,運用メモ,#運用メモ,600,30,3,3
INSTAGRAM,demo-market-018-5-01,2026-07-25T12:00:00Z,架空市場 運用メモ,運用メモ,#運用メモ,600,32,3,3
X,demo-market-018-5-02,2026-07-25T12:00:00Z,架空市場 運用メモ,運用メモ,#運用メモ,600,31,3,3
INSTAGRAM,demo-market-018-5-03,2026-07-25T12:00:00Z,架空市場 運用メモ,運用メモ,#運用メモ,600,30,3,3
X,demo-market-018-5-04,2026-07-25T12:00:00Z,架空市場 運用メモ,運用メモ,#運用メモ,600,31,3,3
INSTAGRAM,demo-market-018-5-05,2026-07-25T12:00:00Z,架空市場 運用メモ,運用メモ,#運用メモ,600,33,3,3
X,demo-market-018-5-06,2026-07-25T12:00:00Z,架空市場 運用メモ,運用メモ,#運用メモ,600,32,3,3
X,demo-market-019-0-00,2026-07-26T12:00:00Z,架空市場 生成AI研究,生成AI研究,#生成AI研究,1600,83,10,8
INSTAGRAM,demo-market-019-0-01,2026-07-26T12:00:00Z,架空市場 生成AI研究,生成AI研究,#生成AI研究,1600,80,10,8
X,demo-market-019-0-02,2026-07-26T12:00:00Z,架空市場 生成AI研究,生成AI研究,#生成AI研究,1600,81,10,8
INSTAGRAM,demo-market-019-0-03,2026-07-26T12:00:00Z,架空市場 生成AI研究,生成AI研究,#生成AI研究,1600,83,10,8
X,demo-market-019-0-04,2026-07-26T12:00:00Z,架空市場 生成AI研究,生成AI研究,#生成AI研究,1600,82,10,8
INSTAGRAM,demo-market-019-0-05,2026-07-26T12:00:00Z,架空市場 生成AI研究,生成AI研究,#生成AI研究,1600,81,10,8
X,demo-market-019-0-06,2026-07-26T12:00:00Z,架空市場 生成AI研究,生成AI研究,#生成AI研究,1600,80,10,8
INSTAGRAM,demo-market-019-0-07,2026-07-26T12:00:00Z,架空市場 生成AI研究,生成AI研究,#生成AI研究,1600,82,10,8
X,demo-market-019-0-08,2026-07-26T12:00:00Z,架空市場 生成AI研究,生成AI研究,#生成AI研究,1600,82,10,8
INSTAGRAM,demo-market-019-0-09,2026-07-26T12:00:00Z,架空市場 生成AI研究,生成AI研究,#生成AI研究,1600,83,10,8
X,demo-market-019-1-00,2026-07-26T12:00:00Z,架空市場 効率化実験,効率化実験,#効率化実験,1600,82,10,8
INSTAGRAM,demo-market-019-1-01,2026-07-26T12:00:00Z,架空市場 効率化実験,効率化実験,#効率化実験,1600,82,10,8
X,demo-market-019-1-02,2026-07-26T12:00:00Z,架空市場 効率化実験,効率化実験,#効率化実験,1600,82,10,8
INSTAGRAM,demo-market-019-1-03,2026-07-26T12:00:00Z,架空市場 効率化実験,効率化実験,#効率化実験,1600,82,10,8
X,demo-market-019-1-04,2026-07-26T12:00:00Z,架空市場 効率化実験,効率化実験,#効率化実験,1600,80,10,8
INSTAGRAM,demo-market-019-1-05,2026-07-26T12:00:00Z,架空市場 効率化実験,効率化実験,#効率化実験,1600,82,10,8
X,demo-market-019-1-06,2026-07-26T12:00:00Z,架空市場 効率化実験,効率化実験,#効率化実験,1600,83,10,8
INSTAGRAM,demo-market-019-1-07,2026-07-26T12:00:00Z,架空市場 効率化実験,効率化実験,#効率化実験,1600,80,10,8
X,demo-market-019-1-08,2026-07-26T12:00:00Z,架空市場 効率化実験,効率化実験,#効率化実験,1600,82,10,8
INSTAGRAM,demo-market-019-1-09,2026-07-26T12:00:00Z,架空市場 効率化実験,効率化実験,#効率化実験,1600,80,10,8
X,demo-market-019-1-10,2026-07-26T12:00:00Z,架空市場 効率化実験,効率化実験,#効率化実験,1600,82,10,8
X,demo-market-019-2-00,2026-07-26T12:00:00Z,架空市場 エージェント検証,エージェント検証,#エージェント検証,1620,82,10,8
INSTAGRAM,demo-market-019-2-01,2026-07-26T12:00:00Z,架空市場 エージェント検証,エージェント検証,#エージェント検証,1620,84,10,8
X,demo-market-019-2-02,2026-07-26T12:00:00Z,架空市場 エージェント検証,エージェント検証,#エージェント検証,1620,82,10,8
INSTAGRAM,demo-market-019-2-03,2026-07-26T12:00:00Z,架空市場 エージェント検証,エージェント検証,#エージェント検証,1620,82,10,8
X,demo-market-019-2-04,2026-07-26T12:00:00Z,架空市場 エージェント検証,エージェント検証,#エージェント検証,1620,84,10,8
INSTAGRAM,demo-market-019-2-05,2026-07-26T12:00:00Z,架空市場 エージェント検証,エージェント検証,#エージェント検証,1620,84,10,8
X,demo-market-019-2-06,2026-07-26T12:00:00Z,架空市場 エージェント検証,エージェント検証,#エージェント検証,1620,82,10,8
INSTAGRAM,demo-market-019-2-07,2026-07-26T12:00:00Z,架空市場 エージェント検証,エージェント検証,#エージェント検証,1620,82,10,8
X,demo-market-019-2-08,2026-07-26T12:00:00Z,架空市場 エージェント検証,エージェント検証,#エージェント検証,1620,83,10,8
INSTAGRAM,demo-market-019-2-09,2026-07-26T12:00:00Z,架空市場 エージェント検証,エージェント検証,#エージェント検証,1620,84,10,8
X,demo-market-019-2-10,2026-07-26T12:00:00Z,架空市場 エージェント検証,エージェント検証,#エージェント検証,1620,81,10,8
INSTAGRAM,demo-market-019-2-11,2026-07-26T12:00:00Z,架空市場 エージェント検証,エージェント検証,#エージェント検証,1620,81,10,8
X,demo-market-019-2-12,2026-07-26T12:00:00Z,架空市場 エージェント検証,エージェント検証,#エージェント検証,1620,84,10,8
X,demo-market-019-3-00,2026-07-26T12:00:00Z,架空市場 分析ノート,分析ノート,#分析ノート,500,27,3,2
INSTAGRAM,demo-market-019-3-01,2026-07-26T12:00:00Z,架空市場 分析ノート,分析ノート,#分析ノート,500,27,3,2
X,demo-market-019-3-02,2026-07-26T12:00:00Z,架空市場 分析ノート,分析ノート,#分析ノート,500,27,3,2
INSTAGRAM,demo-market-019-3-03,2026-07-26T12:00:00Z,架空市場 分析ノート,分析ノート,#分析ノート,500,26,3,2
X,demo-market-019-3-04,2026-07-26T12:00:00Z,架空市場 分析ノート,分析ノート,#分析ノート,500,25,3,2
INSTAGRAM,demo-market-019-3-05,2026-07-26T12:00:00Z,架空市場 分析ノート,分析ノート,#分析ノート,500,27,3,2
X,demo-market-019-3-06,2026-07-26T12:00:00Z,架空市場 分析ノート,分析ノート,#分析ノート,500,27,3,2
INSTAGRAM,demo-market-019-3-07,2026-07-26T12:00:00Z,架空市場 分析ノート,分析ノート,#分析ノート,500,28,3,2
X,demo-market-019-3-08,2026-07-26T12:00:00Z,架空市場 分析ノート,分析ノート,#分析ノート,500,28,3,2
X,demo-market-019-4-00,2026-07-26T12:00:00Z,架空市場 動画ラボ,動画ラボ,#動画ラボ,100,6,0,0
X,demo-market-019-5-00,2026-07-26T12:00:00Z,架空市場 運用メモ,運用メモ,#運用メモ,600,30,3,3
INSTAGRAM,demo-market-019-5-01,2026-07-26T12:00:00Z,架空市場 運用メモ,運用メモ,#運用メモ,600,33,3,3
X,demo-market-019-5-02,2026-07-26T12:00:00Z,架空市場 運用メモ,運用メモ,#運用メモ,600,30,3,3
INSTAGRAM,demo-market-019-5-03,2026-07-26T12:00:00Z,架空市場 運用メモ,運用メモ,#運用メモ,600,30,3,3
X,demo-market-019-5-04,2026-07-26T12:00:00Z,架空市場 運用メモ,運用メモ,#運用メモ,600,33,3,3
INSTAGRAM,demo-market-019-5-05,2026-07-26T12:00:00Z,架空市場 運用メモ,運用メモ,#運用メモ,600,32,3,3
X,demo-market-020-0-00,2026-07-27T12:00:00Z,架空市場 生成AI研究,生成AI研究,#生成AI研究,1600,82,10,8
INSTAGRAM,demo-market-020-0-01,2026-07-27T12:00:00Z,架空市場 生成AI研究,生成AI研究,#生成AI研究,1600,80,10,8
X,demo-market-020-0-02,2026-07-27T12:00:00Z,架空市場 生成AI研究,生成AI研究,#生成AI研究,1600,83,10,8
INSTAGRAM,demo-market-020-0-03,2026-07-27T12:00:00Z,架空市場 生成AI研究,生成AI研究,#生成AI研究,1600,80,10,8
X,demo-market-020-0-04,2026-07-27T12:00:00Z,架空市場 生成AI研究,生成AI研究,#生成AI研究,1600,80,10,8
INSTAGRAM,demo-market-020-0-05,2026-07-27T12:00:00Z,架空市場 生成AI研究,生成AI研究,#生成AI研究,1600,83,10,8
X,demo-market-020-0-06,2026-07-27T12:00:00Z,架空市場 生成AI研究,生成AI研究,#生成AI研究,1600,80,10,8
INSTAGRAM,demo-market-020-0-07,2026-07-27T12:00:00Z,架空市場 生成AI研究,生成AI研究,#生成AI研究,1600,81,10,8
X,demo-market-020-0-08,2026-07-27T12:00:00Z,架空市場 生成AI研究,生成AI研究,#生成AI研究,1600,83,10,8
INSTAGRAM,demo-market-020-0-09,2026-07-27T12:00:00Z,架空市場 生成AI研究,生成AI研究,#生成AI研究,1600,80,10,8
X,demo-market-020-1-00,2026-07-27T12:00:00Z,架空市場 効率化実験,効率化実験,#効率化実験,1600,83,10,8
INSTAGRAM,demo-market-020-1-01,2026-07-27T12:00:00Z,架空市場 効率化実験,効率化実験,#効率化実験,1600,82,10,8
X,demo-market-020-1-02,2026-07-27T12:00:00Z,架空市場 効率化実験,効率化実験,#効率化実験,1600,81,10,8
INSTAGRAM,demo-market-020-1-03,2026-07-27T12:00:00Z,架空市場 効率化実験,効率化実験,#効率化実験,1600,81,10,8
X,demo-market-020-1-04,2026-07-27T12:00:00Z,架空市場 効率化実験,効率化実験,#効率化実験,1600,81,10,8
INSTAGRAM,demo-market-020-1-05,2026-07-27T12:00:00Z,架空市場 効率化実験,効率化実験,#効率化実験,1600,83,10,8
X,demo-market-020-1-06,2026-07-27T12:00:00Z,架空市場 効率化実験,効率化実験,#効率化実験,1600,81,10,8
INSTAGRAM,demo-market-020-1-07,2026-07-27T12:00:00Z,架空市場 効率化実験,効率化実験,#効率化実験,1600,81,10,8
X,demo-market-020-1-08,2026-07-27T12:00:00Z,架空市場 効率化実験,効率化実験,#効率化実験,1600,81,10,8
INSTAGRAM,demo-market-020-1-09,2026-07-27T12:00:00Z,架空市場 効率化実験,効率化実験,#効率化実験,1600,83,10,8
X,demo-market-020-1-10,2026-07-27T12:00:00Z,架空市場 効率化実験,効率化実験,#効率化実験,1600,81,10,8
X,demo-market-020-2-00,2026-07-27T12:00:00Z,架空市場 エージェント検証,エージェント検証,#エージェント検証,1600,80,10,8
INSTAGRAM,demo-market-020-2-01,2026-07-27T12:00:00Z,架空市場 エージェント検証,エージェント検証,#エージェント検証,1600,82,10,8
X,demo-market-020-2-02,2026-07-27T12:00:00Z,架空市場 エージェント検証,エージェント検証,#エージェント検証,1600,83,10,8
INSTAGRAM,demo-market-020-2-03,2026-07-27T12:00:00Z,架空市場 エージェント検証,エージェント検証,#エージェント検証,1600,82,10,8
X,demo-market-020-2-04,2026-07-27T12:00:00Z,架空市場 エージェント検証,エージェント検証,#エージェント検証,1600,80,10,8
INSTAGRAM,demo-market-020-2-05,2026-07-27T12:00:00Z,架空市場 エージェント検証,エージェント検証,#エージェント検証,1600,81,10,8
X,demo-market-020-2-06,2026-07-27T12:00:00Z,架空市場 エージェント検証,エージェント検証,#エージェント検証,1600,81,10,8
INSTAGRAM,demo-market-020-2-07,2026-07-27T12:00:00Z,架空市場 エージェント検証,エージェント検証,#エージェント検証,1600,81,10,8
X,demo-market-020-2-08,2026-07-27T12:00:00Z,架空市場 エージェント検証,エージェント検証,#エージェント検証,1600,82,10,8
INSTAGRAM,demo-market-020-2-09,2026-07-27T12:00:00Z,架空市場 エージェント検証,エージェント検証,#エージェント検証,1600,80,10,8
X,demo-market-020-2-10,2026-07-27T12:00:00Z,架空市場 エージェント検証,エージェント検証,#エージェント検証,1600,80,10,8
INSTAGRAM,demo-market-020-2-11,2026-07-27T12:00:00Z,架空市場 エージェント検証,エージェント検証,#エージェント検証,1600,80,10,8
X,demo-market-020-2-12,2026-07-27T12:00:00Z,架空市場 エージェント検証,エージェント検証,#エージェント検証,1600,80,10,8
X,demo-market-020-3-00,2026-07-27T12:00:00Z,架空市場 分析ノート,分析ノート,#分析ノート,500,28,3,2
INSTAGRAM,demo-market-020-3-01,2026-07-27T12:00:00Z,架空市場 分析ノート,分析ノート,#分析ノート,500,26,3,2
X,demo-market-020-3-02,2026-07-27T12:00:00Z,架空市場 分析ノート,分析ノート,#分析ノート,500,26,3,2
INSTAGRAM,demo-market-020-3-03,2026-07-27T12:00:00Z,架空市場 分析ノート,分析ノート,#分析ノート,500,26,3,2
X,demo-market-020-3-04,2026-07-27T12:00:00Z,架空市場 分析ノート,分析ノート,#分析ノート,500,25,3,2
INSTAGRAM,demo-market-020-3-05,2026-07-27T12:00:00Z,架空市場 分析ノート,分析ノート,#分析ノート,500,26,3,2
X,demo-market-020-3-06,2026-07-27T12:00:00Z,架空市場 分析ノート,分析ノート,#分析ノート,500,27,3,2
INSTAGRAM,demo-market-020-3-07,2026-07-27T12:00:00Z,架空市場 分析ノート,分析ノート,#分析ノート,500,28,3,2
X,demo-market-020-3-08,2026-07-27T12:00:00Z,架空市場 分析ノート,分析ノート,#分析ノート,500,28,3,2
X,demo-market-020-4-00,2026-07-27T12:00:00Z,架空市場 動画ラボ,動画ラボ,#動画ラボ,100,6,0,0
X,demo-market-020-5-00,2026-07-27T12:00:00Z,架空市場 運用メモ,運用メモ,#運用メモ,600,30,3,3
INSTAGRAM,demo-market-020-5-01,2026-07-27T12:00:00Z,架空市場 運用メモ,運用メモ,#運用メモ,600,30,3,3
X,demo-market-020-5-02,2026-07-27T12:00:00Z,架空市場 運用メモ,運用メモ,#運用メモ,600,33,3,3
INSTAGRAM,demo-market-020-5-03,2026-07-27T12:00:00Z,架空市場 運用メモ,運用メモ,#運用メモ,600,33,3,3
X,demo-market-020-5-04,2026-07-27T12:00:00Z,架空市場 運用メモ,運用メモ,#運用メモ,600,32,3,3
INSTAGRAM,demo-market-020-5-05,2026-07-27T12:00:00Z,架空市場 運用メモ,運用メモ,#運用メモ,600,32,3,3
X,demo-market-021-0-00,2026-07-28T12:00:00Z,架空市場 生成AI研究,生成AI研究,#生成AI研究,1600,80,10,8
INSTAGRAM,demo-market-021-0-01,2026-07-28T12:00:00Z,架空市場 生成AI研究,生成AI研究,#生成AI研究,1600,82,10,8
X,demo-market-021-0-02,2026-07-28T12:00:00Z,架空市場 生成AI研究,生成AI研究,#生成AI研究,1600,81,10,8
INSTAGRAM,demo-market-021-0-03,2026-07-28T12:00:00Z,架空市場 生成AI研究,生成AI研究,#生成AI研究,1600,80,10,8
X,demo-market-021-0-04,2026-07-28T12:00:00Z,架空市場 生成AI研究,生成AI研究,#生成AI研究,1600,80,10,8
INSTAGRAM,demo-market-021-0-05,2026-07-28T12:00:00Z,架空市場 生成AI研究,生成AI研究,#生成AI研究,1600,82,10,8
X,demo-market-021-0-06,2026-07-28T12:00:00Z,架空市場 生成AI研究,生成AI研究,#生成AI研究,1600,81,10,8
INSTAGRAM,demo-market-021-0-07,2026-07-28T12:00:00Z,架空市場 生成AI研究,生成AI研究,#生成AI研究,1600,80,10,8
X,demo-market-021-0-08,2026-07-28T12:00:00Z,架空市場 生成AI研究,生成AI研究,#生成AI研究,1600,80,10,8
INSTAGRAM,demo-market-021-0-09,2026-07-28T12:00:00Z,架空市場 生成AI研究,生成AI研究,#生成AI研究,1600,82,10,8
X,demo-market-021-1-00,2026-07-28T12:00:00Z,架空市場 効率化実験,効率化実験,#効率化実験,1600,82,10,8
INSTAGRAM,demo-market-021-1-01,2026-07-28T12:00:00Z,架空市場 効率化実験,効率化実験,#効率化実験,1600,82,10,8
X,demo-market-021-1-02,2026-07-28T12:00:00Z,架空市場 効率化実験,効率化実験,#効率化実験,1600,82,10,8
INSTAGRAM,demo-market-021-1-03,2026-07-28T12:00:00Z,架空市場 効率化実験,効率化実験,#効率化実験,1600,83,10,8
X,demo-market-021-1-04,2026-07-28T12:00:00Z,架空市場 効率化実験,効率化実験,#効率化実験,1600,83,10,8
INSTAGRAM,demo-market-021-1-05,2026-07-28T12:00:00Z,架空市場 効率化実験,効率化実験,#効率化実験,1600,80,10,8
X,demo-market-021-1-06,2026-07-28T12:00:00Z,架空市場 効率化実験,効率化実験,#効率化実験,1600,80,10,8
INSTAGRAM,demo-market-021-1-07,2026-07-28T12:00:00Z,架空市場 効率化実験,効率化実験,#効率化実験,1600,83,10,8
X,demo-market-021-1-08,2026-07-28T12:00:00Z,架空市場 効率化実験,効率化実験,#効率化実験,1600,80,10,8
INSTAGRAM,demo-market-021-1-09,2026-07-28T12:00:00Z,架空市場 効率化実験,効率化実験,#効率化実験,1600,83,10,8
X,demo-market-021-1-10,2026-07-28T12:00:00Z,架空市場 効率化実験,効率化実験,#効率化実験,1600,83,10,8
X,demo-market-021-2-00,2026-07-28T12:00:00Z,架空市場 エージェント検証,エージェント検証,#エージェント検証,1580,82,9,7
INSTAGRAM,demo-market-021-2-01,2026-07-28T12:00:00Z,架空市場 エージェント検証,エージェント検証,#エージェント検証,1580,82,9,7
X,demo-market-021-2-02,2026-07-28T12:00:00Z,架空市場 エージェント検証,エージェント検証,#エージェント検証,1580,82,9,7
INSTAGRAM,demo-market-021-2-03,2026-07-28T12:00:00Z,架空市場 エージェント検証,エージェント検証,#エージェント検証,1580,79,9,7
X,demo-market-021-2-04,2026-07-28T12:00:00Z,架空市場 エージェント検証,エージェント検証,#エージェント検証,1580,82,9,7
INSTAGRAM,demo-market-021-2-05,2026-07-28T12:00:00Z,架空市場 エージェント検証,エージェント検証,#エージェント検証,1580,79,9,7
X,demo-market-021-2-06,2026-07-28T12:00:00Z,架空市場 エージェント検証,エージェント検証,#エージェント検証,1580,80,9,7
INSTAGRAM,demo-market-021-2-07,2026-07-28T12:00:00Z,架空市場 エージェント検証,エージェント検証,#エージェント検証,1580,80,9,7
X,demo-market-021-2-08,2026-07-28T12:00:00Z,架空市場 エージェント検証,エージェント検証,#エージェント検証,1580,81,9,7
INSTAGRAM,demo-market-021-2-09,2026-07-28T12:00:00Z,架空市場 エージェント検証,エージェント検証,#エージェント検証,1580,79,9,7
X,demo-market-021-2-10,2026-07-28T12:00:00Z,架空市場 エージェント検証,エージェント検証,#エージェント検証,1580,81,9,7
INSTAGRAM,demo-market-021-2-11,2026-07-28T12:00:00Z,架空市場 エージェント検証,エージェント検証,#エージェント検証,1580,81,9,7
X,demo-market-021-2-12,2026-07-28T12:00:00Z,架空市場 エージェント検証,エージェント検証,#エージェント検証,1580,82,9,7
X,demo-market-021-3-00,2026-07-28T12:00:00Z,架空市場 分析ノート,分析ノート,#分析ノート,500,25,3,2
INSTAGRAM,demo-market-021-3-01,2026-07-28T12:00:00Z,架空市場 分析ノート,分析ノート,#分析ノート,500,28,3,2
X,demo-market-021-3-02,2026-07-28T12:00:00Z,架空市場 分析ノート,分析ノート,#分析ノート,500,27,3,2
INSTAGRAM,demo-market-021-3-03,2026-07-28T12:00:00Z,架空市場 分析ノート,分析ノート,#分析ノート,500,25,3,2
X,demo-market-021-3-04,2026-07-28T12:00:00Z,架空市場 分析ノート,分析ノート,#分析ノート,500,28,3,2
INSTAGRAM,demo-market-021-3-05,2026-07-28T12:00:00Z,架空市場 分析ノート,分析ノート,#分析ノート,500,26,3,2
X,demo-market-021-3-06,2026-07-28T12:00:00Z,架空市場 分析ノート,分析ノート,#分析ノート,500,25,3,2
INSTAGRAM,demo-market-021-3-07,2026-07-28T12:00:00Z,架空市場 分析ノート,分析ノート,#分析ノート,500,28,3,2
X,demo-market-021-3-08,2026-07-28T12:00:00Z,架空市場 分析ノート,分析ノート,#分析ノート,500,27,3,2
X,demo-market-021-4-00,2026-07-28T12:00:00Z,架空市場 動画ラボ,動画ラボ,#動画ラボ,100,5,0,0
X,demo-market-021-5-00,2026-07-28T12:00:00Z,架空市場 運用メモ,運用メモ,#運用メモ,600,32,3,3
INSTAGRAM,demo-market-021-5-01,2026-07-28T12:00:00Z,架空市場 運用メモ,運用メモ,#運用メモ,600,32,3,3
X,demo-market-021-5-02,2026-07-28T12:00:00Z,架空市場 運用メモ,運用メモ,#運用メモ,600,31,3,3
INSTAGRAM,demo-market-021-5-03,2026-07-28T12:00:00Z,架空市場 運用メモ,運用メモ,#運用メモ,600,30,3,3
X,demo-market-021-5-04,2026-07-28T12:00:00Z,架空市場 運用メモ,運用メモ,#運用メモ,600,33,3,3
INSTAGRAM,demo-market-021-5-05,2026-07-28T12:00:00Z,架空市場 運用メモ,運用メモ,#運用メモ,600,30,3,3
X,demo-market-022-0-00,2026-07-29T12:00:00Z,架空市場 生成AI研究,生成AI研究,#生成AI研究,1600,80,10,8
INSTAGRAM,demo-market-022-0-01,2026-07-29T12:00:00Z,架空市場 生成AI研究,生成AI研究,#生成AI研究,1600,80,10,8
X,demo-market-022-0-02,2026-07-29T12:00:00Z,架空市場 生成AI研究,生成AI研究,#生成AI研究,1600,80,10,8
INSTAGRAM,demo-market-022-0-03,2026-07-29T12:00:00Z,架空市場 生成AI研究,生成AI研究,#生成AI研究,1600,82,10,8
X,demo-market-022-0-04,2026-07-29T12:00:00Z,架空市場 生成AI研究,生成AI研究,#生成AI研究,1600,82,10,8
INSTAGRAM,demo-market-022-0-05,2026-07-29T12:00:00Z,架空市場 生成AI研究,生成AI研究,#生成AI研究,1600,83,10,8
X,demo-market-022-0-06,2026-07-29T12:00:00Z,架空市場 生成AI研究,生成AI研究,#生成AI研究,1600,82,10,8
INSTAGRAM,demo-market-022-0-07,2026-07-29T12:00:00Z,架空市場 生成AI研究,生成AI研究,#生成AI研究,1600,81,10,8
X,demo-market-022-0-08,2026-07-29T12:00:00Z,架空市場 生成AI研究,生成AI研究,#生成AI研究,1600,82,10,8
X,demo-market-022-1-00,2026-07-29T12:00:00Z,架空市場 効率化実験,効率化実験,#効率化実験,1600,82,10,8
INSTAGRAM,demo-market-022-1-01,2026-07-29T12:00:00Z,架空市場 効率化実験,効率化実験,#効率化実験,1600,82,10,8
X,demo-market-022-1-02,2026-07-29T12:00:00Z,架空市場 効率化実験,効率化実験,#効率化実験,1600,81,10,8
INSTAGRAM,demo-market-022-1-03,2026-07-29T12:00:00Z,架空市場 効率化実験,効率化実験,#効率化実験,1600,83,10,8
X,demo-market-022-1-04,2026-07-29T12:00:00Z,架空市場 効率化実験,効率化実験,#効率化実験,1600,81,10,8
INSTAGRAM,demo-market-022-1-05,2026-07-29T12:00:00Z,架空市場 効率化実験,効率化実験,#効率化実験,1600,83,10,8
X,demo-market-022-1-06,2026-07-29T12:00:00Z,架空市場 効率化実験,効率化実験,#効率化実験,1600,82,10,8
INSTAGRAM,demo-market-022-1-07,2026-07-29T12:00:00Z,架空市場 効率化実験,効率化実験,#効率化実験,1600,83,10,8
X,demo-market-022-1-08,2026-07-29T12:00:00Z,架空市場 効率化実験,効率化実験,#効率化実験,1600,83,10,8
INSTAGRAM,demo-market-022-1-09,2026-07-29T12:00:00Z,架空市場 効率化実験,効率化実験,#効率化実験,1600,80,10,8
X,demo-market-022-1-10,2026-07-29T12:00:00Z,架空市場 効率化実験,効率化実験,#効率化実験,1600,82,10,8
X,demo-market-022-2-00,2026-07-29T12:00:00Z,架空市場 エージェント検証,エージェント検証,#エージェント検証,1560,81,9,7
INSTAGRAM,demo-market-022-2-01,2026-07-29T12:00:00Z,架空市場 エージェント検証,エージェント検証,#エージェント検証,1560,81,9,7
X,demo-market-022-2-02,2026-07-29T12:00:00Z,架空市場 エージェント検証,エージェント検証,#エージェント検証,1560,79,9,7
INSTAGRAM,demo-market-022-2-03,2026-07-29T12:00:00Z,架空市場 エージェント検証,エージェント検証,#エージェント検証,1560,81,9,7
X,demo-market-022-2-04,2026-07-29T12:00:00Z,架空市場 エージェント検証,エージェント検証,#エージェント検証,1560,80,9,7
INSTAGRAM,demo-market-022-2-05,2026-07-29T12:00:00Z,架空市場 エージェント検証,エージェント検証,#エージェント検証,1560,80,9,7
X,demo-market-022-2-06,2026-07-29T12:00:00Z,架空市場 エージェント検証,エージェント検証,#エージェント検証,1560,81,9,7
INSTAGRAM,demo-market-022-2-07,2026-07-29T12:00:00Z,架空市場 エージェント検証,エージェント検証,#エージェント検証,1560,81,9,7
X,demo-market-022-2-08,2026-07-29T12:00:00Z,架空市場 エージェント検証,エージェント検証,#エージェント検証,1560,80,9,7
INSTAGRAM,demo-market-022-2-09,2026-07-29T12:00:00Z,架空市場 エージェント検証,エージェント検証,#エージェント検証,1560,79,9,7
X,demo-market-022-2-10,2026-07-29T12:00:00Z,架空市場 エージェント検証,エージェント検証,#エージェント検証,1560,79,9,7
INSTAGRAM,demo-market-022-2-11,2026-07-29T12:00:00Z,架空市場 エージェント検証,エージェント検証,#エージェント検証,1560,81,9,7
X,demo-market-022-2-12,2026-07-29T12:00:00Z,架空市場 エージェント検証,エージェント検証,#エージェント検証,1560,79,9,7
INSTAGRAM,demo-market-022-2-13,2026-07-29T12:00:00Z,架空市場 エージェント検証,エージェント検証,#エージェント検証,1560,81,9,7
X,demo-market-022-3-00,2026-07-29T12:00:00Z,架空市場 分析ノート,分析ノート,#分析ノート,500,26,3,2
INSTAGRAM,demo-market-022-3-01,2026-07-29T12:00:00Z,架空市場 分析ノート,分析ノート,#分析ノート,500,25,3,2
X,demo-market-022-3-02,2026-07-29T12:00:00Z,架空市場 分析ノート,分析ノート,#分析ノート,500,27,3,2
INSTAGRAM,demo-market-022-3-03,2026-07-29T12:00:00Z,架空市場 分析ノート,分析ノート,#分析ノート,500,27,3,2
X,demo-market-022-3-04,2026-07-29T12:00:00Z,架空市場 分析ノート,分析ノート,#分析ノート,500,25,3,2
INSTAGRAM,demo-market-022-3-05,2026-07-29T12:00:00Z,架空市場 分析ノート,分析ノート,#分析ノート,500,26,3,2
X,demo-market-022-3-06,2026-07-29T12:00:00Z,架空市場 分析ノート,分析ノート,#分析ノート,500,25,3,2
INSTAGRAM,demo-market-022-3-07,2026-07-29T12:00:00Z,架空市場 分析ノート,分析ノート,#分析ノート,500,27,3,2
X,demo-market-022-3-08,2026-07-29T12:00:00Z,架空市場 分析ノート,分析ノート,#分析ノート,500,27,3,2
X,demo-market-022-4-00,2026-07-29T12:00:00Z,架空市場 動画ラボ,動画ラボ,#動画ラボ,100,6,0,0
X,demo-market-022-5-00,2026-07-29T12:00:00Z,架空市場 運用メモ,運用メモ,#運用メモ,600,33,3,3
INSTAGRAM,demo-market-022-5-01,2026-07-29T12:00:00Z,架空市場 運用メモ,運用メモ,#運用メモ,600,32,3,3
X,demo-market-022-5-02,2026-07-29T12:00:00Z,架空市場 運用メモ,運用メモ,#運用メモ,600,33,3,3
INSTAGRAM,demo-market-022-5-03,2026-07-29T12:00:00Z,架空市場 運用メモ,運用メモ,#運用メモ,600,30,3,3
X,demo-market-022-5-04,2026-07-29T12:00:00Z,架空市場 運用メモ,運用メモ,#運用メモ,600,33,3,3
INSTAGRAM,demo-market-022-5-05,2026-07-29T12:00:00Z,架空市場 運用メモ,運用メモ,#運用メモ,600,32,3,3
X,demo-market-023-0-00,2026-07-30T12:00:00Z,架空市場 生成AI研究,生成AI研究,#生成AI研究,1600,80,10,8
INSTAGRAM,demo-market-023-0-01,2026-07-30T12:00:00Z,架空市場 生成AI研究,生成AI研究,#生成AI研究,1600,83,10,8
X,demo-market-023-0-02,2026-07-30T12:00:00Z,架空市場 生成AI研究,生成AI研究,#生成AI研究,1600,80,10,8
INSTAGRAM,demo-market-023-0-03,2026-07-30T12:00:00Z,架空市場 生成AI研究,生成AI研究,#生成AI研究,1600,82,10,8
X,demo-market-023-0-04,2026-07-30T12:00:00Z,架空市場 生成AI研究,生成AI研究,#生成AI研究,1600,81,10,8
INSTAGRAM,demo-market-023-0-05,2026-07-30T12:00:00Z,架空市場 生成AI研究,生成AI研究,#生成AI研究,1600,80,10,8
X,demo-market-023-0-06,2026-07-30T12:00:00Z,架空市場 生成AI研究,生成AI研究,#生成AI研究,1600,83,10,8
INSTAGRAM,demo-market-023-0-07,2026-07-30T12:00:00Z,架空市場 生成AI研究,生成AI研究,#生成AI研究,1600,81,10,8
X,demo-market-023-0-08,2026-07-30T12:00:00Z,架空市場 生成AI研究,生成AI研究,#生成AI研究,1600,82,10,8
X,demo-market-023-1-00,2026-07-30T12:00:00Z,架空市場 効率化実験,効率化実験,#効率化実験,1600,80,10,8
INSTAGRAM,demo-market-023-1-01,2026-07-30T12:00:00Z,架空市場 効率化実験,効率化実験,#効率化実験,1600,83,10,8
X,demo-market-023-1-02,2026-07-30T12:00:00Z,架空市場 効率化実験,効率化実験,#効率化実験,1600,80,10,8
INSTAGRAM,demo-market-023-1-03,2026-07-30T12:00:00Z,架空市場 効率化実験,効率化実験,#効率化実験,1600,80,10,8
X,demo-market-023-1-04,2026-07-30T12:00:00Z,架空市場 効率化実験,効率化実験,#効率化実験,1600,80,10,8
INSTAGRAM,demo-market-023-1-05,2026-07-30T12:00:00Z,架空市場 効率化実験,効率化実験,#効率化実験,1600,82,10,8
X,demo-market-023-1-06,2026-07-30T12:00:00Z,架空市場 効率化実験,効率化実験,#効率化実験,1600,82,10,8
INSTAGRAM,demo-market-023-1-07,2026-07-30T12:00:00Z,架空市場 効率化実験,効率化実験,#効率化実験,1600,80,10,8
X,demo-market-023-1-08,2026-07-30T12:00:00Z,架空市場 効率化実験,効率化実験,#効率化実験,1600,80,10,8
INSTAGRAM,demo-market-023-1-09,2026-07-30T12:00:00Z,架空市場 効率化実験,効率化実験,#効率化実験,1600,83,10,8
X,demo-market-023-2-00,2026-07-30T12:00:00Z,架空市場 エージェント検証,エージェント検証,#エージェント検証,1540,77,9,7
INSTAGRAM,demo-market-023-2-01,2026-07-30T12:00:00Z,架空市場 エージェント検証,エージェント検証,#エージェント検証,1540,78,9,7
X,demo-market-023-2-02,2026-07-30T12:00:00Z,架空市場 エージェント検証,エージェント検証,#エージェント検証,1540,79,9,7
INSTAGRAM,demo-market-023-2-03,2026-07-30T12:00:00Z,架空市場 エージェント検証,エージェント検証,#エージェント検証,1540,80,9,7
X,demo-market-023-2-04,2026-07-30T12:00:00Z,架空市場 エージェント検証,エージェント検証,#エージェント検証,1540,80,9,7
INSTAGRAM,demo-market-023-2-05,2026-07-30T12:00:00Z,架空市場 エージェント検証,エージェント検証,#エージェント検証,1540,80,9,7
X,demo-market-023-2-06,2026-07-30T12:00:00Z,架空市場 エージェント検証,エージェント検証,#エージェント検証,1540,79,9,7
INSTAGRAM,demo-market-023-2-07,2026-07-30T12:00:00Z,架空市場 エージェント検証,エージェント検証,#エージェント検証,1540,80,9,7
X,demo-market-023-2-08,2026-07-30T12:00:00Z,架空市場 エージェント検証,エージェント検証,#エージェント検証,1540,78,9,7
INSTAGRAM,demo-market-023-2-09,2026-07-30T12:00:00Z,架空市場 エージェント検証,エージェント検証,#エージェント検証,1540,78,9,7
X,demo-market-023-2-10,2026-07-30T12:00:00Z,架空市場 エージェント検証,エージェント検証,#エージェント検証,1540,78,9,7
INSTAGRAM,demo-market-023-2-11,2026-07-30T12:00:00Z,架空市場 エージェント検証,エージェント検証,#エージェント検証,1540,77,9,7
X,demo-market-023-2-12,2026-07-30T12:00:00Z,架空市場 エージェント検証,エージェント検証,#エージェント検証,1540,79,9,7
INSTAGRAM,demo-market-023-2-13,2026-07-30T12:00:00Z,架空市場 エージェント検証,エージェント検証,#エージェント検証,1540,79,9,7
X,demo-market-023-3-00,2026-07-30T12:00:00Z,架空市場 分析ノート,分析ノート,#分析ノート,500,28,3,2
INSTAGRAM,demo-market-023-3-01,2026-07-30T12:00:00Z,架空市場 分析ノート,分析ノート,#分析ノート,500,26,3,2
X,demo-market-023-3-02,2026-07-30T12:00:00Z,架空市場 分析ノート,分析ノート,#分析ノート,500,27,3,2
INSTAGRAM,demo-market-023-3-03,2026-07-30T12:00:00Z,架空市場 分析ノート,分析ノート,#分析ノート,500,27,3,2
X,demo-market-023-3-04,2026-07-30T12:00:00Z,架空市場 分析ノート,分析ノート,#分析ノート,500,26,3,2
INSTAGRAM,demo-market-023-3-05,2026-07-30T12:00:00Z,架空市場 分析ノート,分析ノート,#分析ノート,500,27,3,2
X,demo-market-023-3-06,2026-07-30T12:00:00Z,架空市場 分析ノート,分析ノート,#分析ノート,500,25,3,2
INSTAGRAM,demo-market-023-3-07,2026-07-30T12:00:00Z,架空市場 分析ノート,分析ノート,#分析ノート,500,26,3,2
X,demo-market-023-3-08,2026-07-30T12:00:00Z,架空市場 分析ノート,分析ノート,#分析ノート,500,25,3,2
INSTAGRAM,demo-market-023-3-09,2026-07-30T12:00:00Z,架空市場 分析ノート,分析ノート,#分析ノート,500,28,3,2
X,demo-market-023-4-00,2026-07-30T12:00:00Z,架空市場 動画ラボ,動画ラボ,#動画ラボ,100,6,0,0
X,demo-market-023-5-00,2026-07-30T12:00:00Z,架空市場 運用メモ,運用メモ,#運用メモ,600,32,3,3
INSTAGRAM,demo-market-023-5-01,2026-07-30T12:00:00Z,架空市場 運用メモ,運用メモ,#運用メモ,600,31,3,3
X,demo-market-023-5-02,2026-07-30T12:00:00Z,架空市場 運用メモ,運用メモ,#運用メモ,600,31,3,3
INSTAGRAM,demo-market-023-5-03,2026-07-30T12:00:00Z,架空市場 運用メモ,運用メモ,#運用メモ,600,30,3,3
X,demo-market-023-5-04,2026-07-30T12:00:00Z,架空市場 運用メモ,運用メモ,#運用メモ,600,31,3,3
INSTAGRAM,demo-market-023-5-05,2026-07-30T12:00:00Z,架空市場 運用メモ,運用メモ,#運用メモ,600,32,3,3
X,demo-market-024-0-00,2026-07-31T12:00:00Z,架空市場 生成AI研究,生成AI研究,#生成AI研究,1600,81,10,8
INSTAGRAM,demo-market-024-0-01,2026-07-31T12:00:00Z,架空市場 生成AI研究,生成AI研究,#生成AI研究,1600,82,10,8
X,demo-market-024-0-02,2026-07-31T12:00:00Z,架空市場 生成AI研究,生成AI研究,#生成AI研究,1600,81,10,8
INSTAGRAM,demo-market-024-0-03,2026-07-31T12:00:00Z,架空市場 生成AI研究,生成AI研究,#生成AI研究,1600,80,10,8
X,demo-market-024-0-04,2026-07-31T12:00:00Z,架空市場 生成AI研究,生成AI研究,#生成AI研究,1600,82,10,8
INSTAGRAM,demo-market-024-0-05,2026-07-31T12:00:00Z,架空市場 生成AI研究,生成AI研究,#生成AI研究,1600,82,10,8
X,demo-market-024-0-06,2026-07-31T12:00:00Z,架空市場 生成AI研究,生成AI研究,#生成AI研究,1600,82,10,8
INSTAGRAM,demo-market-024-0-07,2026-07-31T12:00:00Z,架空市場 生成AI研究,生成AI研究,#生成AI研究,1600,80,10,8
X,demo-market-024-0-08,2026-07-31T12:00:00Z,架空市場 生成AI研究,生成AI研究,#生成AI研究,1600,82,10,8
X,demo-market-024-1-00,2026-07-31T12:00:00Z,架空市場 効率化実験,効率化実験,#効率化実験,1600,80,10,8
INSTAGRAM,demo-market-024-1-01,2026-07-31T12:00:00Z,架空市場 効率化実験,効率化実験,#効率化実験,1600,81,10,8
X,demo-market-024-1-02,2026-07-31T12:00:00Z,架空市場 効率化実験,効率化実験,#効率化実験,1600,80,10,8
INSTAGRAM,demo-market-024-1-03,2026-07-31T12:00:00Z,架空市場 効率化実験,効率化実験,#効率化実験,1600,82,10,8
X,demo-market-024-1-04,2026-07-31T12:00:00Z,架空市場 効率化実験,効率化実験,#効率化実験,1600,80,10,8
INSTAGRAM,demo-market-024-1-05,2026-07-31T12:00:00Z,架空市場 効率化実験,効率化実験,#効率化実験,1600,81,10,8
X,demo-market-024-1-06,2026-07-31T12:00:00Z,架空市場 効率化実験,効率化実験,#効率化実験,1600,80,10,8
INSTAGRAM,demo-market-024-1-07,2026-07-31T12:00:00Z,架空市場 効率化実験,効率化実験,#効率化実験,1600,82,10,8
X,demo-market-024-1-08,2026-07-31T12:00:00Z,架空市場 効率化実験,効率化実験,#効率化実験,1600,81,10,8
INSTAGRAM,demo-market-024-1-09,2026-07-31T12:00:00Z,架空市場 効率化実験,効率化実験,#効率化実験,1600,80,10,8
X,demo-market-024-2-00,2026-07-31T12:00:00Z,架空市場 エージェント検証,エージェント検証,#エージェント検証,1520,76,9,7
INSTAGRAM,demo-market-024-2-01,2026-07-31T12:00:00Z,架空市場 エージェント検証,エージェント検証,#エージェント検証,1520,76,9,7
X,demo-market-024-2-02,2026-07-31T12:00:00Z,架空市場 エージェント検証,エージェント検証,#エージェント検証,1520,76,9,7
INSTAGRAM,demo-market-024-2-03,2026-07-31T12:00:00Z,架空市場 エージェント検証,エージェント検証,#エージェント検証,1520,78,9,7
X,demo-market-024-2-04,2026-07-31T12:00:00Z,架空市場 エージェント検証,エージェント検証,#エージェント検証,1520,78,9,7
INSTAGRAM,demo-market-024-2-05,2026-07-31T12:00:00Z,架空市場 エージェント検証,エージェント検証,#エージェント検証,1520,78,9,7
X,demo-market-024-2-06,2026-07-31T12:00:00Z,架空市場 エージェント検証,エージェント検証,#エージェント検証,1520,76,9,7
INSTAGRAM,demo-market-024-2-07,2026-07-31T12:00:00Z,架空市場 エージェント検証,エージェント検証,#エージェント検証,1520,79,9,7
X,demo-market-024-2-08,2026-07-31T12:00:00Z,架空市場 エージェント検証,エージェント検証,#エージェント検証,1520,79,9,7
INSTAGRAM,demo-market-024-2-09,2026-07-31T12:00:00Z,架空市場 エージェント検証,エージェント検証,#エージェント検証,1520,79,9,7
X,demo-market-024-2-10,2026-07-31T12:00:00Z,架空市場 エージェント検証,エージェント検証,#エージェント検証,1520,77,9,7
INSTAGRAM,demo-market-024-2-11,2026-07-31T12:00:00Z,架空市場 エージェント検証,エージェント検証,#エージェント検証,1520,78,9,7
X,demo-market-024-2-12,2026-07-31T12:00:00Z,架空市場 エージェント検証,エージェント検証,#エージェント検証,1520,79,9,7
INSTAGRAM,demo-market-024-2-13,2026-07-31T12:00:00Z,架空市場 エージェント検証,エージェント検証,#エージェント検証,1520,78,9,7
X,demo-market-024-3-00,2026-07-31T12:00:00Z,架空市場 分析ノート,分析ノート,#分析ノート,500,27,3,2
INSTAGRAM,demo-market-024-3-01,2026-07-31T12:00:00Z,架空市場 分析ノート,分析ノート,#分析ノート,500,26,3,2
X,demo-market-024-3-02,2026-07-31T12:00:00Z,架空市場 分析ノート,分析ノート,#分析ノート,500,25,3,2
INSTAGRAM,demo-market-024-3-03,2026-07-31T12:00:00Z,架空市場 分析ノート,分析ノート,#分析ノート,500,26,3,2
X,demo-market-024-3-04,2026-07-31T12:00:00Z,架空市場 分析ノート,分析ノート,#分析ノート,500,28,3,2
INSTAGRAM,demo-market-024-3-05,2026-07-31T12:00:00Z,架空市場 分析ノート,分析ノート,#分析ノート,500,25,3,2
X,demo-market-024-3-06,2026-07-31T12:00:00Z,架空市場 分析ノート,分析ノート,#分析ノート,500,28,3,2
INSTAGRAM,demo-market-024-3-07,2026-07-31T12:00:00Z,架空市場 分析ノート,分析ノート,#分析ノート,500,25,3,2
X,demo-market-024-3-08,2026-07-31T12:00:00Z,架空市場 分析ノート,分析ノート,#分析ノート,500,25,3,2
INSTAGRAM,demo-market-024-3-09,2026-07-31T12:00:00Z,架空市場 分析ノート,分析ノート,#分析ノート,500,28,3,2
X,demo-market-024-4-00,2026-07-31T12:00:00Z,架空市場 動画ラボ,動画ラボ,#動画ラボ,100,6,0,0
X,demo-market-024-5-00,2026-07-31T12:00:00Z,架空市場 運用メモ,運用メモ,#運用メモ,600,33,3,3
INSTAGRAM,demo-market-024-5-01,2026-07-31T12:00:00Z,架空市場 運用メモ,運用メモ,#運用メモ,600,30,3,3
X,demo-market-024-5-02,2026-07-31T12:00:00Z,架空市場 運用メモ,運用メモ,#運用メモ,600,32,3,3
INSTAGRAM,demo-market-024-5-03,2026-07-31T12:00:00Z,架空市場 運用メモ,運用メモ,#運用メモ,600,33,3,3
X,demo-market-024-5-04,2026-07-31T12:00:00Z,架空市場 運用メモ,運用メモ,#運用メモ,600,31,3,3
INSTAGRAM,demo-market-024-5-05,2026-07-31T12:00:00Z,架空市場 運用メモ,運用メモ,#運用メモ,600,31,3,3
X,demo-market-025-0-00,2026-08-01T12:00:00Z,架空市場 生成AI研究,生成AI研究,#生成AI研究,1600,81,10,8
INSTAGRAM,demo-market-025-0-01,2026-08-01T12:00:00Z,架空市場 生成AI研究,生成AI研究,#生成AI研究,1600,83,10,8
X,demo-market-025-0-02,2026-08-01T12:00:00Z,架空市場 生成AI研究,生成AI研究,#生成AI研究,1600,82,10,8
INSTAGRAM,demo-market-025-0-03,2026-08-01T12:00:00Z,架空市場 生成AI研究,生成AI研究,#生成AI研究,1600,82,10,8
X,demo-market-025-0-04,2026-08-01T12:00:00Z,架空市場 生成AI研究,生成AI研究,#生成AI研究,1600,83,10,8
INSTAGRAM,demo-market-025-0-05,2026-08-01T12:00:00Z,架空市場 生成AI研究,生成AI研究,#生成AI研究,1600,80,10,8
X,demo-market-025-0-06,2026-08-01T12:00:00Z,架空市場 生成AI研究,生成AI研究,#生成AI研究,1600,80,10,8
INSTAGRAM,demo-market-025-0-07,2026-08-01T12:00:00Z,架空市場 生成AI研究,生成AI研究,#生成AI研究,1600,83,10,8
X,demo-market-025-0-08,2026-08-01T12:00:00Z,架空市場 生成AI研究,生成AI研究,#生成AI研究,1600,83,10,8
X,demo-market-025-1-00,2026-08-01T12:00:00Z,架空市場 効率化実験,効率化実験,#効率化実験,1600,82,10,8
INSTAGRAM,demo-market-025-1-01,2026-08-01T12:00:00Z,架空市場 効率化実験,効率化実験,#効率化実験,1600,80,10,8
X,demo-market-025-1-02,2026-08-01T12:00:00Z,架空市場 効率化実験,効率化実験,#効率化実験,1600,82,10,8
INSTAGRAM,demo-market-025-1-03,2026-08-01T12:00:00Z,架空市場 効率化実験,効率化実験,#効率化実験,1600,80,10,8
X,demo-market-025-1-04,2026-08-01T12:00:00Z,架空市場 効率化実験,効率化実験,#効率化実験,1600,80,10,8
INSTAGRAM,demo-market-025-1-05,2026-08-01T12:00:00Z,架空市場 効率化実験,効率化実験,#効率化実験,1600,83,10,8
X,demo-market-025-1-06,2026-08-01T12:00:00Z,架空市場 効率化実験,効率化実験,#効率化実験,1600,83,10,8
INSTAGRAM,demo-market-025-1-07,2026-08-01T12:00:00Z,架空市場 効率化実験,効率化実験,#効率化実験,1600,82,10,8
X,demo-market-025-1-08,2026-08-01T12:00:00Z,架空市場 効率化実験,効率化実験,#効率化実験,1600,81,10,8
INSTAGRAM,demo-market-025-1-09,2026-08-01T12:00:00Z,架空市場 効率化実験,効率化実験,#効率化実験,1600,81,10,8
X,demo-market-025-2-00,2026-08-01T12:00:00Z,架空市場 エージェント検証,エージェント検証,#エージェント検証,1500,77,9,7
INSTAGRAM,demo-market-025-2-01,2026-08-01T12:00:00Z,架空市場 エージェント検証,エージェント検証,#エージェント検証,1500,78,9,7
X,demo-market-025-2-02,2026-08-01T12:00:00Z,架空市場 エージェント検証,エージェント検証,#エージェント検証,1500,77,9,7
INSTAGRAM,demo-market-025-2-03,2026-08-01T12:00:00Z,架空市場 エージェント検証,エージェント検証,#エージェント検証,1500,76,9,7
X,demo-market-025-2-04,2026-08-01T12:00:00Z,架空市場 エージェント検証,エージェント検証,#エージェント検証,1500,75,9,7
INSTAGRAM,demo-market-025-2-05,2026-08-01T12:00:00Z,架空市場 エージェント検証,エージェント検証,#エージェント検証,1500,76,9,7
X,demo-market-025-2-06,2026-08-01T12:00:00Z,架空市場 エージェント検証,エージェント検証,#エージェント検証,1500,78,9,7
INSTAGRAM,demo-market-025-2-07,2026-08-01T12:00:00Z,架空市場 エージェント検証,エージェント検証,#エージェント検証,1500,75,9,7
X,demo-market-025-2-08,2026-08-01T12:00:00Z,架空市場 エージェント検証,エージェント検証,#エージェント検証,1500,75,9,7
INSTAGRAM,demo-market-025-2-09,2026-08-01T12:00:00Z,架空市場 エージェント検証,エージェント検証,#エージェント検証,1500,75,9,7
X,demo-market-025-2-10,2026-08-01T12:00:00Z,架空市場 エージェント検証,エージェント検証,#エージェント検証,1500,75,9,7
INSTAGRAM,demo-market-025-2-11,2026-08-01T12:00:00Z,架空市場 エージェント検証,エージェント検証,#エージェント検証,1500,75,9,7
X,demo-market-025-2-12,2026-08-01T12:00:00Z,架空市場 エージェント検証,エージェント検証,#エージェント検証,1500,78,9,7
INSTAGRAM,demo-market-025-2-13,2026-08-01T12:00:00Z,架空市場 エージェント検証,エージェント検証,#エージェント検証,1500,76,9,7
X,demo-market-025-3-00,2026-08-01T12:00:00Z,架空市場 分析ノート,分析ノート,#分析ノート,500,26,3,2
INSTAGRAM,demo-market-025-3-01,2026-08-01T12:00:00Z,架空市場 分析ノート,分析ノート,#分析ノート,500,27,3,2
X,demo-market-025-3-02,2026-08-01T12:00:00Z,架空市場 分析ノート,分析ノート,#分析ノート,500,27,3,2
INSTAGRAM,demo-market-025-3-03,2026-08-01T12:00:00Z,架空市場 分析ノート,分析ノート,#分析ノート,500,28,3,2
X,demo-market-025-3-04,2026-08-01T12:00:00Z,架空市場 分析ノート,分析ノート,#分析ノート,500,27,3,2
INSTAGRAM,demo-market-025-3-05,2026-08-01T12:00:00Z,架空市場 分析ノート,分析ノート,#分析ノート,500,26,3,2
X,demo-market-025-3-06,2026-08-01T12:00:00Z,架空市場 分析ノート,分析ノート,#分析ノート,500,25,3,2
INSTAGRAM,demo-market-025-3-07,2026-08-01T12:00:00Z,架空市場 分析ノート,分析ノート,#分析ノート,500,27,3,2
X,demo-market-025-3-08,2026-08-01T12:00:00Z,架空市場 分析ノート,分析ノート,#分析ノート,500,26,3,2
INSTAGRAM,demo-market-025-3-09,2026-08-01T12:00:00Z,架空市場 分析ノート,分析ノート,#分析ノート,500,28,3,2
X,demo-market-025-4-00,2026-08-01T12:00:00Z,架空市場 動画ラボ,動画ラボ,#動画ラボ,100,8,0,0
X,demo-market-025-5-00,2026-08-01T12:00:00Z,架空市場 運用メモ,運用メモ,#運用メモ,600,33,3,3
INSTAGRAM,demo-market-025-5-01,2026-08-01T12:00:00Z,架空市場 運用メモ,運用メモ,#運用メモ,600,33,3,3
X,demo-market-025-5-02,2026-08-01T12:00:00Z,架空市場 運用メモ,運用メモ,#運用メモ,600,31,3,3
INSTAGRAM,demo-market-025-5-03,2026-08-01T12:00:00Z,架空市場 運用メモ,運用メモ,#運用メモ,600,33,3,3
X,demo-market-025-5-04,2026-08-01T12:00:00Z,架空市場 運用メモ,運用メモ,#運用メモ,600,30,3,3
INSTAGRAM,demo-market-025-5-05,2026-08-01T12:00:00Z,架空市場 運用メモ,運用メモ,#運用メモ,600,30,3,3
X,demo-market-026-0-00,2026-08-02T12:00:00Z,架空市場 生成AI研究,生成AI研究,#生成AI研究,1600,83,10,8
INSTAGRAM,demo-market-026-0-01,2026-08-02T12:00:00Z,架空市場 生成AI研究,生成AI研究,#生成AI研究,1600,82,10,8
X,demo-market-026-0-02,2026-08-02T12:00:00Z,架空市場 生成AI研究,生成AI研究,#生成AI研究,1600,83,10,8
INSTAGRAM,demo-market-026-0-03,2026-08-02T12:00:00Z,架空市場 生成AI研究,生成AI研究,#生成AI研究,1600,81,10,8
X,demo-market-026-0-04,2026-08-02T12:00:00Z,架空市場 生成AI研究,生成AI研究,#生成AI研究,1600,83,10,8
INSTAGRAM,demo-market-026-0-05,2026-08-02T12:00:00Z,架空市場 生成AI研究,生成AI研究,#生成AI研究,1600,82,10,8
X,demo-market-026-0-06,2026-08-02T12:00:00Z,架空市場 生成AI研究,生成AI研究,#生成AI研究,1600,82,10,8
INSTAGRAM,demo-market-026-0-07,2026-08-02T12:00:00Z,架空市場 生成AI研究,生成AI研究,#生成AI研究,1600,82,10,8
X,demo-market-026-1-00,2026-08-02T12:00:00Z,架空市場 効率化実験,効率化実験,#効率化実験,1600,82,10,8
INSTAGRAM,demo-market-026-1-01,2026-08-02T12:00:00Z,架空市場 効率化実験,効率化実験,#効率化実験,1600,82,10,8
X,demo-market-026-1-02,2026-08-02T12:00:00Z,架空市場 効率化実験,効率化実験,#効率化実験,1600,83,10,8
INSTAGRAM,demo-market-026-1-03,2026-08-02T12:00:00Z,架空市場 効率化実験,効率化実験,#効率化実験,1600,81,10,8
X,demo-market-026-1-04,2026-08-02T12:00:00Z,架空市場 効率化実験,効率化実験,#効率化実験,1600,83,10,8
INSTAGRAM,demo-market-026-1-05,2026-08-02T12:00:00Z,架空市場 効率化実験,効率化実験,#効率化実験,1600,80,10,8
X,demo-market-026-1-06,2026-08-02T12:00:00Z,架空市場 効率化実験,効率化実験,#効率化実験,1600,81,10,8
INSTAGRAM,demo-market-026-1-07,2026-08-02T12:00:00Z,架空市場 効率化実験,効率化実験,#効率化実験,1600,81,10,8
X,demo-market-026-1-08,2026-08-02T12:00:00Z,架空市場 効率化実験,効率化実験,#効率化実験,1600,82,10,8
INSTAGRAM,demo-market-026-1-09,2026-08-02T12:00:00Z,架空市場 効率化実験,効率化実験,#効率化実験,1600,83,10,8
X,demo-market-026-2-00,2026-08-02T12:00:00Z,架空市場 エージェント検証,エージェント検証,#エージェント検証,1480,75,9,7
INSTAGRAM,demo-market-026-2-01,2026-08-02T12:00:00Z,架空市場 エージェント検証,エージェント検証,#エージェント検証,1480,76,9,7
X,demo-market-026-2-02,2026-08-02T12:00:00Z,架空市場 エージェント検証,エージェント検証,#エージェント検証,1480,74,9,7
INSTAGRAM,demo-market-026-2-03,2026-08-02T12:00:00Z,架空市場 エージェント検証,エージェント検証,#エージェント検証,1480,75,9,7
X,demo-market-026-2-04,2026-08-02T12:00:00Z,架空市場 エージェント検証,エージェント検証,#エージェント検証,1480,77,9,7
INSTAGRAM,demo-market-026-2-05,2026-08-02T12:00:00Z,架空市場 エージェント検証,エージェント検証,#エージェント検証,1480,75,9,7
X,demo-market-026-2-06,2026-08-02T12:00:00Z,架空市場 エージェント検証,エージェント検証,#エージェント検証,1480,74,9,7
INSTAGRAM,demo-market-026-2-07,2026-08-02T12:00:00Z,架空市場 エージェント検証,エージェント検証,#エージェント検証,1480,75,9,7
X,demo-market-026-2-08,2026-08-02T12:00:00Z,架空市場 エージェント検証,エージェント検証,#エージェント検証,1480,77,9,7
INSTAGRAM,demo-market-026-2-09,2026-08-02T12:00:00Z,架空市場 エージェント検証,エージェント検証,#エージェント検証,1480,74,9,7
X,demo-market-026-2-10,2026-08-02T12:00:00Z,架空市場 エージェント検証,エージェント検証,#エージェント検証,1480,76,9,7
INSTAGRAM,demo-market-026-2-11,2026-08-02T12:00:00Z,架空市場 エージェント検証,エージェント検証,#エージェント検証,1480,74,9,7
X,demo-market-026-2-12,2026-08-02T12:00:00Z,架空市場 エージェント検証,エージェント検証,#エージェント検証,1480,75,9,7
INSTAGRAM,demo-market-026-2-13,2026-08-02T12:00:00Z,架空市場 エージェント検証,エージェント検証,#エージェント検証,1480,76,9,7
X,demo-market-026-2-14,2026-08-02T12:00:00Z,架空市場 エージェント検証,エージェント検証,#エージェント検証,1480,74,9,7
X,demo-market-026-3-00,2026-08-02T12:00:00Z,架空市場 分析ノート,分析ノート,#分析ノート,500,25,3,2
INSTAGRAM,demo-market-026-3-01,2026-08-02T12:00:00Z,架空市場 分析ノート,分析ノート,#分析ノート,500,26,3,2
X,demo-market-026-3-02,2026-08-02T12:00:00Z,架空市場 分析ノート,分析ノート,#分析ノート,500,27,3,2
INSTAGRAM,demo-market-026-3-03,2026-08-02T12:00:00Z,架空市場 分析ノート,分析ノート,#分析ノート,500,26,3,2
X,demo-market-026-3-04,2026-08-02T12:00:00Z,架空市場 分析ノート,分析ノート,#分析ノート,500,25,3,2
INSTAGRAM,demo-market-026-3-05,2026-08-02T12:00:00Z,架空市場 分析ノート,分析ノート,#分析ノート,500,26,3,2
X,demo-market-026-3-06,2026-08-02T12:00:00Z,架空市場 分析ノート,分析ノート,#分析ノート,500,25,3,2
INSTAGRAM,demo-market-026-3-07,2026-08-02T12:00:00Z,架空市場 分析ノート,分析ノート,#分析ノート,500,25,3,2
X,demo-market-026-3-08,2026-08-02T12:00:00Z,架空市場 分析ノート,分析ノート,#分析ノート,500,25,3,2
INSTAGRAM,demo-market-026-3-09,2026-08-02T12:00:00Z,架空市場 分析ノート,分析ノート,#分析ノート,500,28,3,2
X,demo-market-026-4-00,2026-08-02T12:00:00Z,架空市場 動画ラボ,動画ラボ,#動画ラボ,100,6,0,0
X,demo-market-026-5-00,2026-08-02T12:00:00Z,架空市場 運用メモ,運用メモ,#運用メモ,600,31,3,3
INSTAGRAM,demo-market-026-5-01,2026-08-02T12:00:00Z,架空市場 運用メモ,運用メモ,#運用メモ,600,31,3,3
X,demo-market-026-5-02,2026-08-02T12:00:00Z,架空市場 運用メモ,運用メモ,#運用メモ,600,30,3,3
INSTAGRAM,demo-market-026-5-03,2026-08-02T12:00:00Z,架空市場 運用メモ,運用メモ,#運用メモ,600,31,3,3
X,demo-market-026-5-04,2026-08-02T12:00:00Z,架空市場 運用メモ,運用メモ,#運用メモ,600,30,3,3
INSTAGRAM,demo-market-026-5-05,2026-08-02T12:00:00Z,架空市場 運用メモ,運用メモ,#運用メモ,600,32,3,3
X,demo-market-027-0-00,2026-08-03T12:00:00Z,架空市場 生成AI研究,生成AI研究,#生成AI研究,1600,81,10,8
INSTAGRAM,demo-market-027-0-01,2026-08-03T12:00:00Z,架空市場 生成AI研究,生成AI研究,#生成AI研究,1600,81,10,8
X,demo-market-027-0-02,2026-08-03T12:00:00Z,架空市場 生成AI研究,生成AI研究,#生成AI研究,1600,80,10,8
INSTAGRAM,demo-market-027-0-03,2026-08-03T12:00:00Z,架空市場 生成AI研究,生成AI研究,#生成AI研究,1600,81,10,8
X,demo-market-027-0-04,2026-08-03T12:00:00Z,架空市場 生成AI研究,生成AI研究,#生成AI研究,1600,81,10,8
INSTAGRAM,demo-market-027-0-05,2026-08-03T12:00:00Z,架空市場 生成AI研究,生成AI研究,#生成AI研究,1600,80,10,8
X,demo-market-027-0-06,2026-08-03T12:00:00Z,架空市場 生成AI研究,生成AI研究,#生成AI研究,1600,81,10,8
X,demo-market-027-1-00,2026-08-03T12:00:00Z,架空市場 効率化実験,効率化実験,#効率化実験,1600,82,10,8
INSTAGRAM,demo-market-027-1-01,2026-08-03T12:00:00Z,架空市場 効率化実験,効率化実験,#効率化実験,1600,82,10,8
X,demo-market-027-1-02,2026-08-03T12:00:00Z,架空市場 効率化実験,効率化実験,#効率化実験,1600,83,10,8
INSTAGRAM,demo-market-027-1-03,2026-08-03T12:00:00Z,架空市場 効率化実験,効率化実験,#効率化実験,1600,83,10,8
X,demo-market-027-1-04,2026-08-03T12:00:00Z,架空市場 効率化実験,効率化実験,#効率化実験,1600,83,10,8
INSTAGRAM,demo-market-027-1-05,2026-08-03T12:00:00Z,架空市場 効率化実験,効率化実験,#効率化実験,1600,81,10,8
X,demo-market-027-1-06,2026-08-03T12:00:00Z,架空市場 効率化実験,効率化実験,#効率化実験,1600,83,10,8
INSTAGRAM,demo-market-027-1-07,2026-08-03T12:00:00Z,架空市場 効率化実験,効率化実験,#効率化実験,1600,80,10,8
X,demo-market-027-1-08,2026-08-03T12:00:00Z,架空市場 効率化実験,効率化実験,#効率化実験,1600,81,10,8
INSTAGRAM,demo-market-027-1-09,2026-08-03T12:00:00Z,架空市場 効率化実験,効率化実験,#効率化実験,1600,81,10,8
X,demo-market-027-2-00,2026-08-03T12:00:00Z,架空市場 エージェント検証,エージェント検証,#エージェント検証,1460,73,9,7
INSTAGRAM,demo-market-027-2-01,2026-08-03T12:00:00Z,架空市場 エージェント検証,エージェント検証,#エージェント検証,1460,75,9,7
X,demo-market-027-2-02,2026-08-03T12:00:00Z,架空市場 エージェント検証,エージェント検証,#エージェント検証,1460,74,9,7
INSTAGRAM,demo-market-027-2-03,2026-08-03T12:00:00Z,架空市場 エージェント検証,エージェント検証,#エージェント検証,1460,74,9,7
X,demo-market-027-2-04,2026-08-03T12:00:00Z,架空市場 エージェント検証,エージェント検証,#エージェント検証,1460,73,9,7
INSTAGRAM,demo-market-027-2-05,2026-08-03T12:00:00Z,架空市場 エージェント検証,エージェント検証,#エージェント検証,1460,74,9,7
X,demo-market-027-2-06,2026-08-03T12:00:00Z,架空市場 エージェント検証,エージェント検証,#エージェント検証,1460,76,9,7
INSTAGRAM,demo-market-027-2-07,2026-08-03T12:00:00Z,架空市場 エージェント検証,エージェント検証,#エージェント検証,1460,74,9,7
X,demo-market-027-2-08,2026-08-03T12:00:00Z,架空市場 エージェント検証,エージェント検証,#エージェント検証,1460,74,9,7
INSTAGRAM,demo-market-027-2-09,2026-08-03T12:00:00Z,架空市場 エージェント検証,エージェント検証,#エージェント検証,1460,75,9,7
X,demo-market-027-2-10,2026-08-03T12:00:00Z,架空市場 エージェント検証,エージェント検証,#エージェント検証,1460,73,9,7
INSTAGRAM,demo-market-027-2-11,2026-08-03T12:00:00Z,架空市場 エージェント検証,エージェント検証,#エージェント検証,1460,75,9,7
X,demo-market-027-2-12,2026-08-03T12:00:00Z,架空市場 エージェント検証,エージェント検証,#エージェント検証,1460,75,9,7
INSTAGRAM,demo-market-027-2-13,2026-08-03T12:00:00Z,架空市場 エージェント検証,エージェント検証,#エージェント検証,1460,75,9,7
X,demo-market-027-2-14,2026-08-03T12:00:00Z,架空市場 エージェント検証,エージェント検証,#エージェント検証,1460,73,9,7
X,demo-market-027-3-00,2026-08-03T12:00:00Z,架空市場 分析ノート,分析ノート,#分析ノート,500,26,3,2
INSTAGRAM,demo-market-027-3-01,2026-08-03T12:00:00Z,架空市場 分析ノート,分析ノート,#分析ノート,500,28,3,2
X,demo-market-027-3-02,2026-08-03T12:00:00Z,架空市場 分析ノート,分析ノート,#分析ノート,500,25,3,2
INSTAGRAM,demo-market-027-3-03,2026-08-03T12:00:00Z,架空市場 分析ノート,分析ノート,#分析ノート,500,26,3,2
X,demo-market-027-3-04,2026-08-03T12:00:00Z,架空市場 分析ノート,分析ノート,#分析ノート,500,27,3,2
INSTAGRAM,demo-market-027-3-05,2026-08-03T12:00:00Z,架空市場 分析ノート,分析ノート,#分析ノート,500,27,3,2
X,demo-market-027-3-06,2026-08-03T12:00:00Z,架空市場 分析ノート,分析ノート,#分析ノート,500,27,3,2
INSTAGRAM,demo-market-027-3-07,2026-08-03T12:00:00Z,架空市場 分析ノート,分析ノート,#分析ノート,500,26,3,2
X,demo-market-027-3-08,2026-08-03T12:00:00Z,架空市場 分析ノート,分析ノート,#分析ノート,500,28,3,2
INSTAGRAM,demo-market-027-3-09,2026-08-03T12:00:00Z,架空市場 分析ノート,分析ノート,#分析ノート,500,28,3,2
X,demo-market-027-4-00,2026-08-03T12:00:00Z,架空市場 動画ラボ,動画ラボ,#動画ラボ,100,7,0,0
INSTAGRAM,demo-market-027-4-01,2026-08-03T12:00:00Z,架空市場 動画ラボ,動画ラボ,#動画ラボ,100,8,0,0
X,demo-market-027-5-00,2026-08-03T12:00:00Z,架空市場 運用メモ,運用メモ,#運用メモ,600,31,3,3
INSTAGRAM,demo-market-027-5-01,2026-08-03T12:00:00Z,架空市場 運用メモ,運用メモ,#運用メモ,600,30,3,3
X,demo-market-027-5-02,2026-08-03T12:00:00Z,架空市場 運用メモ,運用メモ,#運用メモ,600,33,3,3
INSTAGRAM,demo-market-027-5-03,2026-08-03T12:00:00Z,架空市場 運用メモ,運用メモ,#運用メモ,600,33,3,3
X,demo-market-027-5-04,2026-08-03T12:00:00Z,架空市場 運用メモ,運用メモ,#運用メモ,600,32,3,3
INSTAGRAM,demo-market-027-5-05,2026-08-03T12:00:00Z,架空市場 運用メモ,運用メモ,#運用メモ,600,30,3,3
X,demo-market-028-0-00,2026-08-04T12:00:00Z,架空市場 生成AI研究,生成AI研究,#生成AI研究,1600,82,10,8
INSTAGRAM,demo-market-028-0-01,2026-08-04T12:00:00Z,架空市場 生成AI研究,生成AI研究,#生成AI研究,1600,82,10,8
X,demo-market-028-0-02,2026-08-04T12:00:00Z,架空市場 生成AI研究,生成AI研究,#生成AI研究,1600,80,10,8
INSTAGRAM,demo-market-028-0-03,2026-08-04T12:00:00Z,架空市場 生成AI研究,生成AI研究,#生成AI研究,1600,80,10,8
X,demo-market-028-0-04,2026-08-04T12:00:00Z,架空市場 生成AI研究,生成AI研究,#生成AI研究,1600,81,10,8
INSTAGRAM,demo-market-028-0-05,2026-08-04T12:00:00Z,架空市場 生成AI研究,生成AI研究,#生成AI研究,1600,83,10,8
X,demo-market-028-0-06,2026-08-04T12:00:00Z,架空市場 生成AI研究,生成AI研究,#生成AI研究,1600,83,10,8
X,demo-market-028-1-00,2026-08-04T12:00:00Z,架空市場 効率化実験,効率化実験,#効率化実験,1600,83,10,8
INSTAGRAM,demo-market-028-1-01,2026-08-04T12:00:00Z,架空市場 効率化実験,効率化実験,#効率化実験,1600,83,10,8
X,demo-market-028-1-02,2026-08-04T12:00:00Z,架空市場 効率化実験,効率化実験,#効率化実験,1600,81,10,8
INSTAGRAM,demo-market-028-1-03,2026-08-04T12:00:00Z,架空市場 効率化実験,効率化実験,#効率化実験,1600,80,10,8
X,demo-market-028-1-04,2026-08-04T12:00:00Z,架空市場 効率化実験,効率化実験,#効率化実験,1600,82,10,8
INSTAGRAM,demo-market-028-1-05,2026-08-04T12:00:00Z,架空市場 効率化実験,効率化実験,#効率化実験,1600,82,10,8
X,demo-market-028-1-06,2026-08-04T12:00:00Z,架空市場 効率化実験,効率化実験,#効率化実験,1600,80,10,8
INSTAGRAM,demo-market-028-1-07,2026-08-04T12:00:00Z,架空市場 効率化実験,効率化実験,#効率化実験,1600,82,10,8
X,demo-market-028-1-08,2026-08-04T12:00:00Z,架空市場 効率化実験,効率化実験,#効率化実験,1600,83,10,8
INSTAGRAM,demo-market-028-1-09,2026-08-04T12:00:00Z,架空市場 効率化実験,効率化実験,#効率化実験,1600,81,10,8
X,demo-market-028-2-00,2026-08-04T12:00:00Z,架空市場 エージェント検証,エージェント検証,#エージェント検証,1440,74,9,7
INSTAGRAM,demo-market-028-2-01,2026-08-04T12:00:00Z,架空市場 エージェント検証,エージェント検証,#エージェント検証,1440,73,9,7
X,demo-market-028-2-02,2026-08-04T12:00:00Z,架空市場 エージェント検証,エージェント検証,#エージェント検証,1440,72,9,7
INSTAGRAM,demo-market-028-2-03,2026-08-04T12:00:00Z,架空市場 エージェント検証,エージェント検証,#エージェント検証,1440,73,9,7
X,demo-market-028-2-04,2026-08-04T12:00:00Z,架空市場 エージェント検証,エージェント検証,#エージェント検証,1440,73,9,7
INSTAGRAM,demo-market-028-2-05,2026-08-04T12:00:00Z,架空市場 エージェント検証,エージェント検証,#エージェント検証,1440,73,9,7
X,demo-market-028-2-06,2026-08-04T12:00:00Z,架空市場 エージェント検証,エージェント検証,#エージェント検証,1440,72,9,7
INSTAGRAM,demo-market-028-2-07,2026-08-04T12:00:00Z,架空市場 エージェント検証,エージェント検証,#エージェント検証,1440,74,9,7
X,demo-market-028-2-08,2026-08-04T12:00:00Z,架空市場 エージェント検証,エージェント検証,#エージェント検証,1440,73,9,7
INSTAGRAM,demo-market-028-2-09,2026-08-04T12:00:00Z,架空市場 エージェント検証,エージェント検証,#エージェント検証,1440,74,9,7
X,demo-market-028-2-10,2026-08-04T12:00:00Z,架空市場 エージェント検証,エージェント検証,#エージェント検証,1440,72,9,7
INSTAGRAM,demo-market-028-2-11,2026-08-04T12:00:00Z,架空市場 エージェント検証,エージェント検証,#エージェント検証,1440,75,9,7
X,demo-market-028-2-12,2026-08-04T12:00:00Z,架空市場 エージェント検証,エージェント検証,#エージェント検証,1440,72,9,7
INSTAGRAM,demo-market-028-2-13,2026-08-04T12:00:00Z,架空市場 エージェント検証,エージェント検証,#エージェント検証,1440,73,9,7
X,demo-market-028-2-14,2026-08-04T12:00:00Z,架空市場 エージェント検証,エージェント検証,#エージェント検証,1440,74,9,7
X,demo-market-028-3-00,2026-08-04T12:00:00Z,架空市場 分析ノート,分析ノート,#分析ノート,500,25,3,2
INSTAGRAM,demo-market-028-3-01,2026-08-04T12:00:00Z,架空市場 分析ノート,分析ノート,#分析ノート,500,28,3,2
X,demo-market-028-3-02,2026-08-04T12:00:00Z,架空市場 分析ノート,分析ノート,#分析ノート,500,25,3,2
INSTAGRAM,demo-market-028-3-03,2026-08-04T12:00:00Z,架空市場 分析ノート,分析ノート,#分析ノート,500,26,3,2
X,demo-market-028-3-04,2026-08-04T12:00:00Z,架空市場 分析ノート,分析ノート,#分析ノート,500,27,3,2
INSTAGRAM,demo-market-028-3-05,2026-08-04T12:00:00Z,架空市場 分析ノート,分析ノート,#分析ノート,500,27,3,2
X,demo-market-028-3-06,2026-08-04T12:00:00Z,架空市場 分析ノート,分析ノート,#分析ノート,500,25,3,2
INSTAGRAM,demo-market-028-3-07,2026-08-04T12:00:00Z,架空市場 分析ノート,分析ノート,#分析ノート,500,27,3,2
X,demo-market-028-3-08,2026-08-04T12:00:00Z,架空市場 分析ノート,分析ノート,#分析ノート,500,26,3,2
INSTAGRAM,demo-market-028-3-09,2026-08-04T12:00:00Z,架空市場 分析ノート,分析ノート,#分析ノート,500,26,3,2
X,demo-market-028-4-00,2026-08-04T12:00:00Z,架空市場 動画ラボ,動画ラボ,#動画ラボ,100,6,0,0
INSTAGRAM,demo-market-028-4-01,2026-08-04T12:00:00Z,架空市場 動画ラボ,動画ラボ,#動画ラボ,100,8,0,0
X,demo-market-028-5-00,2026-08-04T12:00:00Z,架空市場 運用メモ,運用メモ,#運用メモ,600,32,3,3
INSTAGRAM,demo-market-028-5-01,2026-08-04T12:00:00Z,架空市場 運用メモ,運用メモ,#運用メモ,600,32,3,3
X,demo-market-028-5-02,2026-08-04T12:00:00Z,架空市場 運用メモ,運用メモ,#運用メモ,600,31,3,3
INSTAGRAM,demo-market-028-5-03,2026-08-04T12:00:00Z,架空市場 運用メモ,運用メモ,#運用メモ,600,32,3,3
X,demo-market-028-5-04,2026-08-04T12:00:00Z,架空市場 運用メモ,運用メモ,#運用メモ,600,33,3,3
INSTAGRAM,demo-market-028-5-05,2026-08-04T12:00:00Z,架空市場 運用メモ,運用メモ,#運用メモ,600,32,3,3
X,demo-market-029-0-00,2026-08-05T12:00:00Z,架空市場 生成AI研究,生成AI研究,#生成AI研究,1600,82,10,8
INSTAGRAM,demo-market-029-0-01,2026-08-05T12:00:00Z,架空市場 生成AI研究,生成AI研究,#生成AI研究,1600,80,10,8
X,demo-market-029-0-02,2026-08-05T12:00:00Z,架空市場 生成AI研究,生成AI研究,#生成AI研究,1600,83,10,8
INSTAGRAM,demo-market-029-0-03,2026-08-05T12:00:00Z,架空市場 生成AI研究,生成AI研究,#生成AI研究,1600,82,10,8
X,demo-market-029-0-04,2026-08-05T12:00:00Z,架空市場 生成AI研究,生成AI研究,#生成AI研究,1600,83,10,8
INSTAGRAM,demo-market-029-0-05,2026-08-05T12:00:00Z,架空市場 生成AI研究,生成AI研究,#生成AI研究,1600,82,10,8
X,demo-market-029-0-06,2026-08-05T12:00:00Z,架空市場 生成AI研究,生成AI研究,#生成AI研究,1600,83,10,8
X,demo-market-029-1-00,2026-08-05T12:00:00Z,架空市場 効率化実験,効率化実験,#効率化実験,1600,82,10,8
INSTAGRAM,demo-market-029-1-01,2026-08-05T12:00:00Z,架空市場 効率化実験,効率化実験,#効率化実験,1600,83,10,8
X,demo-market-029-1-02,2026-08-05T12:00:00Z,架空市場 効率化実験,効率化実験,#効率化実験,1600,82,10,8
INSTAGRAM,demo-market-029-1-03,2026-08-05T12:00:00Z,架空市場 効率化実験,効率化実験,#効率化実験,1600,82,10,8
X,demo-market-029-1-04,2026-08-05T12:00:00Z,架空市場 効率化実験,効率化実験,#効率化実験,1600,81,10,8
INSTAGRAM,demo-market-029-1-05,2026-08-05T12:00:00Z,架空市場 効率化実験,効率化実験,#効率化実験,1600,82,10,8
X,demo-market-029-1-06,2026-08-05T12:00:00Z,架空市場 効率化実験,効率化実験,#効率化実験,1600,80,10,8
INSTAGRAM,demo-market-029-1-07,2026-08-05T12:00:00Z,架空市場 効率化実験,効率化実験,#効率化実験,1600,83,10,8
X,demo-market-029-1-08,2026-08-05T12:00:00Z,架空市場 効率化実験,効率化実験,#効率化実験,1600,82,10,8
INSTAGRAM,demo-market-029-1-09,2026-08-05T12:00:00Z,架空市場 効率化実験,効率化実験,#効率化実験,1600,81,10,8
X,demo-market-029-2-00,2026-08-05T12:00:00Z,架空市場 エージェント検証,エージェント検証,#エージェント検証,1420,73,8,7
INSTAGRAM,demo-market-029-2-01,2026-08-05T12:00:00Z,架空市場 エージェント検証,エージェント検証,#エージェント検証,1420,73,8,7
X,demo-market-029-2-02,2026-08-05T12:00:00Z,架空市場 エージェント検証,エージェント検証,#エージェント検証,1420,72,8,7
INSTAGRAM,demo-market-029-2-03,2026-08-05T12:00:00Z,架空市場 エージェント検証,エージェント検証,#エージェント検証,1420,73,8,7
X,demo-market-029-2-04,2026-08-05T12:00:00Z,架空市場 エージェント検証,エージェント検証,#エージェント検証,1420,73,8,7
INSTAGRAM,demo-market-029-2-05,2026-08-05T12:00:00Z,架空市場 エージェント検証,エージェント検証,#エージェント検証,1420,74,8,7
X,demo-market-029-2-06,2026-08-05T12:00:00Z,架空市場 エージェント検証,エージェント検証,#エージェント検証,1420,71,8,7
INSTAGRAM,demo-market-029-2-07,2026-08-05T12:00:00Z,架空市場 エージェント検証,エージェント検証,#エージェント検証,1420,74,8,7
X,demo-market-029-2-08,2026-08-05T12:00:00Z,架空市場 エージェント検証,エージェント検証,#エージェント検証,1420,72,8,7
INSTAGRAM,demo-market-029-2-09,2026-08-05T12:00:00Z,架空市場 エージェント検証,エージェント検証,#エージェント検証,1420,72,8,7
X,demo-market-029-2-10,2026-08-05T12:00:00Z,架空市場 エージェント検証,エージェント検証,#エージェント検証,1420,73,8,7
INSTAGRAM,demo-market-029-2-11,2026-08-05T12:00:00Z,架空市場 エージェント検証,エージェント検証,#エージェント検証,1420,74,8,7
X,demo-market-029-2-12,2026-08-05T12:00:00Z,架空市場 エージェント検証,エージェント検証,#エージェント検証,1420,71,8,7
INSTAGRAM,demo-market-029-2-13,2026-08-05T12:00:00Z,架空市場 エージェント検証,エージェント検証,#エージェント検証,1420,74,8,7
X,demo-market-029-2-14,2026-08-05T12:00:00Z,架空市場 エージェント検証,エージェント検証,#エージェント検証,1420,72,8,7
X,demo-market-029-3-00,2026-08-05T12:00:00Z,架空市場 分析ノート,分析ノート,#分析ノート,500,25,3,2
INSTAGRAM,demo-market-029-3-01,2026-08-05T12:00:00Z,架空市場 分析ノート,分析ノート,#分析ノート,500,26,3,2
X,demo-market-029-3-02,2026-08-05T12:00:00Z,架空市場 分析ノート,分析ノート,#分析ノート,500,25,3,2
INSTAGRAM,demo-market-029-3-03,2026-08-05T12:00:00Z,架空市場 分析ノート,分析ノート,#分析ノート,500,25,3,2
X,demo-market-029-3-04,2026-08-05T12:00:00Z,架空市場 分析ノート,分析ノート,#分析ノート,500,25,3,2
INSTAGRAM,demo-market-029-3-05,2026-08-05T12:00:00Z,架空市場 分析ノート,分析ノート,#分析ノート,500,26,3,2
X,demo-market-029-3-06,2026-08-05T12:00:00Z,架空市場 分析ノート,分析ノート,#分析ノート,500,28,3,2
INSTAGRAM,demo-market-029-3-07,2026-08-05T12:00:00Z,架空市場 分析ノート,分析ノート,#分析ノート,500,27,3,2
X,demo-market-029-3-08,2026-08-05T12:00:00Z,架空市場 分析ノート,分析ノート,#分析ノート,500,26,3,2
INSTAGRAM,demo-market-029-3-09,2026-08-05T12:00:00Z,架空市場 分析ノート,分析ノート,#分析ノート,500,28,3,2
X,demo-market-029-4-00,2026-08-05T12:00:00Z,架空市場 動画ラボ,動画ラボ,#動画ラボ,100,6,0,0
INSTAGRAM,demo-market-029-4-01,2026-08-05T12:00:00Z,架空市場 動画ラボ,動画ラボ,#動画ラボ,100,8,0,0
X,demo-market-029-5-00,2026-08-05T12:00:00Z,架空市場 運用メモ,運用メモ,#運用メモ,600,31,3,3
INSTAGRAM,demo-market-029-5-01,2026-08-05T12:00:00Z,架空市場 運用メモ,運用メモ,#運用メモ,600,31,3,3
X,demo-market-029-5-02,2026-08-05T12:00:00Z,架空市場 運用メモ,運用メモ,#運用メモ,600,32,3,3
INSTAGRAM,demo-market-029-5-03,2026-08-05T12:00:00Z,架空市場 運用メモ,運用メモ,#運用メモ,600,31,3,3
X,demo-market-029-5-04,2026-08-05T12:00:00Z,架空市場 運用メモ,運用メモ,#運用メモ,600,31,3,3
INSTAGRAM,demo-market-029-5-05,2026-08-05T12:00:00Z,架空市場 運用メモ,運用メモ,#運用メモ,600,31,3,3
X,demo-market-030-0-00,2026-08-06T12:00:00Z,架空市場 生成AI研究,生成AI研究,#生成AI研究,1600,82,10,8
INSTAGRAM,demo-market-030-0-01,2026-08-06T12:00:00Z,架空市場 生成AI研究,生成AI研究,#生成AI研究,1600,82,10,8
X,demo-market-030-0-02,2026-08-06T12:00:00Z,架空市場 生成AI研究,生成AI研究,#生成AI研究,1600,83,10,8
INSTAGRAM,demo-market-030-0-03,2026-08-06T12:00:00Z,架空市場 生成AI研究,生成AI研究,#生成AI研究,1600,80,10,8
X,demo-market-030-0-04,2026-08-06T12:00:00Z,架空市場 生成AI研究,生成AI研究,#生成AI研究,1600,83,10,8
INSTAGRAM,demo-market-030-0-05,2026-08-06T12:00:00Z,架空市場 生成AI研究,生成AI研究,#生成AI研究,1600,83,10,8
X,demo-market-030-0-06,2026-08-06T12:00:00Z,架空市場 生成AI研究,生成AI研究,#生成AI研究,1600,82,10,8
X,demo-market-030-1-00,2026-08-06T12:00:00Z,架空市場 効率化実験,効率化実験,#効率化実験,1600,83,10,8
INSTAGRAM,demo-market-030-1-01,2026-08-06T12:00:00Z,架空市場 効率化実験,効率化実験,#効率化実験,1600,83,10,8
X,demo-market-030-1-02,2026-08-06T12:00:00Z,架空市場 効率化実験,効率化実験,#効率化実験,1600,81,10,8
INSTAGRAM,demo-market-030-1-03,2026-08-06T12:00:00Z,架空市場 効率化実験,効率化実験,#効率化実験,1600,83,10,8
X,demo-market-030-1-04,2026-08-06T12:00:00Z,架空市場 効率化実験,効率化実験,#効率化実験,1600,81,10,8
INSTAGRAM,demo-market-030-1-05,2026-08-06T12:00:00Z,架空市場 効率化実験,効率化実験,#効率化実験,1600,80,10,8
X,demo-market-030-1-06,2026-08-06T12:00:00Z,架空市場 効率化実験,効率化実験,#効率化実験,1600,82,10,8
INSTAGRAM,demo-market-030-1-07,2026-08-06T12:00:00Z,架空市場 効率化実験,効率化実験,#効率化実験,1600,83,10,8
X,demo-market-030-1-08,2026-08-06T12:00:00Z,架空市場 効率化実験,効率化実験,#効率化実験,1600,83,10,8
X,demo-market-030-2-00,2026-08-06T12:00:00Z,架空市場 エージェント検証,エージェント検証,#エージェント検証,1400,73,8,7
INSTAGRAM,demo-market-030-2-01,2026-08-06T12:00:00Z,架空市場 エージェント検証,エージェント検証,#エージェント検証,1400,70,8,7
X,demo-market-030-2-02,2026-08-06T12:00:00Z,架空市場 エージェント検証,エージェント検証,#エージェント検証,1400,70,8,7
INSTAGRAM,demo-market-030-2-03,2026-08-06T12:00:00Z,架空市場 エージェント検証,エージェント検証,#エージェント検証,1400,73,8,7
X,demo-market-030-2-04,2026-08-06T12:00:00Z,架空市場 エージェント検証,エージェント検証,#エージェント検証,1400,70,8,7
INSTAGRAM,demo-market-030-2-05,2026-08-06T12:00:00Z,架空市場 エージェント検証,エージェント検証,#エージェント検証,1400,71,8,7
X,demo-market-030-2-06,2026-08-06T12:00:00Z,架空市場 エージェント検証,エージェント検証,#エージェント検証,1400,71,8,7
INSTAGRAM,demo-market-030-2-07,2026-08-06T12:00:00Z,架空市場 エージェント検証,エージェント検証,#エージェント検証,1400,73,8,7
X,demo-market-030-2-08,2026-08-06T12:00:00Z,架空市場 エージェント検証,エージェント検証,#エージェント検証,1400,70,8,7
INSTAGRAM,demo-market-030-2-09,2026-08-06T12:00:00Z,架空市場 エージェント検証,エージェント検証,#エージェント検証,1400,71,8,7
X,demo-market-030-2-10,2026-08-06T12:00:00Z,架空市場 エージェント検証,エージェント検証,#エージェント検証,1400,71,8,7
INSTAGRAM,demo-market-030-2-11,2026-08-06T12:00:00Z,架空市場 エージェント検証,エージェント検証,#エージェント検証,1400,72,8,7
X,demo-market-030-2-12,2026-08-06T12:00:00Z,架空市場 エージェント検証,エージェント検証,#エージェント検証,1400,73,8,7
INSTAGRAM,demo-market-030-2-13,2026-08-06T12:00:00Z,架空市場 エージェント検証,エージェント検証,#エージェント検証,1400,71,8,7
X,demo-market-030-2-14,2026-08-06T12:00:00Z,架空市場 エージェント検証,エージェント検証,#エージェント検証,1400,73,8,7
X,demo-market-030-3-00,2026-08-06T12:00:00Z,架空市場 分析ノート,分析ノート,#分析ノート,500,28,3,2
INSTAGRAM,demo-market-030-3-01,2026-08-06T12:00:00Z,架空市場 分析ノート,分析ノート,#分析ノート,500,25,3,2
X,demo-market-030-3-02,2026-08-06T12:00:00Z,架空市場 分析ノート,分析ノート,#分析ノート,500,27,3,2
INSTAGRAM,demo-market-030-3-03,2026-08-06T12:00:00Z,架空市場 分析ノート,分析ノート,#分析ノート,500,25,3,2
X,demo-market-030-3-04,2026-08-06T12:00:00Z,架空市場 分析ノート,分析ノート,#分析ノート,500,26,3,2
INSTAGRAM,demo-market-030-3-05,2026-08-06T12:00:00Z,架空市場 分析ノート,分析ノート,#分析ノート,500,28,3,2
X,demo-market-030-3-06,2026-08-06T12:00:00Z,架空市場 分析ノート,分析ノート,#分析ノート,500,27,3,2
INSTAGRAM,demo-market-030-3-07,2026-08-06T12:00:00Z,架空市場 分析ノート,分析ノート,#分析ノート,500,26,3,2
X,demo-market-030-3-08,2026-08-06T12:00:00Z,架空市場 分析ノート,分析ノート,#分析ノート,500,27,3,2
INSTAGRAM,demo-market-030-3-09,2026-08-06T12:00:00Z,架空市場 分析ノート,分析ノート,#分析ノート,500,26,3,2
X,demo-market-030-3-10,2026-08-06T12:00:00Z,架空市場 分析ノート,分析ノート,#分析ノート,500,28,3,2
X,demo-market-030-4-00,2026-08-06T12:00:00Z,架空市場 動画ラボ,動画ラボ,#動画ラボ,100,5,0,0
INSTAGRAM,demo-market-030-4-01,2026-08-06T12:00:00Z,架空市場 動画ラボ,動画ラボ,#動画ラボ,100,6,0,0
X,demo-market-030-5-00,2026-08-06T12:00:00Z,架空市場 運用メモ,運用メモ,#運用メモ,600,32,3,3
INSTAGRAM,demo-market-030-5-01,2026-08-06T12:00:00Z,架空市場 運用メモ,運用メモ,#運用メモ,600,32,3,3
X,demo-market-030-5-02,2026-08-06T12:00:00Z,架空市場 運用メモ,運用メモ,#運用メモ,600,31,3,3
INSTAGRAM,demo-market-030-5-03,2026-08-06T12:00:00Z,架空市場 運用メモ,運用メモ,#運用メモ,600,30,3,3
X,demo-market-030-5-04,2026-08-06T12:00:00Z,架空市場 運用メモ,運用メモ,#運用メモ,600,32,3,3
INSTAGRAM,demo-market-030-5-05,2026-08-06T12:00:00Z,架空市場 運用メモ,運用メモ,#運用メモ,600,32,3,3
X,demo-market-031-0-00,2026-08-07T12:00:00Z,架空市場 生成AI研究,生成AI研究,#生成AI研究,1600,82,10,8
INSTAGRAM,demo-market-031-0-01,2026-08-07T12:00:00Z,架空市場 生成AI研究,生成AI研究,#生成AI研究,1600,83,10,8
X,demo-market-031-0-02,2026-08-07T12:00:00Z,架空市場 生成AI研究,生成AI研究,#生成AI研究,1600,80,10,8
INSTAGRAM,demo-market-031-0-03,2026-08-07T12:00:00Z,架空市場 生成AI研究,生成AI研究,#生成AI研究,1600,82,10,8
X,demo-market-031-0-04,2026-08-07T12:00:00Z,架空市場 生成AI研究,生成AI研究,#生成AI研究,1600,83,10,8
INSTAGRAM,demo-market-031-0-05,2026-08-07T12:00:00Z,架空市場 生成AI研究,生成AI研究,#生成AI研究,1600,81,10,8
X,demo-market-031-1-00,2026-08-07T12:00:00Z,架空市場 効率化実験,効率化実験,#効率化実験,1600,83,10,8
INSTAGRAM,demo-market-031-1-01,2026-08-07T12:00:00Z,架空市場 効率化実験,効率化実験,#効率化実験,1600,83,10,8
X,demo-market-031-1-02,2026-08-07T12:00:00Z,架空市場 効率化実験,効率化実験,#効率化実験,1600,83,10,8
INSTAGRAM,demo-market-031-1-03,2026-08-07T12:00:00Z,架空市場 効率化実験,効率化実験,#効率化実験,1600,82,10,8
X,demo-market-031-1-04,2026-08-07T12:00:00Z,架空市場 効率化実験,効率化実験,#効率化実験,1600,80,10,8
INSTAGRAM,demo-market-031-1-05,2026-08-07T12:00:00Z,架空市場 効率化実験,効率化実験,#効率化実験,1600,83,10,8
X,demo-market-031-1-06,2026-08-07T12:00:00Z,架空市場 効率化実験,効率化実験,#効率化実験,1600,80,10,8
INSTAGRAM,demo-market-031-1-07,2026-08-07T12:00:00Z,架空市場 効率化実験,効率化実験,#効率化実験,1600,82,10,8
X,demo-market-031-1-08,2026-08-07T12:00:00Z,架空市場 効率化実験,効率化実験,#効率化実験,1600,82,10,8
X,demo-market-031-2-00,2026-08-07T12:00:00Z,架空市場 エージェント検証,エージェント検証,#エージェント検証,1380,69,8,6
INSTAGRAM,demo-market-031-2-01,2026-08-07T12:00:00Z,架空市場 エージェント検証,エージェント検証,#エージェント検証,1380,70,8,6
X,demo-market-031-2-02,2026-08-07T12:00:00Z,架空市場 エージェント検証,エージェント検証,#エージェント検証,1380,70,8,6
INSTAGRAM,demo-market-031-2-03,2026-08-07T12:00:00Z,架空市場 エージェント検証,エージェント検証,#エージェント検証,1380,71,8,6
X,demo-market-031-2-04,2026-08-07T12:00:00Z,架空市場 エージェント検証,エージェント検証,#エージェント検証,1380,69,8,6
INSTAGRAM,demo-market-031-2-05,2026-08-07T12:00:00Z,架空市場 エージェント検証,エージェント検証,#エージェント検証,1380,72,8,6
X,demo-market-031-2-06,2026-08-07T12:00:00Z,架空市場 エージェント検証,エージェント検証,#エージェント検証,1380,70,8,6
INSTAGRAM,demo-market-031-2-07,2026-08-07T12:00:00Z,架空市場 エージェント検証,エージェント検証,#エージェント検証,1380,72,8,6
X,demo-market-031-2-08,2026-08-07T12:00:00Z,架空市場 エージェント検証,エージェント検証,#エージェント検証,1380,70,8,6
INSTAGRAM,demo-market-031-2-09,2026-08-07T12:00:00Z,架空市場 エージェント検証,エージェント検証,#エージェント検証,1380,72,8,6
X,demo-market-031-2-10,2026-08-07T12:00:00Z,架空市場 エージェント検証,エージェント検証,#エージェント検証,1380,72,8,6
INSTAGRAM,demo-market-031-2-11,2026-08-07T12:00:00Z,架空市場 エージェント検証,エージェント検証,#エージェント検証,1380,71,8,6
X,demo-market-031-2-12,2026-08-07T12:00:00Z,架空市場 エージェント検証,エージェント検証,#エージェント検証,1380,71,8,6
INSTAGRAM,demo-market-031-2-13,2026-08-07T12:00:00Z,架空市場 エージェント検証,エージェント検証,#エージェント検証,1380,70,8,6
X,demo-market-031-2-14,2026-08-07T12:00:00Z,架空市場 エージェント検証,エージェント検証,#エージェント検証,1380,72,8,6
X,demo-market-031-3-00,2026-08-07T12:00:00Z,架空市場 分析ノート,分析ノート,#分析ノート,500,26,3,2
INSTAGRAM,demo-market-031-3-01,2026-08-07T12:00:00Z,架空市場 分析ノート,分析ノート,#分析ノート,500,25,3,2
X,demo-market-031-3-02,2026-08-07T12:00:00Z,架空市場 分析ノート,分析ノート,#分析ノート,500,25,3,2
INSTAGRAM,demo-market-031-3-03,2026-08-07T12:00:00Z,架空市場 分析ノート,分析ノート,#分析ノート,500,28,3,2
X,demo-market-031-3-04,2026-08-07T12:00:00Z,架空市場 分析ノート,分析ノート,#分析ノート,500,27,3,2
INSTAGRAM,demo-market-031-3-05,2026-08-07T12:00:00Z,架空市場 分析ノート,分析ノート,#分析ノート,500,25,3,2
X,demo-market-031-3-06,2026-08-07T12:00:00Z,架空市場 分析ノート,分析ノート,#分析ノート,500,27,3,2
INSTAGRAM,demo-market-031-3-07,2026-08-07T12:00:00Z,架空市場 分析ノート,分析ノート,#分析ノート,500,26,3,2
X,demo-market-031-3-08,2026-08-07T12:00:00Z,架空市場 分析ノート,分析ノート,#分析ノート,500,28,3,2
INSTAGRAM,demo-market-031-3-09,2026-08-07T12:00:00Z,架空市場 分析ノート,分析ノート,#分析ノート,500,25,3,2
X,demo-market-031-3-10,2026-08-07T12:00:00Z,架空市場 分析ノート,分析ノート,#分析ノート,500,25,3,2
X,demo-market-031-4-00,2026-08-07T12:00:00Z,架空市場 動画ラボ,動画ラボ,#動画ラボ,100,8,0,0
INSTAGRAM,demo-market-031-4-01,2026-08-07T12:00:00Z,架空市場 動画ラボ,動画ラボ,#動画ラボ,100,8,0,0
X,demo-market-031-4-02,2026-08-07T12:00:00Z,架空市場 動画ラボ,動画ラボ,#動画ラボ,100,6,0,0
X,demo-market-031-5-00,2026-08-07T12:00:00Z,架空市場 運用メモ,運用メモ,#運用メモ,600,32,3,3
INSTAGRAM,demo-market-031-5-01,2026-08-07T12:00:00Z,架空市場 運用メモ,運用メモ,#運用メモ,600,32,3,3
X,demo-market-031-5-02,2026-08-07T12:00:00Z,架空市場 運用メモ,運用メモ,#運用メモ,600,31,3,3
INSTAGRAM,demo-market-031-5-03,2026-08-07T12:00:00Z,架空市場 運用メモ,運用メモ,#運用メモ,600,31,3,3
X,demo-market-031-5-04,2026-08-07T12:00:00Z,架空市場 運用メモ,運用メモ,#運用メモ,600,31,3,3
INSTAGRAM,demo-market-031-5-05,2026-08-07T12:00:00Z,架空市場 運用メモ,運用メモ,#運用メモ,600,31,3,3
X,demo-market-032-0-00,2026-08-08T12:00:00Z,架空市場 生成AI研究,生成AI研究,#生成AI研究,1600,80,10,8
INSTAGRAM,demo-market-032-0-01,2026-08-08T12:00:00Z,架空市場 生成AI研究,生成AI研究,#生成AI研究,1600,83,10,8
X,demo-market-032-0-02,2026-08-08T12:00:00Z,架空市場 生成AI研究,生成AI研究,#生成AI研究,1600,82,10,8
INSTAGRAM,demo-market-032-0-03,2026-08-08T12:00:00Z,架空市場 生成AI研究,生成AI研究,#生成AI研究,1600,82,10,8
X,demo-market-032-0-04,2026-08-08T12:00:00Z,架空市場 生成AI研究,生成AI研究,#生成AI研究,1600,83,10,8
INSTAGRAM,demo-market-032-0-05,2026-08-08T12:00:00Z,架空市場 生成AI研究,生成AI研究,#生成AI研究,1600,80,10,8
X,demo-market-032-1-00,2026-08-08T12:00:00Z,架空市場 効率化実験,効率化実験,#効率化実験,1600,82,10,8
INSTAGRAM,demo-market-032-1-01,2026-08-08T12:00:00Z,架空市場 効率化実験,効率化実験,#効率化実験,1600,81,10,8
X,demo-market-032-1-02,2026-08-08T12:00:00Z,架空市場 効率化実験,効率化実験,#効率化実験,1600,83,10,8
INSTAGRAM,demo-market-032-1-03,2026-08-08T12:00:00Z,架空市場 効率化実験,効率化実験,#効率化実験,1600,80,10,8
X,demo-market-032-1-04,2026-08-08T12:00:00Z,架空市場 効率化実験,効率化実験,#効率化実験,1600,80,10,8
INSTAGRAM,demo-market-032-1-05,2026-08-08T12:00:00Z,架空市場 効率化実験,効率化実験,#効率化実験,1600,82,10,8
X,demo-market-032-1-06,2026-08-08T12:00:00Z,架空市場 効率化実験,効率化実験,#効率化実験,1600,80,10,8
INSTAGRAM,demo-market-032-1-07,2026-08-08T12:00:00Z,架空市場 効率化実験,効率化実験,#効率化実験,1600,82,10,8
X,demo-market-032-1-08,2026-08-08T12:00:00Z,架空市場 効率化実験,効率化実験,#効率化実験,1600,80,10,8
X,demo-market-032-2-00,2026-08-08T12:00:00Z,架空市場 エージェント検証,エージェント検証,#エージェント検証,1360,71,8,6
INSTAGRAM,demo-market-032-2-01,2026-08-08T12:00:00Z,架空市場 エージェント検証,エージェント検証,#エージェント検証,1360,68,8,6
X,demo-market-032-2-02,2026-08-08T12:00:00Z,架空市場 エージェント検証,エージェント検証,#エージェント検証,1360,68,8,6
INSTAGRAM,demo-market-032-2-03,2026-08-08T12:00:00Z,架空市場 エージェント検証,エージェント検証,#エージェント検証,1360,71,8,6
X,demo-market-032-2-04,2026-08-08T12:00:00Z,架空市場 エージェント検証,エージェント検証,#エージェント検証,1360,71,8,6
INSTAGRAM,demo-market-032-2-05,2026-08-08T12:00:00Z,架空市場 エージェント検証,エージェント検証,#エージェント検証,1360,68,8,6
X,demo-market-032-2-06,2026-08-08T12:00:00Z,架空市場 エージェント検証,エージェント検証,#エージェント検証,1360,71,8,6
INSTAGRAM,demo-market-032-2-07,2026-08-08T12:00:00Z,架空市場 エージェント検証,エージェント検証,#エージェント検証,1360,71,8,6
X,demo-market-032-2-08,2026-08-08T12:00:00Z,架空市場 エージェント検証,エージェント検証,#エージェント検証,1360,68,8,6
INSTAGRAM,demo-market-032-2-09,2026-08-08T12:00:00Z,架空市場 エージェント検証,エージェント検証,#エージェント検証,1360,70,8,6
X,demo-market-032-2-10,2026-08-08T12:00:00Z,架空市場 エージェント検証,エージェント検証,#エージェント検証,1360,68,8,6
INSTAGRAM,demo-market-032-2-11,2026-08-08T12:00:00Z,架空市場 エージェント検証,エージェント検証,#エージェント検証,1360,68,8,6
X,demo-market-032-2-12,2026-08-08T12:00:00Z,架空市場 エージェント検証,エージェント検証,#エージェント検証,1360,69,8,6
INSTAGRAM,demo-market-032-2-13,2026-08-08T12:00:00Z,架空市場 エージェント検証,エージェント検証,#エージェント検証,1360,70,8,6
X,demo-market-032-2-14,2026-08-08T12:00:00Z,架空市場 エージェント検証,エージェント検証,#エージェント検証,1360,70,8,6
X,demo-market-032-3-00,2026-08-08T12:00:00Z,架空市場 分析ノート,分析ノート,#分析ノート,500,28,3,2
INSTAGRAM,demo-market-032-3-01,2026-08-08T12:00:00Z,架空市場 分析ノート,分析ノート,#分析ノート,500,28,3,2
X,demo-market-032-3-02,2026-08-08T12:00:00Z,架空市場 分析ノート,分析ノート,#分析ノート,500,26,3,2
INSTAGRAM,demo-market-032-3-03,2026-08-08T12:00:00Z,架空市場 分析ノート,分析ノート,#分析ノート,500,28,3,2
X,demo-market-032-3-04,2026-08-08T12:00:00Z,架空市場 分析ノート,分析ノート,#分析ノート,500,25,3,2
INSTAGRAM,demo-market-032-3-05,2026-08-08T12:00:00Z,架空市場 分析ノート,分析ノート,#分析ノート,500,26,3,2
X,demo-market-032-3-06,2026-08-08T12:00:00Z,架空市場 分析ノート,分析ノート,#分析ノート,500,28,3,2
INSTAGRAM,demo-market-032-3-07,2026-08-08T12:00:00Z,架空市場 分析ノート,分析ノート,#分析ノート,500,26,3,2
X,demo-market-032-3-08,2026-08-08T12:00:00Z,架空市場 分析ノート,分析ノート,#分析ノート,500,27,3,2
INSTAGRAM,demo-market-032-3-09,2026-08-08T12:00:00Z,架空市場 分析ノート,分析ノート,#分析ノート,500,26,3,2
X,demo-market-032-3-10,2026-08-08T12:00:00Z,架空市場 分析ノート,分析ノート,#分析ノート,500,28,3,2
X,demo-market-032-4-00,2026-08-08T12:00:00Z,架空市場 動画ラボ,動画ラボ,#動画ラボ,100,8,0,0
INSTAGRAM,demo-market-032-4-01,2026-08-08T12:00:00Z,架空市場 動画ラボ,動画ラボ,#動画ラボ,100,5,0,0
X,demo-market-032-4-02,2026-08-08T12:00:00Z,架空市場 動画ラボ,動画ラボ,#動画ラボ,100,5,0,0
X,demo-market-032-5-00,2026-08-08T12:00:00Z,架空市場 運用メモ,運用メモ,#運用メモ,600,31,3,3
INSTAGRAM,demo-market-032-5-01,2026-08-08T12:00:00Z,架空市場 運用メモ,運用メモ,#運用メモ,600,33,3,3
X,demo-market-032-5-02,2026-08-08T12:00:00Z,架空市場 運用メモ,運用メモ,#運用メモ,600,31,3,3
INSTAGRAM,demo-market-032-5-03,2026-08-08T12:00:00Z,架空市場 運用メモ,運用メモ,#運用メモ,600,31,3,3
X,demo-market-032-5-04,2026-08-08T12:00:00Z,架空市場 運用メモ,運用メモ,#運用メモ,600,30,3,3
INSTAGRAM,demo-market-032-5-05,2026-08-08T12:00:00Z,架空市場 運用メモ,運用メモ,#運用メモ,600,30,3,3
X,demo-market-033-0-00,2026-08-09T12:00:00Z,架空市場 生成AI研究,生成AI研究,#生成AI研究,1600,83,10,8
INSTAGRAM,demo-market-033-0-01,2026-08-09T12:00:00Z,架空市場 生成AI研究,生成AI研究,#生成AI研究,1600,82,10,8
X,demo-market-033-0-02,2026-08-09T12:00:00Z,架空市場 生成AI研究,生成AI研究,#生成AI研究,1600,81,10,8
INSTAGRAM,demo-market-033-0-03,2026-08-09T12:00:00Z,架空市場 生成AI研究,生成AI研究,#生成AI研究,1600,81,10,8
X,demo-market-033-0-04,2026-08-09T12:00:00Z,架空市場 生成AI研究,生成AI研究,#生成AI研究,1600,82,10,8
INSTAGRAM,demo-market-033-0-05,2026-08-09T12:00:00Z,架空市場 生成AI研究,生成AI研究,#生成AI研究,1600,82,10,8
X,demo-market-033-1-00,2026-08-09T12:00:00Z,架空市場 効率化実験,効率化実験,#効率化実験,1600,81,10,8
INSTAGRAM,demo-market-033-1-01,2026-08-09T12:00:00Z,架空市場 効率化実験,効率化実験,#効率化実験,1600,82,10,8
X,demo-market-033-1-02,2026-08-09T12:00:00Z,架空市場 効率化実験,効率化実験,#効率化実験,1600,83,10,8
INSTAGRAM,demo-market-033-1-03,2026-08-09T12:00:00Z,架空市場 効率化実験,効率化実験,#効率化実験,1600,81,10,8
X,demo-market-033-1-04,2026-08-09T12:00:00Z,架空市場 効率化実験,効率化実験,#効率化実験,1600,82,10,8
INSTAGRAM,demo-market-033-1-05,2026-08-09T12:00:00Z,架空市場 効率化実験,効率化実験,#効率化実験,1600,80,10,8
X,demo-market-033-1-06,2026-08-09T12:00:00Z,架空市場 効率化実験,効率化実験,#効率化実験,1600,80,10,8
INSTAGRAM,demo-market-033-1-07,2026-08-09T12:00:00Z,架空市場 効率化実験,効率化実験,#効率化実験,1600,83,10,8
X,demo-market-033-1-08,2026-08-09T12:00:00Z,架空市場 効率化実験,効率化実験,#効率化実験,1600,81,10,8
X,demo-market-033-2-00,2026-08-09T12:00:00Z,架空市場 エージェント検証,エージェント検証,#エージェント検証,1340,70,8,6
INSTAGRAM,demo-market-033-2-01,2026-08-09T12:00:00Z,架空市場 エージェント検証,エージェント検証,#エージェント検証,1340,69,8,6
X,demo-market-033-2-02,2026-08-09T12:00:00Z,架空市場 エージェント検証,エージェント検証,#エージェント検証,1340,70,8,6
INSTAGRAM,demo-market-033-2-03,2026-08-09T12:00:00Z,架空市場 エージェント検証,エージェント検証,#エージェント検証,1340,68,8,6
X,demo-market-033-2-04,2026-08-09T12:00:00Z,架空市場 エージェント検証,エージェント検証,#エージェント検証,1340,69,8,6
INSTAGRAM,demo-market-033-2-05,2026-08-09T12:00:00Z,架空市場 エージェント検証,エージェント検証,#エージェント検証,1340,69,8,6
X,demo-market-033-2-06,2026-08-09T12:00:00Z,架空市場 エージェント検証,エージェント検証,#エージェント検証,1340,68,8,6
INSTAGRAM,demo-market-033-2-07,2026-08-09T12:00:00Z,架空市場 エージェント検証,エージェント検証,#エージェント検証,1340,69,8,6
X,demo-market-033-2-08,2026-08-09T12:00:00Z,架空市場 エージェント検証,エージェント検証,#エージェント検証,1340,70,8,6
INSTAGRAM,demo-market-033-2-09,2026-08-09T12:00:00Z,架空市場 エージェント検証,エージェント検証,#エージェント検証,1340,70,8,6
X,demo-market-033-2-10,2026-08-09T12:00:00Z,架空市場 エージェント検証,エージェント検証,#エージェント検証,1340,69,8,6
INSTAGRAM,demo-market-033-2-11,2026-08-09T12:00:00Z,架空市場 エージェント検証,エージェント検証,#エージェント検証,1340,70,8,6
X,demo-market-033-2-12,2026-08-09T12:00:00Z,架空市場 エージェント検証,エージェント検証,#エージェント検証,1340,69,8,6
INSTAGRAM,demo-market-033-2-13,2026-08-09T12:00:00Z,架空市場 エージェント検証,エージェント検証,#エージェント検証,1340,68,8,6
X,demo-market-033-2-14,2026-08-09T12:00:00Z,架空市場 エージェント検証,エージェント検証,#エージェント検証,1340,69,8,6
X,demo-market-033-3-00,2026-08-09T12:00:00Z,架空市場 分析ノート,分析ノート,#分析ノート,500,26,3,2
INSTAGRAM,demo-market-033-3-01,2026-08-09T12:00:00Z,架空市場 分析ノート,分析ノート,#分析ノート,500,25,3,2
X,demo-market-033-3-02,2026-08-09T12:00:00Z,架空市場 分析ノート,分析ノート,#分析ノート,500,27,3,2
INSTAGRAM,demo-market-033-3-03,2026-08-09T12:00:00Z,架空市場 分析ノート,分析ノート,#分析ノート,500,26,3,2
X,demo-market-033-3-04,2026-08-09T12:00:00Z,架空市場 分析ノート,分析ノート,#分析ノート,500,27,3,2
INSTAGRAM,demo-market-033-3-05,2026-08-09T12:00:00Z,架空市場 分析ノート,分析ノート,#分析ノート,500,27,3,2
X,demo-market-033-3-06,2026-08-09T12:00:00Z,架空市場 分析ノート,分析ノート,#分析ノート,500,26,3,2
INSTAGRAM,demo-market-033-3-07,2026-08-09T12:00:00Z,架空市場 分析ノート,分析ノート,#分析ノート,500,27,3,2
X,demo-market-033-3-08,2026-08-09T12:00:00Z,架空市場 分析ノート,分析ノート,#分析ノート,500,26,3,2
INSTAGRAM,demo-market-033-3-09,2026-08-09T12:00:00Z,架空市場 分析ノート,分析ノート,#分析ノート,500,26,3,2
X,demo-market-033-3-10,2026-08-09T12:00:00Z,架空市場 分析ノート,分析ノート,#分析ノート,500,28,3,2
X,demo-market-033-4-00,2026-08-09T12:00:00Z,架空市場 動画ラボ,動画ラボ,#動画ラボ,100,8,0,0
INSTAGRAM,demo-market-033-4-01,2026-08-09T12:00:00Z,架空市場 動画ラボ,動画ラボ,#動画ラボ,100,5,0,0
X,demo-market-033-4-02,2026-08-09T12:00:00Z,架空市場 動画ラボ,動画ラボ,#動画ラボ,100,7,0,0
X,demo-market-033-5-00,2026-08-09T12:00:00Z,架空市場 運用メモ,運用メモ,#運用メモ,600,32,3,3
INSTAGRAM,demo-market-033-5-01,2026-08-09T12:00:00Z,架空市場 運用メモ,運用メモ,#運用メモ,600,31,3,3
X,demo-market-033-5-02,2026-08-09T12:00:00Z,架空市場 運用メモ,運用メモ,#運用メモ,600,33,3,3
INSTAGRAM,demo-market-033-5-03,2026-08-09T12:00:00Z,架空市場 運用メモ,運用メモ,#運用メモ,600,31,3,3
X,demo-market-033-5-04,2026-08-09T12:00:00Z,架空市場 運用メモ,運用メモ,#運用メモ,600,30,3,3
INSTAGRAM,demo-market-033-5-05,2026-08-09T12:00:00Z,架空市場 運用メモ,運用メモ,#運用メモ,600,30,3,3
X,demo-market-034-0-00,2026-08-10T12:00:00Z,架空市場 生成AI研究,生成AI研究,#生成AI研究,1600,80,10,8
INSTAGRAM,demo-market-034-0-01,2026-08-10T12:00:00Z,架空市場 生成AI研究,生成AI研究,#生成AI研究,1600,82,10,8
X,demo-market-034-0-02,2026-08-10T12:00:00Z,架空市場 生成AI研究,生成AI研究,#生成AI研究,1600,81,10,8
INSTAGRAM,demo-market-034-0-03,2026-08-10T12:00:00Z,架空市場 生成AI研究,生成AI研究,#生成AI研究,1600,81,10,8
X,demo-market-034-0-04,2026-08-10T12:00:00Z,架空市場 生成AI研究,生成AI研究,#生成AI研究,1600,82,10,8
X,demo-market-034-1-00,2026-08-10T12:00:00Z,架空市場 効率化実験,効率化実験,#効率化実験,1600,80,10,8
INSTAGRAM,demo-market-034-1-01,2026-08-10T12:00:00Z,架空市場 効率化実験,効率化実験,#効率化実験,1600,83,10,8
X,demo-market-034-1-02,2026-08-10T12:00:00Z,架空市場 効率化実験,効率化実験,#効率化実験,1600,81,10,8
INSTAGRAM,demo-market-034-1-03,2026-08-10T12:00:00Z,架空市場 効率化実験,効率化実験,#効率化実験,1600,81,10,8
X,demo-market-034-1-04,2026-08-10T12:00:00Z,架空市場 効率化実験,効率化実験,#効率化実験,1600,82,10,8
INSTAGRAM,demo-market-034-1-05,2026-08-10T12:00:00Z,架空市場 効率化実験,効率化実験,#効率化実験,1600,81,10,8
X,demo-market-034-1-06,2026-08-10T12:00:00Z,架空市場 効率化実験,効率化実験,#効率化実験,1600,83,10,8
INSTAGRAM,demo-market-034-1-07,2026-08-10T12:00:00Z,架空市場 効率化実験,効率化実験,#効率化実験,1600,83,10,8
X,demo-market-034-1-08,2026-08-10T12:00:00Z,架空市場 効率化実験,効率化実験,#効率化実験,1600,80,10,8
X,demo-market-034-2-00,2026-08-10T12:00:00Z,架空市場 エージェント検証,エージェント検証,#エージェント検証,1320,67,8,6
INSTAGRAM,demo-market-034-2-01,2026-08-10T12:00:00Z,架空市場 エージェント検証,エージェント検証,#エージェント検証,1320,67,8,6
X,demo-market-034-2-02,2026-08-10T12:00:00Z,架空市場 エージェント検証,エージェント検証,#エージェント検証,1320,69,8,6
INSTAGRAM,demo-market-034-2-03,2026-08-10T12:00:00Z,架空市場 エージェント検証,エージェント検証,#エージェント検証,1320,68,8,6
X,demo-market-034-2-04,2026-08-10T12:00:00Z,架空市場 エージェント検証,エージェント検証,#エージェント検証,1320,66,8,6
INSTAGRAM,demo-market-034-2-05,2026-08-10T12:00:00Z,架空市場 エージェント検証,エージェント検証,#エージェント検証,1320,67,8,6
X,demo-market-034-2-06,2026-08-10T12:00:00Z,架空市場 エージェント検証,エージェント検証,#エージェント検証,1320,68,8,6
INSTAGRAM,demo-market-034-2-07,2026-08-10T12:00:00Z,架空市場 エージェント検証,エージェント検証,#エージェント検証,1320,66,8,6
X,demo-market-034-2-08,2026-08-10T12:00:00Z,架空市場 エージェント検証,エージェント検証,#エージェント検証,1320,67,8,6
INSTAGRAM,demo-market-034-2-09,2026-08-10T12:00:00Z,架空市場 エージェント検証,エージェント検証,#エージェント検証,1320,67,8,6
X,demo-market-034-2-10,2026-08-10T12:00:00Z,架空市場 エージェント検証,エージェント検証,#エージェント検証,1320,68,8,6
INSTAGRAM,demo-market-034-2-11,2026-08-10T12:00:00Z,架空市場 エージェント検証,エージェント検証,#エージェント検証,1320,67,8,6
X,demo-market-034-2-12,2026-08-10T12:00:00Z,架空市場 エージェント検証,エージェント検証,#エージェント検証,1320,67,8,6
INSTAGRAM,demo-market-034-2-13,2026-08-10T12:00:00Z,架空市場 エージェント検証,エージェント検証,#エージェント検証,1320,67,8,6
X,demo-market-034-3-00,2026-08-10T12:00:00Z,架空市場 分析ノート,分析ノート,#分析ノート,500,26,3,2
INSTAGRAM,demo-market-034-3-01,2026-08-10T12:00:00Z,架空市場 分析ノート,分析ノート,#分析ノート,500,26,3,2
X,demo-market-034-3-02,2026-08-10T12:00:00Z,架空市場 分析ノート,分析ノート,#分析ノート,500,26,3,2
INSTAGRAM,demo-market-034-3-03,2026-08-10T12:00:00Z,架空市場 分析ノート,分析ノート,#分析ノート,500,27,3,2
X,demo-market-034-3-04,2026-08-10T12:00:00Z,架空市場 分析ノート,分析ノート,#分析ノート,500,26,3,2
INSTAGRAM,demo-market-034-3-05,2026-08-10T12:00:00Z,架空市場 分析ノート,分析ノート,#分析ノート,500,26,3,2
X,demo-market-034-3-06,2026-08-10T12:00:00Z,架空市場 分析ノート,分析ノート,#分析ノート,500,25,3,2
INSTAGRAM,demo-market-034-3-07,2026-08-10T12:00:00Z,架空市場 分析ノート,分析ノート,#分析ノート,500,27,3,2
X,demo-market-034-3-08,2026-08-10T12:00:00Z,架空市場 分析ノート,分析ノート,#分析ノート,500,26,3,2
INSTAGRAM,demo-market-034-3-09,2026-08-10T12:00:00Z,架空市場 分析ノート,分析ノート,#分析ノート,500,27,3,2
X,demo-market-034-3-10,2026-08-10T12:00:00Z,架空市場 分析ノート,分析ノート,#分析ノート,500,27,3,2
INSTAGRAM,demo-market-034-3-11,2026-08-10T12:00:00Z,架空市場 分析ノート,分析ノート,#分析ノート,500,27,3,2
X,demo-market-034-4-00,2026-08-10T12:00:00Z,架空市場 動画ラボ,動画ラボ,#動画ラボ,100,6,0,0
INSTAGRAM,demo-market-034-4-01,2026-08-10T12:00:00Z,架空市場 動画ラボ,動画ラボ,#動画ラボ,100,5,0,0
X,demo-market-034-4-02,2026-08-10T12:00:00Z,架空市場 動画ラボ,動画ラボ,#動画ラボ,100,7,0,0
INSTAGRAM,demo-market-034-4-03,2026-08-10T12:00:00Z,架空市場 動画ラボ,動画ラボ,#動画ラボ,100,5,0,0
X,demo-market-034-5-00,2026-08-10T12:00:00Z,架空市場 運用メモ,運用メモ,#運用メモ,600,30,3,3
INSTAGRAM,demo-market-034-5-01,2026-08-10T12:00:00Z,架空市場 運用メモ,運用メモ,#運用メモ,600,32,3,3
X,demo-market-034-5-02,2026-08-10T12:00:00Z,架空市場 運用メモ,運用メモ,#運用メモ,600,32,3,3
INSTAGRAM,demo-market-034-5-03,2026-08-10T12:00:00Z,架空市場 運用メモ,運用メモ,#運用メモ,600,32,3,3
X,demo-market-034-5-04,2026-08-10T12:00:00Z,架空市場 運用メモ,運用メモ,#運用メモ,600,31,3,3
INSTAGRAM,demo-market-034-5-05,2026-08-10T12:00:00Z,架空市場 運用メモ,運用メモ,#運用メモ,600,33,3,3
X,demo-market-035-0-00,2026-08-11T12:00:00Z,架空市場 生成AI研究,生成AI研究,#生成AI研究,1600,82,10,8
INSTAGRAM,demo-market-035-0-01,2026-08-11T12:00:00Z,架空市場 生成AI研究,生成AI研究,#生成AI研究,1600,83,10,8
X,demo-market-035-0-02,2026-08-11T12:00:00Z,架空市場 生成AI研究,生成AI研究,#生成AI研究,1600,82,10,8
INSTAGRAM,demo-market-035-0-03,2026-08-11T12:00:00Z,架空市場 生成AI研究,生成AI研究,#生成AI研究,1600,82,10,8
X,demo-market-035-0-04,2026-08-11T12:00:00Z,架空市場 生成AI研究,生成AI研究,#生成AI研究,1600,81,10,8
X,demo-market-035-1-00,2026-08-11T12:00:00Z,架空市場 効率化実験,効率化実験,#効率化実験,1600,82,10,8
INSTAGRAM,demo-market-035-1-01,2026-08-11T12:00:00Z,架空市場 効率化実験,効率化実験,#効率化実験,1600,83,10,8
X,demo-market-035-1-02,2026-08-11T12:00:00Z,架空市場 効率化実験,効率化実験,#効率化実験,1600,83,10,8
INSTAGRAM,demo-market-035-1-03,2026-08-11T12:00:00Z,架空市場 効率化実験,効率化実験,#効率化実験,1600,81,10,8
X,demo-market-035-1-04,2026-08-11T12:00:00Z,架空市場 効率化実験,効率化実験,#効率化実験,1600,81,10,8
INSTAGRAM,demo-market-035-1-05,2026-08-11T12:00:00Z,架空市場 効率化実験,効率化実験,#効率化実験,1600,82,10,8
X,demo-market-035-1-06,2026-08-11T12:00:00Z,架空市場 効率化実験,効率化実験,#効率化実験,1600,82,10,8
INSTAGRAM,demo-market-035-1-07,2026-08-11T12:00:00Z,架空市場 効率化実験,効率化実験,#効率化実験,1600,81,10,8
X,demo-market-035-2-00,2026-08-11T12:00:00Z,架空市場 エージェント検証,エージェント検証,#エージェント検証,1300,65,8,6
INSTAGRAM,demo-market-035-2-01,2026-08-11T12:00:00Z,架空市場 エージェント検証,エージェント検証,#エージェント検証,1300,66,8,6
X,demo-market-035-2-02,2026-08-11T12:00:00Z,架空市場 エージェント検証,エージェント検証,#エージェント検証,1300,66,8,6
INSTAGRAM,demo-market-035-2-03,2026-08-11T12:00:00Z,架空市場 エージェント検証,エージェント検証,#エージェント検証,1300,67,8,6
X,demo-market-035-2-04,2026-08-11T12:00:00Z,架空市場 エージェント検証,エージェント検証,#エージェント検証,1300,66,8,6
INSTAGRAM,demo-market-035-2-05,2026-08-11T12:00:00Z,架空市場 エージェント検証,エージェント検証,#エージェント検証,1300,65,8,6
X,demo-market-035-2-06,2026-08-11T12:00:00Z,架空市場 エージェント検証,エージェント検証,#エージェント検証,1300,65,8,6
INSTAGRAM,demo-market-035-2-07,2026-08-11T12:00:00Z,架空市場 エージェント検証,エージェント検証,#エージェント検証,1300,68,8,6
X,demo-market-035-2-08,2026-08-11T12:00:00Z,架空市場 エージェント検証,エージェント検証,#エージェント検証,1300,67,8,6
INSTAGRAM,demo-market-035-2-09,2026-08-11T12:00:00Z,架空市場 エージェント検証,エージェント検証,#エージェント検証,1300,68,8,6
X,demo-market-035-2-10,2026-08-11T12:00:00Z,架空市場 エージェント検証,エージェント検証,#エージェント検証,1300,67,8,6
INSTAGRAM,demo-market-035-2-11,2026-08-11T12:00:00Z,架空市場 エージェント検証,エージェント検証,#エージェント検証,1300,67,8,6
X,demo-market-035-2-12,2026-08-11T12:00:00Z,架空市場 エージェント検証,エージェント検証,#エージェント検証,1300,68,8,6
INSTAGRAM,demo-market-035-2-13,2026-08-11T12:00:00Z,架空市場 エージェント検証,エージェント検証,#エージェント検証,1300,67,8,6
X,demo-market-035-3-00,2026-08-11T12:00:00Z,架空市場 分析ノート,分析ノート,#分析ノート,500,28,3,2
INSTAGRAM,demo-market-035-3-01,2026-08-11T12:00:00Z,架空市場 分析ノート,分析ノート,#分析ノート,500,25,3,2
X,demo-market-035-3-02,2026-08-11T12:00:00Z,架空市場 分析ノート,分析ノート,#分析ノート,500,28,3,2
INSTAGRAM,demo-market-035-3-03,2026-08-11T12:00:00Z,架空市場 分析ノート,分析ノート,#分析ノート,500,28,3,2
X,demo-market-035-3-04,2026-08-11T12:00:00Z,架空市場 分析ノート,分析ノート,#分析ノート,500,26,3,2
INSTAGRAM,demo-market-035-3-05,2026-08-11T12:00:00Z,架空市場 分析ノート,分析ノート,#分析ノート,500,28,3,2
X,demo-market-035-3-06,2026-08-11T12:00:00Z,架空市場 分析ノート,分析ノート,#分析ノート,500,25,3,2
INSTAGRAM,demo-market-035-3-07,2026-08-11T12:00:00Z,架空市場 分析ノート,分析ノート,#分析ノート,500,28,3,2
X,demo-market-035-3-08,2026-08-11T12:00:00Z,架空市場 分析ノート,分析ノート,#分析ノート,500,27,3,2
INSTAGRAM,demo-market-035-3-09,2026-08-11T12:00:00Z,架空市場 分析ノート,分析ノート,#分析ノート,500,26,3,2
X,demo-market-035-3-10,2026-08-11T12:00:00Z,架空市場 分析ノート,分析ノート,#分析ノート,500,25,3,2
INSTAGRAM,demo-market-035-3-11,2026-08-11T12:00:00Z,架空市場 分析ノート,分析ノート,#分析ノート,500,25,3,2
X,demo-market-035-4-00,2026-08-11T12:00:00Z,架空市場 動画ラボ,動画ラボ,#動画ラボ,100,8,0,0
INSTAGRAM,demo-market-035-4-01,2026-08-11T12:00:00Z,架空市場 動画ラボ,動画ラボ,#動画ラボ,100,6,0,0
X,demo-market-035-4-02,2026-08-11T12:00:00Z,架空市場 動画ラボ,動画ラボ,#動画ラボ,100,7,0,0
INSTAGRAM,demo-market-035-4-03,2026-08-11T12:00:00Z,架空市場 動画ラボ,動画ラボ,#動画ラボ,100,5,0,0
X,demo-market-035-5-00,2026-08-11T12:00:00Z,架空市場 運用メモ,運用メモ,#運用メモ,600,32,3,3
INSTAGRAM,demo-market-035-5-01,2026-08-11T12:00:00Z,架空市場 運用メモ,運用メモ,#運用メモ,600,30,3,3
X,demo-market-035-5-02,2026-08-11T12:00:00Z,架空市場 運用メモ,運用メモ,#運用メモ,600,31,3,3
INSTAGRAM,demo-market-035-5-03,2026-08-11T12:00:00Z,架空市場 運用メモ,運用メモ,#運用メモ,600,30,3,3
X,demo-market-035-5-04,2026-08-11T12:00:00Z,架空市場 運用メモ,運用メモ,#運用メモ,600,31,3,3
INSTAGRAM,demo-market-035-5-05,2026-08-11T12:00:00Z,架空市場 運用メモ,運用メモ,#運用メモ,600,32,3,3
X,demo-market-035-5-06,2026-08-11T12:00:00Z,架空市場 運用メモ,運用メモ,#運用メモ,600,30,3,3
X,demo-market-036-0-00,2026-08-12T12:00:00Z,架空市場 生成AI研究,生成AI研究,#生成AI研究,1600,80,10,8
INSTAGRAM,demo-market-036-0-01,2026-08-12T12:00:00Z,架空市場 生成AI研究,生成AI研究,#生成AI研究,1600,81,10,8
X,demo-market-036-0-02,2026-08-12T12:00:00Z,架空市場 生成AI研究,生成AI研究,#生成AI研究,1600,80,10,8
INSTAGRAM,demo-market-036-0-03,2026-08-12T12:00:00Z,架空市場 生成AI研究,生成AI研究,#生成AI研究,1600,82,10,8
X,demo-market-036-0-04,2026-08-12T12:00:00Z,架空市場 生成AI研究,生成AI研究,#生成AI研究,1600,83,10,8
X,demo-market-036-1-00,2026-08-12T12:00:00Z,架空市場 効率化実験,効率化実験,#効率化実験,1600,82,10,8
INSTAGRAM,demo-market-036-1-01,2026-08-12T12:00:00Z,架空市場 効率化実験,効率化実験,#効率化実験,1600,80,10,8
X,demo-market-036-1-02,2026-08-12T12:00:00Z,架空市場 効率化実験,効率化実験,#効率化実験,1600,83,10,8
INSTAGRAM,demo-market-036-1-03,2026-08-12T12:00:00Z,架空市場 効率化実験,効率化実験,#効率化実験,1600,80,10,8
X,demo-market-036-1-04,2026-08-12T12:00:00Z,架空市場 効率化実験,効率化実験,#効率化実験,1600,82,10,8
INSTAGRAM,demo-market-036-1-05,2026-08-12T12:00:00Z,架空市場 効率化実験,効率化実験,#効率化実験,1600,82,10,8
X,demo-market-036-1-06,2026-08-12T12:00:00Z,架空市場 効率化実験,効率化実験,#効率化実験,1600,81,10,8
INSTAGRAM,demo-market-036-1-07,2026-08-12T12:00:00Z,架空市場 効率化実験,効率化実験,#効率化実験,1600,80,10,8
X,demo-market-036-2-00,2026-08-12T12:00:00Z,架空市場 エージェント検証,エージェント検証,#エージェント検証,1280,65,8,6
INSTAGRAM,demo-market-036-2-01,2026-08-12T12:00:00Z,架空市場 エージェント検証,エージェント検証,#エージェント検証,1280,64,8,6
X,demo-market-036-2-02,2026-08-12T12:00:00Z,架空市場 エージェント検証,エージェント検証,#エージェント検証,1280,66,8,6
INSTAGRAM,demo-market-036-2-03,2026-08-12T12:00:00Z,架空市場 エージェント検証,エージェント検証,#エージェント検証,1280,65,8,6
X,demo-market-036-2-04,2026-08-12T12:00:00Z,架空市場 エージェント検証,エージェント検証,#エージェント検証,1280,67,8,6
INSTAGRAM,demo-market-036-2-05,2026-08-12T12:00:00Z,架空市場 エージェント検証,エージェント検証,#エージェント検証,1280,66,8,6
X,demo-market-036-2-06,2026-08-12T12:00:00Z,架空市場 エージェント検証,エージェント検証,#エージェント検証,1280,67,8,6
INSTAGRAM,demo-market-036-2-07,2026-08-12T12:00:00Z,架空市場 エージェント検証,エージェント検証,#エージェント検証,1280,66,8,6
X,demo-market-036-2-08,2026-08-12T12:00:00Z,架空市場 エージェント検証,エージェント検証,#エージェント検証,1280,65,8,6
INSTAGRAM,demo-market-036-2-09,2026-08-12T12:00:00Z,架空市場 エージェント検証,エージェント検証,#エージェント検証,1280,64,8,6
X,demo-market-036-2-10,2026-08-12T12:00:00Z,架空市場 エージェント検証,エージェント検証,#エージェント検証,1280,67,8,6
INSTAGRAM,demo-market-036-2-11,2026-08-12T12:00:00Z,架空市場 エージェント検証,エージェント検証,#エージェント検証,1280,65,8,6
X,demo-market-036-2-12,2026-08-12T12:00:00Z,架空市場 エージェント検証,エージェント検証,#エージェント検証,1280,64,8,6
INSTAGRAM,demo-market-036-2-13,2026-08-12T12:00:00Z,架空市場 エージェント検証,エージェント検証,#エージェント検証,1280,66,8,6
X,demo-market-036-3-00,2026-08-12T12:00:00Z,架空市場 分析ノート,分析ノート,#分析ノート,500,25,3,2
INSTAGRAM,demo-market-036-3-01,2026-08-12T12:00:00Z,架空市場 分析ノート,分析ノート,#分析ノート,500,28,3,2
X,demo-market-036-3-02,2026-08-12T12:00:00Z,架空市場 分析ノート,分析ノート,#分析ノート,500,27,3,2
INSTAGRAM,demo-market-036-3-03,2026-08-12T12:00:00Z,架空市場 分析ノート,分析ノート,#分析ノート,500,27,3,2
X,demo-market-036-3-04,2026-08-12T12:00:00Z,架空市場 分析ノート,分析ノート,#分析ノート,500,27,3,2
INSTAGRAM,demo-market-036-3-05,2026-08-12T12:00:00Z,架空市場 分析ノート,分析ノート,#分析ノート,500,27,3,2
X,demo-market-036-3-06,2026-08-12T12:00:00Z,架空市場 分析ノート,分析ノート,#分析ノート,500,28,3,2
INSTAGRAM,demo-market-036-3-07,2026-08-12T12:00:00Z,架空市場 分析ノート,分析ノート,#分析ノート,500,25,3,2
X,demo-market-036-3-08,2026-08-12T12:00:00Z,架空市場 分析ノート,分析ノート,#分析ノート,500,27,3,2
INSTAGRAM,demo-market-036-3-09,2026-08-12T12:00:00Z,架空市場 分析ノート,分析ノート,#分析ノート,500,26,3,2
X,demo-market-036-3-10,2026-08-12T12:00:00Z,架空市場 分析ノート,分析ノート,#分析ノート,500,27,3,2
INSTAGRAM,demo-market-036-3-11,2026-08-12T12:00:00Z,架空市場 分析ノート,分析ノート,#分析ノート,500,27,3,2
X,demo-market-036-4-00,2026-08-12T12:00:00Z,架空市場 動画ラボ,動画ラボ,#動画ラボ,100,6,0,0
INSTAGRAM,demo-market-036-4-01,2026-08-12T12:00:00Z,架空市場 動画ラボ,動画ラボ,#動画ラボ,100,6,0,0
X,demo-market-036-4-02,2026-08-12T12:00:00Z,架空市場 動画ラボ,動画ラボ,#動画ラボ,100,5,0,0
INSTAGRAM,demo-market-036-4-03,2026-08-12T12:00:00Z,架空市場 動画ラボ,動画ラボ,#動画ラボ,100,7,0,0
X,demo-market-036-5-00,2026-08-12T12:00:00Z,架空市場 運用メモ,運用メモ,#運用メモ,600,30,3,3
INSTAGRAM,demo-market-036-5-01,2026-08-12T12:00:00Z,架空市場 運用メモ,運用メモ,#運用メモ,600,32,3,3
X,demo-market-036-5-02,2026-08-12T12:00:00Z,架空市場 運用メモ,運用メモ,#運用メモ,600,33,3,3
INSTAGRAM,demo-market-036-5-03,2026-08-12T12:00:00Z,架空市場 運用メモ,運用メモ,#運用メモ,600,30,3,3
X,demo-market-036-5-04,2026-08-12T12:00:00Z,架空市場 運用メモ,運用メモ,#運用メモ,600,31,3,3
INSTAGRAM,demo-market-036-5-05,2026-08-12T12:00:00Z,架空市場 運用メモ,運用メモ,#運用メモ,600,30,3,3
X,demo-market-036-5-06,2026-08-12T12:00:00Z,架空市場 運用メモ,運用メモ,#運用メモ,600,32,3,3
X,demo-market-037-0-00,2026-08-13T12:00:00Z,架空市場 生成AI研究,生成AI研究,#生成AI研究,1600,82,10,8
INSTAGRAM,demo-market-037-0-01,2026-08-13T12:00:00Z,架空市場 生成AI研究,生成AI研究,#生成AI研究,1600,83,10,8
X,demo-market-037-0-02,2026-08-13T12:00:00Z,架空市場 生成AI研究,生成AI研究,#生成AI研究,1600,81,10,8
INSTAGRAM,demo-market-037-0-03,2026-08-13T12:00:00Z,架空市場 生成AI研究,生成AI研究,#生成AI研究,1600,81,10,8
X,demo-market-037-0-04,2026-08-13T12:00:00Z,架空市場 生成AI研究,生成AI研究,#生成AI研究,1600,83,10,8
X,demo-market-037-1-00,2026-08-13T12:00:00Z,架空市場 効率化実験,効率化実験,#効率化実験,1600,83,10,8
INSTAGRAM,demo-market-037-1-01,2026-08-13T12:00:00Z,架空市場 効率化実験,効率化実験,#効率化実験,1600,81,10,8
X,demo-market-037-1-02,2026-08-13T12:00:00Z,架空市場 効率化実験,効率化実験,#効率化実験,1600,81,10,8
INSTAGRAM,demo-market-037-1-03,2026-08-13T12:00:00Z,架空市場 効率化実験,効率化実験,#効率化実験,1600,83,10,8
X,demo-market-037-1-04,2026-08-13T12:00:00Z,架空市場 効率化実験,効率化実験,#効率化実験,1600,80,10,8
INSTAGRAM,demo-market-037-1-05,2026-08-13T12:00:00Z,架空市場 効率化実験,効率化実験,#効率化実験,1600,83,10,8
X,demo-market-037-1-06,2026-08-13T12:00:00Z,架空市場 効率化実験,効率化実験,#効率化実験,1600,82,10,8
INSTAGRAM,demo-market-037-1-07,2026-08-13T12:00:00Z,架空市場 効率化実験,効率化実験,#効率化実験,1600,81,10,8
X,demo-market-037-2-00,2026-08-13T12:00:00Z,架空市場 エージェント検証,エージェント検証,#エージェント検証,1260,66,7,6
INSTAGRAM,demo-market-037-2-01,2026-08-13T12:00:00Z,架空市場 エージェント検証,エージェント検証,#エージェント検証,1260,63,7,6
X,demo-market-037-2-02,2026-08-13T12:00:00Z,架空市場 エージェント検証,エージェント検証,#エージェント検証,1260,66,7,6
INSTAGRAM,demo-market-037-2-03,2026-08-13T12:00:00Z,架空市場 エージェント検証,エージェント検証,#エージェント検証,1260,65,7,6
X,demo-market-037-2-04,2026-08-13T12:00:00Z,架空市場 エージェント検証,エージェント検証,#エージェント検証,1260,65,7,6
INSTAGRAM,demo-market-037-2-05,2026-08-13T12:00:00Z,架空市場 エージェント検証,エージェント検証,#エージェント検証,1260,64,7,6
X,demo-market-037-2-06,2026-08-13T12:00:00Z,架空市場 エージェント検証,エージェント検証,#エージェント検証,1260,64,7,6
INSTAGRAM,demo-market-037-2-07,2026-08-13T12:00:00Z,架空市場 エージェント検証,エージェント検証,#エージェント検証,1260,64,7,6
X,demo-market-037-2-08,2026-08-13T12:00:00Z,架空市場 エージェント検証,エージェント検証,#エージェント検証,1260,63,7,6
INSTAGRAM,demo-market-037-2-09,2026-08-13T12:00:00Z,架空市場 エージェント検証,エージェント検証,#エージェント検証,1260,66,7,6
X,demo-market-037-2-10,2026-08-13T12:00:00Z,架空市場 エージェント検証,エージェント検証,#エージェント検証,1260,63,7,6
INSTAGRAM,demo-market-037-2-11,2026-08-13T12:00:00Z,架空市場 エージェント検証,エージェント検証,#エージェント検証,1260,66,7,6
X,demo-market-037-2-12,2026-08-13T12:00:00Z,架空市場 エージェント検証,エージェント検証,#エージェント検証,1260,65,7,6
INSTAGRAM,demo-market-037-2-13,2026-08-13T12:00:00Z,架空市場 エージェント検証,エージェント検証,#エージェント検証,1260,65,7,6
X,demo-market-037-3-00,2026-08-13T12:00:00Z,架空市場 分析ノート,分析ノート,#分析ノート,500,28,3,2
INSTAGRAM,demo-market-037-3-01,2026-08-13T12:00:00Z,架空市場 分析ノート,分析ノート,#分析ノート,500,28,3,2
X,demo-market-037-3-02,2026-08-13T12:00:00Z,架空市場 分析ノート,分析ノート,#分析ノート,500,27,3,2
INSTAGRAM,demo-market-037-3-03,2026-08-13T12:00:00Z,架空市場 分析ノート,分析ノート,#分析ノート,500,27,3,2
X,demo-market-037-3-04,2026-08-13T12:00:00Z,架空市場 分析ノート,分析ノート,#分析ノート,500,26,3,2
INSTAGRAM,demo-market-037-3-05,2026-08-13T12:00:00Z,架空市場 分析ノート,分析ノート,#分析ノート,500,28,3,2
X,demo-market-037-3-06,2026-08-13T12:00:00Z,架空市場 分析ノート,分析ノート,#分析ノート,500,27,3,2
INSTAGRAM,demo-market-037-3-07,2026-08-13T12:00:00Z,架空市場 分析ノート,分析ノート,#分析ノート,500,27,3,2
X,demo-market-037-3-08,2026-08-13T12:00:00Z,架空市場 分析ノート,分析ノート,#分析ノート,500,25,3,2
INSTAGRAM,demo-market-037-3-09,2026-08-13T12:00:00Z,架空市場 分析ノート,分析ノート,#分析ノート,500,26,3,2
X,demo-market-037-3-10,2026-08-13T12:00:00Z,架空市場 分析ノート,分析ノート,#分析ノート,500,27,3,2
INSTAGRAM,demo-market-037-3-11,2026-08-13T12:00:00Z,架空市場 分析ノート,分析ノート,#分析ノート,500,25,3,2
X,demo-market-037-4-00,2026-08-13T12:00:00Z,架空市場 動画ラボ,動画ラボ,#動画ラボ,100,8,0,0
INSTAGRAM,demo-market-037-4-01,2026-08-13T12:00:00Z,架空市場 動画ラボ,動画ラボ,#動画ラボ,100,7,0,0
X,demo-market-037-4-02,2026-08-13T12:00:00Z,架空市場 動画ラボ,動画ラボ,#動画ラボ,100,7,0,0
INSTAGRAM,demo-market-037-4-03,2026-08-13T12:00:00Z,架空市場 動画ラボ,動画ラボ,#動画ラボ,100,6,0,0
X,demo-market-037-5-00,2026-08-13T12:00:00Z,架空市場 運用メモ,運用メモ,#運用メモ,600,32,3,3
INSTAGRAM,demo-market-037-5-01,2026-08-13T12:00:00Z,架空市場 運用メモ,運用メモ,#運用メモ,600,30,3,3
X,demo-market-037-5-02,2026-08-13T12:00:00Z,架空市場 運用メモ,運用メモ,#運用メモ,600,33,3,3
INSTAGRAM,demo-market-037-5-03,2026-08-13T12:00:00Z,架空市場 運用メモ,運用メモ,#運用メモ,600,31,3,3
X,demo-market-037-5-04,2026-08-13T12:00:00Z,架空市場 運用メモ,運用メモ,#運用メモ,600,30,3,3
INSTAGRAM,demo-market-037-5-05,2026-08-13T12:00:00Z,架空市場 運用メモ,運用メモ,#運用メモ,600,32,3,3
X,demo-market-037-5-06,2026-08-13T12:00:00Z,架空市場 運用メモ,運用メモ,#運用メモ,600,33,3,3
X,demo-market-038-0-00,2026-08-14T12:00:00Z,架空市場 生成AI研究,生成AI研究,#生成AI研究,1600,81,10,8
INSTAGRAM,demo-market-038-0-01,2026-08-14T12:00:00Z,架空市場 生成AI研究,生成AI研究,#生成AI研究,1600,81,10,8
X,demo-market-038-0-02,2026-08-14T12:00:00Z,架空市場 生成AI研究,生成AI研究,#生成AI研究,1600,83,10,8
INSTAGRAM,demo-market-038-0-03,2026-08-14T12:00:00Z,架空市場 生成AI研究,生成AI研究,#生成AI研究,1600,83,10,8
X,demo-market-038-0-04,2026-08-14T12:00:00Z,架空市場 生成AI研究,生成AI研究,#生成AI研究,1600,83,10,8
X,demo-market-038-1-00,2026-08-14T12:00:00Z,架空市場 効率化実験,効率化実験,#効率化実験,1600,81,10,8
INSTAGRAM,demo-market-038-1-01,2026-08-14T12:00:00Z,架空市場 効率化実験,効率化実験,#効率化実験,1600,80,10,8
X,demo-market-038-1-02,2026-08-14T12:00:00Z,架空市場 効率化実験,効率化実験,#効率化実験,1600,83,10,8
INSTAGRAM,demo-market-038-1-03,2026-08-14T12:00:00Z,架空市場 効率化実験,効率化実験,#効率化実験,1600,80,10,8
X,demo-market-038-1-04,2026-08-14T12:00:00Z,架空市場 効率化実験,効率化実験,#効率化実験,1600,82,10,8
INSTAGRAM,demo-market-038-1-05,2026-08-14T12:00:00Z,架空市場 効率化実験,効率化実験,#効率化実験,1600,83,10,8
X,demo-market-038-1-06,2026-08-14T12:00:00Z,架空市場 効率化実験,効率化実験,#効率化実験,1600,81,10,8
X,demo-market-038-2-00,2026-08-14T12:00:00Z,架空市場 エージェント検証,エージェント検証,#エージェント検証,1240,63,7,6
INSTAGRAM,demo-market-038-2-01,2026-08-14T12:00:00Z,架空市場 エージェント検証,エージェント検証,#エージェント検証,1240,64,7,6
X,demo-market-038-2-02,2026-08-14T12:00:00Z,架空市場 エージェント検証,エージェント検証,#エージェント検証,1240,62,7,6
INSTAGRAM,demo-market-038-2-03,2026-08-14T12:00:00Z,架空市場 エージェント検証,エージェント検証,#エージェント検証,1240,63,7,6
X,demo-market-038-2-04,2026-08-14T12:00:00Z,架空市場 エージェント検証,エージェント検証,#エージェント検証,1240,64,7,6
INSTAGRAM,demo-market-038-2-05,2026-08-14T12:00:00Z,架空市場 エージェント検証,エージェント検証,#エージェント検証,1240,62,7,6
X,demo-market-038-2-06,2026-08-14T12:00:00Z,架空市場 エージェント検証,エージェント検証,#エージェント検証,1240,63,7,6
INSTAGRAM,demo-market-038-2-07,2026-08-14T12:00:00Z,架空市場 エージェント検証,エージェント検証,#エージェント検証,1240,65,7,6
X,demo-market-038-2-08,2026-08-14T12:00:00Z,架空市場 エージェント検証,エージェント検証,#エージェント検証,1240,62,7,6
INSTAGRAM,demo-market-038-2-09,2026-08-14T12:00:00Z,架空市場 エージェント検証,エージェント検証,#エージェント検証,1240,64,7,6
X,demo-market-038-2-10,2026-08-14T12:00:00Z,架空市場 エージェント検証,エージェント検証,#エージェント検証,1240,62,7,6
INSTAGRAM,demo-market-038-2-11,2026-08-14T12:00:00Z,架空市場 エージェント検証,エージェント検証,#エージェント検証,1240,65,7,6
X,demo-market-038-2-12,2026-08-14T12:00:00Z,架空市場 エージェント検証,エージェント検証,#エージェント検証,1240,65,7,6
INSTAGRAM,demo-market-038-2-13,2026-08-14T12:00:00Z,架空市場 エージェント検証,エージェント検証,#エージェント検証,1240,65,7,6
X,demo-market-038-3-00,2026-08-14T12:00:00Z,架空市場 分析ノート,分析ノート,#分析ノート,500,26,3,2
INSTAGRAM,demo-market-038-3-01,2026-08-14T12:00:00Z,架空市場 分析ノート,分析ノート,#分析ノート,500,27,3,2
X,demo-market-038-3-02,2026-08-14T12:00:00Z,架空市場 分析ノート,分析ノート,#分析ノート,500,26,3,2
INSTAGRAM,demo-market-038-3-03,2026-08-14T12:00:00Z,架空市場 分析ノート,分析ノート,#分析ノート,500,27,3,2
X,demo-market-038-3-04,2026-08-14T12:00:00Z,架空市場 分析ノート,分析ノート,#分析ノート,500,27,3,2
INSTAGRAM,demo-market-038-3-05,2026-08-14T12:00:00Z,架空市場 分析ノート,分析ノート,#分析ノート,500,27,3,2
X,demo-market-038-3-06,2026-08-14T12:00:00Z,架空市場 分析ノート,分析ノート,#分析ノート,500,26,3,2
INSTAGRAM,demo-market-038-3-07,2026-08-14T12:00:00Z,架空市場 分析ノート,分析ノート,#分析ノート,500,28,3,2
X,demo-market-038-3-08,2026-08-14T12:00:00Z,架空市場 分析ノート,分析ノート,#分析ノート,500,28,3,2
INSTAGRAM,demo-market-038-3-09,2026-08-14T12:00:00Z,架空市場 分析ノート,分析ノート,#分析ノート,500,27,3,2
X,demo-market-038-3-10,2026-08-14T12:00:00Z,架空市場 分析ノート,分析ノート,#分析ノート,500,27,3,2
INSTAGRAM,demo-market-038-3-11,2026-08-14T12:00:00Z,架空市場 分析ノート,分析ノート,#分析ノート,500,27,3,2
X,demo-market-038-4-00,2026-08-14T12:00:00Z,架空市場 動画ラボ,動画ラボ,#動画ラボ,100,6,0,0
INSTAGRAM,demo-market-038-4-01,2026-08-14T12:00:00Z,架空市場 動画ラボ,動画ラボ,#動画ラボ,100,5,0,0
X,demo-market-038-4-02,2026-08-14T12:00:00Z,架空市場 動画ラボ,動画ラボ,#動画ラボ,100,5,0,0
INSTAGRAM,demo-market-038-4-03,2026-08-14T12:00:00Z,架空市場 動画ラボ,動画ラボ,#動画ラボ,100,7,0,0
X,demo-market-038-4-04,2026-08-14T12:00:00Z,架空市場 動画ラボ,動画ラボ,#動画ラボ,100,7,0,0
X,demo-market-038-5-00,2026-08-14T12:00:00Z,架空市場 運用メモ,運用メモ,#運用メモ,600,30,3,3
INSTAGRAM,demo-market-038-5-01,2026-08-14T12:00:00Z,架空市場 運用メモ,運用メモ,#運用メモ,600,30,3,3
X,demo-market-038-5-02,2026-08-14T12:00:00Z,架空市場 運用メモ,運用メモ,#運用メモ,600,33,3,3
INSTAGRAM,demo-market-038-5-03,2026-08-14T12:00:00Z,架空市場 運用メモ,運用メモ,#運用メモ,600,31,3,3
X,demo-market-038-5-04,2026-08-14T12:00:00Z,架空市場 運用メモ,運用メモ,#運用メモ,600,30,3,3
INSTAGRAM,demo-market-038-5-05,2026-08-14T12:00:00Z,架空市場 運用メモ,運用メモ,#運用メモ,600,32,3,3
X,demo-market-038-5-06,2026-08-14T12:00:00Z,架空市場 運用メモ,運用メモ,#運用メモ,600,32,3,3
X,demo-market-039-0-00,2026-08-15T12:00:00Z,架空市場 生成AI研究,生成AI研究,#生成AI研究,1600,81,10,8
INSTAGRAM,demo-market-039-0-01,2026-08-15T12:00:00Z,架空市場 生成AI研究,生成AI研究,#生成AI研究,1600,80,10,8
X,demo-market-039-0-02,2026-08-15T12:00:00Z,架空市場 生成AI研究,生成AI研究,#生成AI研究,1600,82,10,8
INSTAGRAM,demo-market-039-0-03,2026-08-15T12:00:00Z,架空市場 生成AI研究,生成AI研究,#生成AI研究,1600,83,10,8
X,demo-market-039-0-04,2026-08-15T12:00:00Z,架空市場 生成AI研究,生成AI研究,#生成AI研究,1600,80,10,8
X,demo-market-039-1-00,2026-08-15T12:00:00Z,架空市場 効率化実験,効率化実験,#効率化実験,1600,82,10,8
INSTAGRAM,demo-market-039-1-01,2026-08-15T12:00:00Z,架空市場 効率化実験,効率化実験,#効率化実験,1600,81,10,8
X,demo-market-039-1-02,2026-08-15T12:00:00Z,架空市場 効率化実験,効率化実験,#効率化実験,1600,81,10,8
INSTAGRAM,demo-market-039-1-03,2026-08-15T12:00:00Z,架空市場 効率化実験,効率化実験,#効率化実験,1600,82,10,8
X,demo-market-039-1-04,2026-08-15T12:00:00Z,架空市場 効率化実験,効率化実験,#効率化実験,1600,82,10,8
INSTAGRAM,demo-market-039-1-05,2026-08-15T12:00:00Z,架空市場 効率化実験,効率化実験,#効率化実験,1600,81,10,8
X,demo-market-039-1-06,2026-08-15T12:00:00Z,架空市場 効率化実験,効率化実験,#効率化実験,1600,83,10,8
X,demo-market-039-2-00,2026-08-15T12:00:00Z,架空市場 エージェント検証,エージェント検証,#エージェント検証,1220,61,7,6
INSTAGRAM,demo-market-039-2-01,2026-08-15T12:00:00Z,架空市場 エージェント検証,エージェント検証,#エージェント検証,1220,63,7,6
X,demo-market-039-2-02,2026-08-15T12:00:00Z,架空市場 エージェント検証,エージェント検証,#エージェント検証,1220,63,7,6
INSTAGRAM,demo-market-039-2-03,2026-08-15T12:00:00Z,架空市場 エージェント検証,エージェント検証,#エージェント検証,1220,61,7,6
X,demo-market-039-2-04,2026-08-15T12:00:00Z,架空市場 エージェント検証,エージェント検証,#エージェント検証,1220,62,7,6
INSTAGRAM,demo-market-039-2-05,2026-08-15T12:00:00Z,架空市場 エージェント検証,エージェント検証,#エージェント検証,1220,61,7,6
X,demo-market-039-2-06,2026-08-15T12:00:00Z,架空市場 エージェント検証,エージェント検証,#エージェント検証,1220,63,7,6
INSTAGRAM,demo-market-039-2-07,2026-08-15T12:00:00Z,架空市場 エージェント検証,エージェント検証,#エージェント検証,1220,62,7,6
X,demo-market-039-2-08,2026-08-15T12:00:00Z,架空市場 エージェント検証,エージェント検証,#エージェント検証,1220,61,7,6
INSTAGRAM,demo-market-039-2-09,2026-08-15T12:00:00Z,架空市場 エージェント検証,エージェント検証,#エージェント検証,1220,62,7,6
X,demo-market-039-2-10,2026-08-15T12:00:00Z,架空市場 エージェント検証,エージェント検証,#エージェント検証,1220,62,7,6
INSTAGRAM,demo-market-039-2-11,2026-08-15T12:00:00Z,架空市場 エージェント検証,エージェント検証,#エージェント検証,1220,61,7,6
X,demo-market-039-2-12,2026-08-15T12:00:00Z,架空市場 エージェント検証,エージェント検証,#エージェント検証,1220,61,7,6
INSTAGRAM,demo-market-039-2-13,2026-08-15T12:00:00Z,架空市場 エージェント検証,エージェント検証,#エージェント検証,1220,63,7,6
X,demo-market-039-3-00,2026-08-15T12:00:00Z,架空市場 分析ノート,分析ノート,#分析ノート,500,25,3,2
INSTAGRAM,demo-market-039-3-01,2026-08-15T12:00:00Z,架空市場 分析ノート,分析ノート,#分析ノート,500,25,3,2
X,demo-market-039-3-02,2026-08-15T12:00:00Z,架空市場 分析ノート,分析ノート,#分析ノート,500,25,3,2
INSTAGRAM,demo-market-039-3-03,2026-08-15T12:00:00Z,架空市場 分析ノート,分析ノート,#分析ノート,500,28,3,2
X,demo-market-039-3-04,2026-08-15T12:00:00Z,架空市場 分析ノート,分析ノート,#分析ノート,500,27,3,2
INSTAGRAM,demo-market-039-3-05,2026-08-15T12:00:00Z,架空市場 分析ノート,分析ノート,#分析ノート,500,27,3,2
X,demo-market-039-3-06,2026-08-15T12:00:00Z,架空市場 分析ノート,分析ノート,#分析ノート,500,25,3,2
INSTAGRAM,demo-market-039-3-07,2026-08-15T12:00:00Z,架空市場 分析ノート,分析ノート,#分析ノート,500,27,3,2
X,demo-market-039-3-08,2026-08-15T12:00:00Z,架空市場 分析ノート,分析ノート,#分析ノート,500,25,3,2
INSTAGRAM,demo-market-039-3-09,2026-08-15T12:00:00Z,架空市場 分析ノート,分析ノート,#分析ノート,500,28,3,2
X,demo-market-039-3-10,2026-08-15T12:00:00Z,架空市場 分析ノート,分析ノート,#分析ノート,500,25,3,2
INSTAGRAM,demo-market-039-3-11,2026-08-15T12:00:00Z,架空市場 分析ノート,分析ノート,#分析ノート,500,27,3,2
X,demo-market-039-4-00,2026-08-15T12:00:00Z,架空市場 動画ラボ,動画ラボ,#動画ラボ,100,5,0,0
INSTAGRAM,demo-market-039-4-01,2026-08-15T12:00:00Z,架空市場 動画ラボ,動画ラボ,#動画ラボ,100,7,0,0
X,demo-market-039-4-02,2026-08-15T12:00:00Z,架空市場 動画ラボ,動画ラボ,#動画ラボ,100,8,0,0
INSTAGRAM,demo-market-039-4-03,2026-08-15T12:00:00Z,架空市場 動画ラボ,動画ラボ,#動画ラボ,100,5,0,0
X,demo-market-039-5-00,2026-08-15T12:00:00Z,架空市場 運用メモ,運用メモ,#運用メモ,600,31,3,3
INSTAGRAM,demo-market-039-5-01,2026-08-15T12:00:00Z,架空市場 運用メモ,運用メモ,#運用メモ,600,32,3,3
X,demo-market-039-5-02,2026-08-15T12:00:00Z,架空市場 運用メモ,運用メモ,#運用メモ,600,31,3,3
INSTAGRAM,demo-market-039-5-03,2026-08-15T12:00:00Z,架空市場 運用メモ,運用メモ,#運用メモ,600,32,3,3
X,demo-market-039-5-04,2026-08-15T12:00:00Z,架空市場 運用メモ,運用メモ,#運用メモ,600,32,3,3
INSTAGRAM,demo-market-039-5-05,2026-08-15T12:00:00Z,架空市場 運用メモ,運用メモ,#運用メモ,600,32,3,3
X,demo-market-039-5-06,2026-08-15T12:00:00Z,架空市場 運用メモ,運用メモ,#運用メモ,600,31,3,3
INSTAGRAM,demo-market-039-5-07,2026-08-15T12:00:00Z,架空市場 運用メモ,運用メモ,#運用メモ,600,31,3,3
X,demo-market-040-0-00,2026-08-16T12:00:00Z,架空市場 生成AI研究,生成AI研究,#生成AI研究,1600,80,10,8
INSTAGRAM,demo-market-040-0-01,2026-08-16T12:00:00Z,架空市場 生成AI研究,生成AI研究,#生成AI研究,1600,82,10,8
X,demo-market-040-0-02,2026-08-16T12:00:00Z,架空市場 生成AI研究,生成AI研究,#生成AI研究,1600,81,10,8
INSTAGRAM,demo-market-040-0-03,2026-08-16T12:00:00Z,架空市場 生成AI研究,生成AI研究,#生成AI研究,1600,81,10,8
X,demo-market-040-0-04,2026-08-16T12:00:00Z,架空市場 生成AI研究,生成AI研究,#生成AI研究,1600,80,10,8
X,demo-market-040-1-00,2026-08-16T12:00:00Z,架空市場 効率化実験,効率化実験,#効率化実験,1600,83,10,8
INSTAGRAM,demo-market-040-1-01,2026-08-16T12:00:00Z,架空市場 効率化実験,効率化実験,#効率化実験,1600,82,10,8
X,demo-market-040-1-02,2026-08-16T12:00:00Z,架空市場 効率化実験,効率化実験,#効率化実験,1600,80,10,8
INSTAGRAM,demo-market-040-1-03,2026-08-16T12:00:00Z,架空市場 効率化実験,効率化実験,#効率化実験,1600,81,10,8
X,demo-market-040-1-04,2026-08-16T12:00:00Z,架空市場 効率化実験,効率化実験,#効率化実験,1600,81,10,8
INSTAGRAM,demo-market-040-1-05,2026-08-16T12:00:00Z,架空市場 効率化実験,効率化実験,#効率化実験,1600,81,10,8
X,demo-market-040-1-06,2026-08-16T12:00:00Z,架空市場 効率化実験,効率化実験,#効率化実験,1600,81,10,8
X,demo-market-040-2-00,2026-08-16T12:00:00Z,架空市場 エージェント検証,エージェント検証,#エージェント検証,1200,62,7,6
INSTAGRAM,demo-market-040-2-01,2026-08-16T12:00:00Z,架空市場 エージェント検証,エージェント検証,#エージェント検証,1200,61,7,6
X,demo-market-040-2-02,2026-08-16T12:00:00Z,架空市場 エージェント検証,エージェント検証,#エージェント検証,1200,61,7,6
INSTAGRAM,demo-market-040-2-03,2026-08-16T12:00:00Z,架空市場 エージェント検証,エージェント検証,#エージェント検証,1200,61,7,6
X,demo-market-040-2-04,2026-08-16T12:00:00Z,架空市場 エージェント検証,エージェント検証,#エージェント検証,1200,62,7,6
INSTAGRAM,demo-market-040-2-05,2026-08-16T12:00:00Z,架空市場 エージェント検証,エージェント検証,#エージェント検証,1200,63,7,6
X,demo-market-040-2-06,2026-08-16T12:00:00Z,架空市場 エージェント検証,エージェント検証,#エージェント検証,1200,61,7,6
INSTAGRAM,demo-market-040-2-07,2026-08-16T12:00:00Z,架空市場 エージェント検証,エージェント検証,#エージェント検証,1200,60,7,6
X,demo-market-040-2-08,2026-08-16T12:00:00Z,架空市場 エージェント検証,エージェント検証,#エージェント検証,1200,61,7,6
INSTAGRAM,demo-market-040-2-09,2026-08-16T12:00:00Z,架空市場 エージェント検証,エージェント検証,#エージェント検証,1200,62,7,6
X,demo-market-040-2-10,2026-08-16T12:00:00Z,架空市場 エージェント検証,エージェント検証,#エージェント検証,1200,60,7,6
INSTAGRAM,demo-market-040-2-11,2026-08-16T12:00:00Z,架空市場 エージェント検証,エージェント検証,#エージェント検証,1200,62,7,6
X,demo-market-040-2-12,2026-08-16T12:00:00Z,架空市場 エージェント検証,エージェント検証,#エージェント検証,1200,61,7,6
INSTAGRAM,demo-market-040-2-13,2026-08-16T12:00:00Z,架空市場 エージェント検証,エージェント検証,#エージェント検証,1200,60,7,6
X,demo-market-040-3-00,2026-08-16T12:00:00Z,架空市場 分析ノート,分析ノート,#分析ノート,500,28,3,2
INSTAGRAM,demo-market-040-3-01,2026-08-16T12:00:00Z,架空市場 分析ノート,分析ノート,#分析ノート,500,27,3,2
X,demo-market-040-3-02,2026-08-16T12:00:00Z,架空市場 分析ノート,分析ノート,#分析ノート,500,28,3,2
INSTAGRAM,demo-market-040-3-03,2026-08-16T12:00:00Z,架空市場 分析ノート,分析ノート,#分析ノート,500,25,3,2
X,demo-market-040-3-04,2026-08-16T12:00:00Z,架空市場 分析ノート,分析ノート,#分析ノート,500,28,3,2
INSTAGRAM,demo-market-040-3-05,2026-08-16T12:00:00Z,架空市場 分析ノート,分析ノート,#分析ノート,500,28,3,2
X,demo-market-040-3-06,2026-08-16T12:00:00Z,架空市場 分析ノート,分析ノート,#分析ノート,500,26,3,2
INSTAGRAM,demo-market-040-3-07,2026-08-16T12:00:00Z,架空市場 分析ノート,分析ノート,#分析ノート,500,27,3,2
X,demo-market-040-3-08,2026-08-16T12:00:00Z,架空市場 分析ノート,分析ノート,#分析ノート,500,26,3,2
INSTAGRAM,demo-market-040-3-09,2026-08-16T12:00:00Z,架空市場 分析ノート,分析ノート,#分析ノート,500,25,3,2
X,demo-market-040-3-10,2026-08-16T12:00:00Z,架空市場 分析ノート,分析ノート,#分析ノート,500,27,3,2
INSTAGRAM,demo-market-040-3-11,2026-08-16T12:00:00Z,架空市場 分析ノート,分析ノート,#分析ノート,500,26,3,2
X,demo-market-040-4-00,2026-08-16T12:00:00Z,架空市場 動画ラボ,動画ラボ,#動画ラボ,100,8,0,0
INSTAGRAM,demo-market-040-4-01,2026-08-16T12:00:00Z,架空市場 動画ラボ,動画ラボ,#動画ラボ,100,6,0,0
X,demo-market-040-4-02,2026-08-16T12:00:00Z,架空市場 動画ラボ,動画ラボ,#動画ラボ,100,6,0,0
INSTAGRAM,demo-market-040-4-03,2026-08-16T12:00:00Z,架空市場 動画ラボ,動画ラボ,#動画ラボ,100,8,0,0
X,demo-market-040-5-00,2026-08-16T12:00:00Z,架空市場 運用メモ,運用メモ,#運用メモ,600,30,3,3
INSTAGRAM,demo-market-040-5-01,2026-08-16T12:00:00Z,架空市場 運用メモ,運用メモ,#運用メモ,600,33,3,3
X,demo-market-040-5-02,2026-08-16T12:00:00Z,架空市場 運用メモ,運用メモ,#運用メモ,600,31,3,3
INSTAGRAM,demo-market-040-5-03,2026-08-16T12:00:00Z,架空市場 運用メモ,運用メモ,#運用メモ,600,32,3,3
X,demo-market-040-5-04,2026-08-16T12:00:00Z,架空市場 運用メモ,運用メモ,#運用メモ,600,32,3,3
INSTAGRAM,demo-market-040-5-05,2026-08-16T12:00:00Z,架空市場 運用メモ,運用メモ,#運用メモ,600,32,3,3
X,demo-market-040-5-06,2026-08-16T12:00:00Z,架空市場 運用メモ,運用メモ,#運用メモ,600,32,3,3
INSTAGRAM,demo-market-040-5-07,2026-08-16T12:00:00Z,架空市場 運用メモ,運用メモ,#運用メモ,600,33,3,3
X,demo-market-041-0-00,2026-08-17T12:00:00Z,架空市場 生成AI研究,生成AI研究,#生成AI研究,1600,80,10,8
INSTAGRAM,demo-market-041-0-01,2026-08-17T12:00:00Z,架空市場 生成AI研究,生成AI研究,#生成AI研究,1600,81,10,8
X,demo-market-041-0-02,2026-08-17T12:00:00Z,架空市場 生成AI研究,生成AI研究,#生成AI研究,1600,81,10,8
INSTAGRAM,demo-market-041-0-03,2026-08-17T12:00:00Z,架空市場 生成AI研究,生成AI研究,#生成AI研究,1600,83,10,8
X,demo-market-041-0-04,2026-08-17T12:00:00Z,架空市場 生成AI研究,生成AI研究,#生成AI研究,1600,82,10,8
X,demo-market-041-1-00,2026-08-17T12:00:00Z,架空市場 効率化実験,効率化実験,#効率化実験,1600,81,10,8
INSTAGRAM,demo-market-041-1-01,2026-08-17T12:00:00Z,架空市場 効率化実験,効率化実験,#効率化実験,1600,83,10,8
X,demo-market-041-1-02,2026-08-17T12:00:00Z,架空市場 効率化実験,効率化実験,#効率化実験,1600,81,10,8
INSTAGRAM,demo-market-041-1-03,2026-08-17T12:00:00Z,架空市場 効率化実験,効率化実験,#効率化実験,1600,83,10,8
X,demo-market-041-1-04,2026-08-17T12:00:00Z,架空市場 効率化実験,効率化実験,#効率化実験,1600,80,10,8
INSTAGRAM,demo-market-041-1-05,2026-08-17T12:00:00Z,架空市場 効率化実験,効率化実験,#効率化実験,1600,81,10,8
X,demo-market-041-1-06,2026-08-17T12:00:00Z,架空市場 効率化実験,効率化実験,#効率化実験,1600,82,10,8
X,demo-market-041-2-00,2026-08-17T12:00:00Z,架空市場 エージェント検証,エージェント検証,#エージェント検証,1180,60,7,5
INSTAGRAM,demo-market-041-2-01,2026-08-17T12:00:00Z,架空市場 エージェント検証,エージェント検証,#エージェント検証,1180,59,7,5
X,demo-market-041-2-02,2026-08-17T12:00:00Z,架空市場 エージェント検証,エージェント検証,#エージェント検証,1180,61,7,5
INSTAGRAM,demo-market-041-2-03,2026-08-17T12:00:00Z,架空市場 エージェント検証,エージェント検証,#エージェント検証,1180,60,7,5
X,demo-market-041-2-04,2026-08-17T12:00:00Z,架空市場 エージェント検証,エージェント検証,#エージェント検証,1180,62,7,5
INSTAGRAM,demo-market-041-2-05,2026-08-17T12:00:00Z,架空市場 エージェント検証,エージェント検証,#エージェント検証,1180,59,7,5
X,demo-market-041-2-06,2026-08-17T12:00:00Z,架空市場 エージェント検証,エージェント検証,#エージェント検証,1180,62,7,5
INSTAGRAM,demo-market-041-2-07,2026-08-17T12:00:00Z,架空市場 エージェント検証,エージェント検証,#エージェント検証,1180,62,7,5
X,demo-market-041-2-08,2026-08-17T12:00:00Z,架空市場 エージェント検証,エージェント検証,#エージェント検証,1180,59,7,5
INSTAGRAM,demo-market-041-2-09,2026-08-17T12:00:00Z,架空市場 エージェント検証,エージェント検証,#エージェント検証,1180,61,7,5
X,demo-market-041-2-10,2026-08-17T12:00:00Z,架空市場 エージェント検証,エージェント検証,#エージェント検証,1180,62,7,5
INSTAGRAM,demo-market-041-2-11,2026-08-17T12:00:00Z,架空市場 エージェント検証,エージェント検証,#エージェント検証,1180,59,7,5
X,demo-market-041-2-12,2026-08-17T12:00:00Z,架空市場 エージェント検証,エージェント検証,#エージェント検証,1180,59,7,5
INSTAGRAM,demo-market-041-2-13,2026-08-17T12:00:00Z,架空市場 エージェント検証,エージェント検証,#エージェント検証,1180,60,7,5
X,demo-market-041-3-00,2026-08-17T12:00:00Z,架空市場 分析ノート,分析ノート,#分析ノート,500,28,3,2
INSTAGRAM,demo-market-041-3-01,2026-08-17T12:00:00Z,架空市場 分析ノート,分析ノート,#分析ノート,500,26,3,2
X,demo-market-041-3-02,2026-08-17T12:00:00Z,架空市場 分析ノート,分析ノート,#分析ノート,500,25,3,2
INSTAGRAM,demo-market-041-3-03,2026-08-17T12:00:00Z,架空市場 分析ノート,分析ノート,#分析ノート,500,27,3,2
X,demo-market-041-3-04,2026-08-17T12:00:00Z,架空市場 分析ノート,分析ノート,#分析ノート,500,26,3,2
INSTAGRAM,demo-market-041-3-05,2026-08-17T12:00:00Z,架空市場 分析ノート,分析ノート,#分析ノート,500,25,3,2
X,demo-market-041-3-06,2026-08-17T12:00:00Z,架空市場 分析ノート,分析ノート,#分析ノート,500,26,3,2
INSTAGRAM,demo-market-041-3-07,2026-08-17T12:00:00Z,架空市場 分析ノート,分析ノート,#分析ノート,500,26,3,2
X,demo-market-041-3-08,2026-08-17T12:00:00Z,架空市場 分析ノート,分析ノート,#分析ノート,500,26,3,2
INSTAGRAM,demo-market-041-3-09,2026-08-17T12:00:00Z,架空市場 分析ノート,分析ノート,#分析ノート,500,27,3,2
X,demo-market-041-3-10,2026-08-17T12:00:00Z,架空市場 分析ノート,分析ノート,#分析ノート,500,26,3,2
INSTAGRAM,demo-market-041-3-11,2026-08-17T12:00:00Z,架空市場 分析ノート,分析ノート,#分析ノート,500,28,3,2
X,demo-market-041-4-00,2026-08-17T12:00:00Z,架空市場 動画ラボ,動画ラボ,#動画ラボ,100,7,0,0
INSTAGRAM,demo-market-041-4-01,2026-08-17T12:00:00Z,架空市場 動画ラボ,動画ラボ,#動画ラボ,100,7,0,0
X,demo-market-041-4-02,2026-08-17T12:00:00Z,架空市場 動画ラボ,動画ラボ,#動画ラボ,100,8,0,0
INSTAGRAM,demo-market-041-4-03,2026-08-17T12:00:00Z,架空市場 動画ラボ,動画ラボ,#動画ラボ,100,6,0,0
X,demo-market-041-5-00,2026-08-17T12:00:00Z,架空市場 運用メモ,運用メモ,#運用メモ,600,32,3,3
INSTAGRAM,demo-market-041-5-01,2026-08-17T12:00:00Z,架空市場 運用メモ,運用メモ,#運用メモ,600,33,3,3
X,demo-market-041-5-02,2026-08-17T12:00:00Z,架空市場 運用メモ,運用メモ,#運用メモ,600,30,3,3
INSTAGRAM,demo-market-041-5-03,2026-08-17T12:00:00Z,架空市場 運用メモ,運用メモ,#運用メモ,600,32,3,3
X,demo-market-041-5-04,2026-08-17T12:00:00Z,架空市場 運用メモ,運用メモ,#運用メモ,600,30,3,3
INSTAGRAM,demo-market-041-5-05,2026-08-17T12:00:00Z,架空市場 運用メモ,運用メモ,#運用メモ,600,32,3,3
X,demo-market-041-5-06,2026-08-17T12:00:00Z,架空市場 運用メモ,運用メモ,#運用メモ,600,33,3,3
INSTAGRAM,demo-market-041-5-07,2026-08-17T12:00:00Z,架空市場 運用メモ,運用メモ,#運用メモ,600,31,3,3
X,demo-market-042-0-00,2026-08-18T12:00:00Z,架空市場 生成AI研究,生成AI研究,#生成AI研究,1600,81,10,8
INSTAGRAM,demo-market-042-0-01,2026-08-18T12:00:00Z,架空市場 生成AI研究,生成AI研究,#生成AI研究,1600,80,10,8
X,demo-market-042-0-02,2026-08-18T12:00:00Z,架空市場 生成AI研究,生成AI研究,#生成AI研究,1600,80,10,8
INSTAGRAM,demo-market-042-0-03,2026-08-18T12:00:00Z,架空市場 生成AI研究,生成AI研究,#生成AI研究,1600,81,10,8
X,demo-market-042-1-00,2026-08-18T12:00:00Z,架空市場 効率化実験,効率化実験,#効率化実験,1600,83,10,8
INSTAGRAM,demo-market-042-1-01,2026-08-18T12:00:00Z,架空市場 効率化実験,効率化実験,#効率化実験,1600,83,10,8
X,demo-market-042-1-02,2026-08-18T12:00:00Z,架空市場 効率化実験,効率化実験,#効率化実験,1600,83,10,8
INSTAGRAM,demo-market-042-1-03,2026-08-18T12:00:00Z,架空市場 効率化実験,効率化実験,#効率化実験,1600,81,10,8
X,demo-market-042-1-04,2026-08-18T12:00:00Z,架空市場 効率化実験,効率化実験,#効率化実験,1600,81,10,8
INSTAGRAM,demo-market-042-1-05,2026-08-18T12:00:00Z,架空市場 効率化実験,効率化実験,#効率化実験,1600,83,10,8
X,demo-market-042-2-00,2026-08-18T12:00:00Z,架空市場 エージェント検証,エージェント検証,#エージェント検証,1160,60,7,5
INSTAGRAM,demo-market-042-2-01,2026-08-18T12:00:00Z,架空市場 エージェント検証,エージェント検証,#エージェント検証,1160,61,7,5
X,demo-market-042-2-02,2026-08-18T12:00:00Z,架空市場 エージェント検証,エージェント検証,#エージェント検証,1160,59,7,5
INSTAGRAM,demo-market-042-2-03,2026-08-18T12:00:00Z,架空市場 エージェント検証,エージェント検証,#エージェント検証,1160,61,7,5
X,demo-market-042-2-04,2026-08-18T12:00:00Z,架空市場 エージェント検証,エージェント検証,#エージェント検証,1160,60,7,5
INSTAGRAM,demo-market-042-2-05,2026-08-18T12:00:00Z,架空市場 エージェント検証,エージェント検証,#エージェント検証,1160,58,7,5
X,demo-market-042-2-06,2026-08-18T12:00:00Z,架空市場 エージェント検証,エージェント検証,#エージェント検証,1160,61,7,5
INSTAGRAM,demo-market-042-2-07,2026-08-18T12:00:00Z,架空市場 エージェント検証,エージェント検証,#エージェント検証,1160,58,7,5
X,demo-market-042-2-08,2026-08-18T12:00:00Z,架空市場 エージェント検証,エージェント検証,#エージェント検証,1160,60,7,5
INSTAGRAM,demo-market-042-2-09,2026-08-18T12:00:00Z,架空市場 エージェント検証,エージェント検証,#エージェント検証,1160,58,7,5
X,demo-market-042-2-10,2026-08-18T12:00:00Z,架空市場 エージェント検証,エージェント検証,#エージェント検証,1160,59,7,5
INSTAGRAM,demo-market-042-2-11,2026-08-18T12:00:00Z,架空市場 エージェント検証,エージェント検証,#エージェント検証,1160,59,7,5
X,demo-market-042-2-12,2026-08-18T12:00:00Z,架空市場 エージェント検証,エージェント検証,#エージェント検証,1160,60,7,5
INSTAGRAM,demo-market-042-2-13,2026-08-18T12:00:00Z,架空市場 エージェント検証,エージェント検証,#エージェント検証,1160,60,7,5
X,demo-market-042-3-00,2026-08-18T12:00:00Z,架空市場 分析ノート,分析ノート,#分析ノート,500,25,3,2
INSTAGRAM,demo-market-042-3-01,2026-08-18T12:00:00Z,架空市場 分析ノート,分析ノート,#分析ノート,500,28,3,2
X,demo-market-042-3-02,2026-08-18T12:00:00Z,架空市場 分析ノート,分析ノート,#分析ノート,500,28,3,2
INSTAGRAM,demo-market-042-3-03,2026-08-18T12:00:00Z,架空市場 分析ノート,分析ノート,#分析ノート,500,26,3,2
X,demo-market-042-3-04,2026-08-18T12:00:00Z,架空市場 分析ノート,分析ノート,#分析ノート,500,25,3,2
INSTAGRAM,demo-market-042-3-05,2026-08-18T12:00:00Z,架空市場 分析ノート,分析ノート,#分析ノート,500,28,3,2
X,demo-market-042-3-06,2026-08-18T12:00:00Z,架空市場 分析ノート,分析ノート,#分析ノート,500,25,3,2
INSTAGRAM,demo-market-042-3-07,2026-08-18T12:00:00Z,架空市場 分析ノート,分析ノート,#分析ノート,500,25,3,2
X,demo-market-042-3-08,2026-08-18T12:00:00Z,架空市場 分析ノート,分析ノート,#分析ノート,500,25,3,2
INSTAGRAM,demo-market-042-3-09,2026-08-18T12:00:00Z,架空市場 分析ノート,分析ノート,#分析ノート,500,25,3,2
X,demo-market-042-3-10,2026-08-18T12:00:00Z,架空市場 分析ノート,分析ノート,#分析ノート,500,25,3,2
INSTAGRAM,demo-market-042-3-11,2026-08-18T12:00:00Z,架空市場 分析ノート,分析ノート,#分析ノート,500,27,3,2
X,demo-market-042-4-00,2026-08-18T12:00:00Z,架空市場 動画ラボ,動画ラボ,#動画ラボ,100,7,0,0
INSTAGRAM,demo-market-042-4-01,2026-08-18T12:00:00Z,架空市場 動画ラボ,動画ラボ,#動画ラボ,100,6,0,0
X,demo-market-042-4-02,2026-08-18T12:00:00Z,架空市場 動画ラボ,動画ラボ,#動画ラボ,100,8,0,0
INSTAGRAM,demo-market-042-4-03,2026-08-18T12:00:00Z,架空市場 動画ラボ,動画ラボ,#動画ラボ,100,6,0,0
X,demo-market-042-4-04,2026-08-18T12:00:00Z,架空市場 動画ラボ,動画ラボ,#動画ラボ,100,8,0,0
X,demo-market-042-5-00,2026-08-18T12:00:00Z,架空市場 運用メモ,運用メモ,#運用メモ,600,32,3,3
INSTAGRAM,demo-market-042-5-01,2026-08-18T12:00:00Z,架空市場 運用メモ,運用メモ,#運用メモ,600,33,3,3
X,demo-market-042-5-02,2026-08-18T12:00:00Z,架空市場 運用メモ,運用メモ,#運用メモ,600,33,3,3
INSTAGRAM,demo-market-042-5-03,2026-08-18T12:00:00Z,架空市場 運用メモ,運用メモ,#運用メモ,600,33,3,3
X,demo-market-042-5-04,2026-08-18T12:00:00Z,架空市場 運用メモ,運用メモ,#運用メモ,600,32,3,3
INSTAGRAM,demo-market-042-5-05,2026-08-18T12:00:00Z,架空市場 運用メモ,運用メモ,#運用メモ,600,30,3,3
X,demo-market-042-5-06,2026-08-18T12:00:00Z,架空市場 運用メモ,運用メモ,#運用メモ,600,31,3,3
INSTAGRAM,demo-market-042-5-07,2026-08-18T12:00:00Z,架空市場 運用メモ,運用メモ,#運用メモ,600,30,3,3
X,demo-market-042-5-08,2026-08-18T12:00:00Z,架空市場 運用メモ,運用メモ,#運用メモ,600,32,3,3
X,demo-market-043-0-00,2026-08-19T12:00:00Z,架空市場 生成AI研究,生成AI研究,#生成AI研究,1600,82,10,8
INSTAGRAM,demo-market-043-0-01,2026-08-19T12:00:00Z,架空市場 生成AI研究,生成AI研究,#生成AI研究,1600,83,10,8
X,demo-market-043-0-02,2026-08-19T12:00:00Z,架空市場 生成AI研究,生成AI研究,#生成AI研究,1600,80,10,8
INSTAGRAM,demo-market-043-0-03,2026-08-19T12:00:00Z,架空市場 生成AI研究,生成AI研究,#生成AI研究,1600,80,10,8
X,demo-market-043-1-00,2026-08-19T12:00:00Z,架空市場 効率化実験,効率化実験,#効率化実験,1600,83,10,8
INSTAGRAM,demo-market-043-1-01,2026-08-19T12:00:00Z,架空市場 効率化実験,効率化実験,#効率化実験,1600,80,10,8
X,demo-market-043-1-02,2026-08-19T12:00:00Z,架空市場 効率化実験,効率化実験,#効率化実験,1600,82,10,8
INSTAGRAM,demo-market-043-1-03,2026-08-19T12:00:00Z,架空市場 効率化実験,効率化実験,#効率化実験,1600,80,10,8
X,demo-market-043-1-04,2026-08-19T12:00:00Z,架空市場 効率化実験,効率化実験,#効率化実験,1600,82,10,8
INSTAGRAM,demo-market-043-1-05,2026-08-19T12:00:00Z,架空市場 効率化実験,効率化実験,#効率化実験,1600,81,10,8
X,demo-market-043-2-00,2026-08-19T12:00:00Z,架空市場 エージェント検証,エージェント検証,#エージェント検証,1140,60,7,5
INSTAGRAM,demo-market-043-2-01,2026-08-19T12:00:00Z,架空市場 エージェント検証,エージェント検証,#エージェント検証,1140,59,7,5
X,demo-market-043-2-02,2026-08-19T12:00:00Z,架空市場 エージェント検証,エージェント検証,#エージェント検証,1140,58,7,5
INSTAGRAM,demo-market-043-2-03,2026-08-19T12:00:00Z,架空市場 エージェント検証,エージェント検証,#エージェント検証,1140,58,7,5
X,demo-market-043-2-04,2026-08-19T12:00:00Z,架空市場 エージェント検証,エージェント検証,#エージェント検証,1140,58,7,5
INSTAGRAM,demo-market-043-2-05,2026-08-19T12:00:00Z,架空市場 エージェント検証,エージェント検証,#エージェント検証,1140,60,7,5
X,demo-market-043-2-06,2026-08-19T12:00:00Z,架空市場 エージェント検証,エージェント検証,#エージェント検証,1140,60,7,5
INSTAGRAM,demo-market-043-2-07,2026-08-19T12:00:00Z,架空市場 エージェント検証,エージェント検証,#エージェント検証,1140,60,7,5
X,demo-market-043-2-08,2026-08-19T12:00:00Z,架空市場 エージェント検証,エージェント検証,#エージェント検証,1140,58,7,5
INSTAGRAM,demo-market-043-2-09,2026-08-19T12:00:00Z,架空市場 エージェント検証,エージェント検証,#エージェント検証,1140,57,7,5
X,demo-market-043-2-10,2026-08-19T12:00:00Z,架空市場 エージェント検証,エージェント検証,#エージェント検証,1140,59,7,5
INSTAGRAM,demo-market-043-2-11,2026-08-19T12:00:00Z,架空市場 エージェント検証,エージェント検証,#エージェント検証,1140,57,7,5
X,demo-market-043-2-12,2026-08-19T12:00:00Z,架空市場 エージェント検証,エージェント検証,#エージェント検証,1140,58,7,5
X,demo-market-043-3-00,2026-08-19T12:00:00Z,架空市場 分析ノート,分析ノート,#分析ノート,500,26,3,2
INSTAGRAM,demo-market-043-3-01,2026-08-19T12:00:00Z,架空市場 分析ノート,分析ノート,#分析ノート,500,27,3,2
X,demo-market-043-3-02,2026-08-19T12:00:00Z,架空市場 分析ノート,分析ノート,#分析ノート,500,28,3,2
INSTAGRAM,demo-market-043-3-03,2026-08-19T12:00:00Z,架空市場 分析ノート,分析ノート,#分析ノート,500,27,3,2
X,demo-market-043-3-04,2026-08-19T12:00:00Z,架空市場 分析ノート,分析ノート,#分析ノート,500,28,3,2
INSTAGRAM,demo-market-043-3-05,2026-08-19T12:00:00Z,架空市場 分析ノート,分析ノート,#分析ノート,500,26,3,2
X,demo-market-043-3-06,2026-08-19T12:00:00Z,架空市場 分析ノート,分析ノート,#分析ノート,500,27,3,2
INSTAGRAM,demo-market-043-3-07,2026-08-19T12:00:00Z,架空市場 分析ノート,分析ノート,#分析ノート,500,28,3,2
X,demo-market-043-3-08,2026-08-19T12:00:00Z,架空市場 分析ノート,分析ノート,#分析ノート,500,28,3,2
INSTAGRAM,demo-market-043-3-09,2026-08-19T12:00:00Z,架空市場 分析ノート,分析ノート,#分析ノート,500,27,3,2
X,demo-market-043-3-10,2026-08-19T12:00:00Z,架空市場 分析ノート,分析ノート,#分析ノート,500,25,3,2
INSTAGRAM,demo-market-043-3-11,2026-08-19T12:00:00Z,架空市場 分析ノート,分析ノート,#分析ノート,500,28,3,2
X,demo-market-043-4-00,2026-08-19T12:00:00Z,架空市場 動画ラボ,動画ラボ,#動画ラボ,100,6,0,0
INSTAGRAM,demo-market-043-4-01,2026-08-19T12:00:00Z,架空市場 動画ラボ,動画ラボ,#動画ラボ,100,5,0,0
X,demo-market-043-4-02,2026-08-19T12:00:00Z,架空市場 動画ラボ,動画ラボ,#動画ラボ,100,8,0,0
INSTAGRAM,demo-market-043-4-03,2026-08-19T12:00:00Z,架空市場 動画ラボ,動画ラボ,#動画ラボ,100,8,0,0
X,demo-market-043-4-04,2026-08-19T12:00:00Z,架空市場 動画ラボ,動画ラボ,#動画ラボ,100,7,0,0
INSTAGRAM,demo-market-043-4-05,2026-08-19T12:00:00Z,架空市場 動画ラボ,動画ラボ,#動画ラボ,100,5,0,0
X,demo-market-043-5-00,2026-08-19T12:00:00Z,架空市場 運用メモ,運用メモ,#運用メモ,600,33,3,3
INSTAGRAM,demo-market-043-5-01,2026-08-19T12:00:00Z,架空市場 運用メモ,運用メモ,#運用メモ,600,33,3,3
X,demo-market-043-5-02,2026-08-19T12:00:00Z,架空市場 運用メモ,運用メモ,#運用メモ,600,30,3,3
INSTAGRAM,demo-market-043-5-03,2026-08-19T12:00:00Z,架空市場 運用メモ,運用メモ,#運用メモ,600,30,3,3
X,demo-market-043-5-04,2026-08-19T12:00:00Z,架空市場 運用メモ,運用メモ,#運用メモ,600,33,3,3
INSTAGRAM,demo-market-043-5-05,2026-08-19T12:00:00Z,架空市場 運用メモ,運用メモ,#運用メモ,600,33,3,3
X,demo-market-043-5-06,2026-08-19T12:00:00Z,架空市場 運用メモ,運用メモ,#運用メモ,600,32,3,3
INSTAGRAM,demo-market-043-5-07,2026-08-19T12:00:00Z,架空市場 運用メモ,運用メモ,#運用メモ,600,31,3,3
X,demo-market-043-5-08,2026-08-19T12:00:00Z,架空市場 運用メモ,運用メモ,#運用メモ,600,32,3,3
X,demo-market-044-0-00,2026-08-20T12:00:00Z,架空市場 生成AI研究,生成AI研究,#生成AI研究,1600,82,10,8
INSTAGRAM,demo-market-044-0-01,2026-08-20T12:00:00Z,架空市場 生成AI研究,生成AI研究,#生成AI研究,1600,83,10,8
X,demo-market-044-0-02,2026-08-20T12:00:00Z,架空市場 生成AI研究,生成AI研究,#生成AI研究,1600,82,10,8
INSTAGRAM,demo-market-044-0-03,2026-08-20T12:00:00Z,架空市場 生成AI研究,生成AI研究,#生成AI研究,1600,80,10,8
X,demo-market-044-1-00,2026-08-20T12:00:00Z,架空市場 効率化実験,効率化実験,#効率化実験,1600,83,10,8
INSTAGRAM,demo-market-044-1-01,2026-08-20T12:00:00Z,架空市場 効率化実験,効率化実験,#効率化実験,1600,81,10,8
X,demo-market-044-1-02,2026-08-20T12:00:00Z,架空市場 効率化実験,効率化実験,#効率化実験,1600,81,10,8
INSTAGRAM,demo-market-044-1-03,2026-08-20T12:00:00Z,架空市場 効率化実験,効率化実験,#効率化実験,1600,82,10,8
X,demo-market-044-1-04,2026-08-20T12:00:00Z,架空市場 効率化実験,効率化実験,#効率化実験,1600,81,10,8
INSTAGRAM,demo-market-044-1-05,2026-08-20T12:00:00Z,架空市場 効率化実験,効率化実験,#効率化実験,1600,82,10,8
X,demo-market-044-2-00,2026-08-20T12:00:00Z,架空市場 エージェント検証,エージェント検証,#エージェント検証,1120,59,7,5
INSTAGRAM,demo-market-044-2-01,2026-08-20T12:00:00Z,架空市場 エージェント検証,エージェント検証,#エージェント検証,1120,58,7,5
X,demo-market-044-2-02,2026-08-20T12:00:00Z,架空市場 エージェント検証,エージェント検証,#エージェント検証,1120,59,7,5
INSTAGRAM,demo-market-044-2-03,2026-08-20T12:00:00Z,架空市場 エージェント検証,エージェント検証,#エージェント検証,1120,57,7,5
X,demo-market-044-2-04,2026-08-20T12:00:00Z,架空市場 エージェント検証,エージェント検証,#エージェント検証,1120,57,7,5
INSTAGRAM,demo-market-044-2-05,2026-08-20T12:00:00Z,架空市場 エージェント検証,エージェント検証,#エージェント検証,1120,56,7,5
X,demo-market-044-2-06,2026-08-20T12:00:00Z,架空市場 エージェント検証,エージェント検証,#エージェント検証,1120,59,7,5
INSTAGRAM,demo-market-044-2-07,2026-08-20T12:00:00Z,架空市場 エージェント検証,エージェント検証,#エージェント検証,1120,57,7,5
X,demo-market-044-2-08,2026-08-20T12:00:00Z,架空市場 エージェント検証,エージェント検証,#エージェント検証,1120,59,7,5
INSTAGRAM,demo-market-044-2-09,2026-08-20T12:00:00Z,架空市場 エージェント検証,エージェント検証,#エージェント検証,1120,57,7,5
X,demo-market-044-2-10,2026-08-20T12:00:00Z,架空市場 エージェント検証,エージェント検証,#エージェント検証,1120,56,7,5
INSTAGRAM,demo-market-044-2-11,2026-08-20T12:00:00Z,架空市場 エージェント検証,エージェント検証,#エージェント検証,1120,58,7,5
X,demo-market-044-2-12,2026-08-20T12:00:00Z,架空市場 エージェント検証,エージェント検証,#エージェント検証,1120,58,7,5
X,demo-market-044-3-00,2026-08-20T12:00:00Z,架空市場 分析ノート,分析ノート,#分析ノート,500,26,3,2
INSTAGRAM,demo-market-044-3-01,2026-08-20T12:00:00Z,架空市場 分析ノート,分析ノート,#分析ノート,500,27,3,2
X,demo-market-044-3-02,2026-08-20T12:00:00Z,架空市場 分析ノート,分析ノート,#分析ノート,500,26,3,2
INSTAGRAM,demo-market-044-3-03,2026-08-20T12:00:00Z,架空市場 分析ノート,分析ノート,#分析ノート,500,26,3,2
X,demo-market-044-3-04,2026-08-20T12:00:00Z,架空市場 分析ノート,分析ノート,#分析ノート,500,26,3,2
INSTAGRAM,demo-market-044-3-05,2026-08-20T12:00:00Z,架空市場 分析ノート,分析ノート,#分析ノート,500,27,3,2
X,demo-market-044-3-06,2026-08-20T12:00:00Z,架空市場 分析ノート,分析ノート,#分析ノート,500,28,3,2
INSTAGRAM,demo-market-044-3-07,2026-08-20T12:00:00Z,架空市場 分析ノート,分析ノート,#分析ノート,500,26,3,2
X,demo-market-044-3-08,2026-08-20T12:00:00Z,架空市場 分析ノート,分析ノート,#分析ノート,500,27,3,2
INSTAGRAM,demo-market-044-3-09,2026-08-20T12:00:00Z,架空市場 分析ノート,分析ノート,#分析ノート,500,26,3,2
X,demo-market-044-3-10,2026-08-20T12:00:00Z,架空市場 分析ノート,分析ノート,#分析ノート,500,27,3,2
INSTAGRAM,demo-market-044-3-11,2026-08-20T12:00:00Z,架空市場 分析ノート,分析ノート,#分析ノート,500,25,3,2
X,demo-market-044-4-00,2026-08-20T12:00:00Z,架空市場 動画ラボ,動画ラボ,#動画ラボ,100,5,0,0
INSTAGRAM,demo-market-044-4-01,2026-08-20T12:00:00Z,架空市場 動画ラボ,動画ラボ,#動画ラボ,100,7,0,0
X,demo-market-044-4-02,2026-08-20T12:00:00Z,架空市場 動画ラボ,動画ラボ,#動画ラボ,100,5,0,0
INSTAGRAM,demo-market-044-4-03,2026-08-20T12:00:00Z,架空市場 動画ラボ,動画ラボ,#動画ラボ,100,5,0,0
X,demo-market-044-4-04,2026-08-20T12:00:00Z,架空市場 動画ラボ,動画ラボ,#動画ラボ,100,5,0,0
INSTAGRAM,demo-market-044-4-05,2026-08-20T12:00:00Z,架空市場 動画ラボ,動画ラボ,#動画ラボ,100,5,0,0
X,demo-market-044-5-00,2026-08-20T12:00:00Z,架空市場 運用メモ,運用メモ,#運用メモ,600,32,3,3
INSTAGRAM,demo-market-044-5-01,2026-08-20T12:00:00Z,架空市場 運用メモ,運用メモ,#運用メモ,600,31,3,3
X,demo-market-044-5-02,2026-08-20T12:00:00Z,架空市場 運用メモ,運用メモ,#運用メモ,600,33,3,3
INSTAGRAM,demo-market-044-5-03,2026-08-20T12:00:00Z,架空市場 運用メモ,運用メモ,#運用メモ,600,31,3,3
X,demo-market-044-5-04,2026-08-20T12:00:00Z,架空市場 運用メモ,運用メモ,#運用メモ,600,30,3,3
INSTAGRAM,demo-market-044-5-05,2026-08-20T12:00:00Z,架空市場 運用メモ,運用メモ,#運用メモ,600,31,3,3
X,demo-market-044-5-06,2026-08-20T12:00:00Z,架空市場 運用メモ,運用メモ,#運用メモ,600,33,3,3
INSTAGRAM,demo-market-044-5-07,2026-08-20T12:00:00Z,架空市場 運用メモ,運用メモ,#運用メモ,600,31,3,3
X,demo-market-044-5-08,2026-08-20T12:00:00Z,架空市場 運用メモ,運用メモ,#運用メモ,600,32,3,3
X,demo-market-045-0-00,2026-08-21T12:00:00Z,架空市場 生成AI研究,生成AI研究,#生成AI研究,1600,83,10,8
INSTAGRAM,demo-market-045-0-01,2026-08-21T12:00:00Z,架空市場 生成AI研究,生成AI研究,#生成AI研究,1600,82,10,8
X,demo-market-045-0-02,2026-08-21T12:00:00Z,架空市場 生成AI研究,生成AI研究,#生成AI研究,1600,81,10,8
INSTAGRAM,demo-market-045-0-03,2026-08-21T12:00:00Z,架空市場 生成AI研究,生成AI研究,#生成AI研究,1600,83,10,8
X,demo-market-045-1-00,2026-08-21T12:00:00Z,架空市場 効率化実験,効率化実験,#効率化実験,1600,81,10,8
INSTAGRAM,demo-market-045-1-01,2026-08-21T12:00:00Z,架空市場 効率化実験,効率化実験,#効率化実験,1600,81,10,8
X,demo-market-045-1-02,2026-08-21T12:00:00Z,架空市場 効率化実験,効率化実験,#効率化実験,1600,81,10,8
INSTAGRAM,demo-market-045-1-03,2026-08-21T12:00:00Z,架空市場 効率化実験,効率化実験,#効率化実験,1600,81,10,8
X,demo-market-045-1-04,2026-08-21T12:00:00Z,架空市場 効率化実験,効率化実験,#効率化実験,1600,81,10,8
INSTAGRAM,demo-market-045-1-05,2026-08-21T12:00:00Z,架空市場 効率化実験,効率化実験,#効率化実験,1600,81,10,8
X,demo-market-045-2-00,2026-08-21T12:00:00Z,架空市場 エージェント検証,エージェント検証,#エージェント検証,1100,58,6,5
INSTAGRAM,demo-market-045-2-01,2026-08-21T12:00:00Z,架空市場 エージェント検証,エージェント検証,#エージェント検証,1100,58,6,5
X,demo-market-045-2-02,2026-08-21T12:00:00Z,架空市場 エージェント検証,エージェント検証,#エージェント検証,1100,56,6,5
INSTAGRAM,demo-market-045-2-03,2026-08-21T12:00:00Z,架空市場 エージェント検証,エージェント検証,#エージェント検証,1100,57,6,5
X,demo-market-045-2-04,2026-08-21T12:00:00Z,架空市場 エージェント検証,エージェント検証,#エージェント検証,1100,58,6,5
INSTAGRAM,demo-market-045-2-05,2026-08-21T12:00:00Z,架空市場 エージェント検証,エージェント検証,#エージェント検証,1100,57,6,5
X,demo-market-045-2-06,2026-08-21T12:00:00Z,架空市場 エージェント検証,エージェント検証,#エージェント検証,1100,57,6,5
INSTAGRAM,demo-market-045-2-07,2026-08-21T12:00:00Z,架空市場 エージェント検証,エージェント検証,#エージェント検証,1100,56,6,5
X,demo-market-045-2-08,2026-08-21T12:00:00Z,架空市場 エージェント検証,エージェント検証,#エージェント検証,1100,58,6,5
INSTAGRAM,demo-market-045-2-09,2026-08-21T12:00:00Z,架空市場 エージェント検証,エージェント検証,#エージェント検証,1100,55,6,5
X,demo-market-045-2-10,2026-08-21T12:00:00Z,架空市場 エージェント検証,エージェント検証,#エージェント検証,1100,55,6,5
INSTAGRAM,demo-market-045-2-11,2026-08-21T12:00:00Z,架空市場 エージェント検証,エージェント検証,#エージェント検証,1100,58,6,5
X,demo-market-045-2-12,2026-08-21T12:00:00Z,架空市場 エージェント検証,エージェント検証,#エージェント検証,1100,57,6,5
X,demo-market-045-3-00,2026-08-21T12:00:00Z,架空市場 分析ノート,分析ノート,#分析ノート,500,27,3,2
INSTAGRAM,demo-market-045-3-01,2026-08-21T12:00:00Z,架空市場 分析ノート,分析ノート,#分析ノート,500,27,3,2
X,demo-market-045-3-02,2026-08-21T12:00:00Z,架空市場 分析ノート,分析ノート,#分析ノート,500,26,3,2
INSTAGRAM,demo-market-045-3-03,2026-08-21T12:00:00Z,架空市場 分析ノート,分析ノート,#分析ノート,500,27,3,2
X,demo-market-045-3-04,2026-08-21T12:00:00Z,架空市場 分析ノート,分析ノート,#分析ノート,500,28,3,2
INSTAGRAM,demo-market-045-3-05,2026-08-21T12:00:00Z,架空市場 分析ノート,分析ノート,#分析ノート,500,27,3,2
X,demo-market-045-3-06,2026-08-21T12:00:00Z,架空市場 分析ノート,分析ノート,#分析ノート,500,26,3,2
INSTAGRAM,demo-market-045-3-07,2026-08-21T12:00:00Z,架空市場 分析ノート,分析ノート,#分析ノート,500,28,3,2
X,demo-market-045-3-08,2026-08-21T12:00:00Z,架空市場 分析ノート,分析ノート,#分析ノート,500,27,3,2
INSTAGRAM,demo-market-045-3-09,2026-08-21T12:00:00Z,架空市場 分析ノート,分析ノート,#分析ノート,500,27,3,2
X,demo-market-045-3-10,2026-08-21T12:00:00Z,架空市場 分析ノート,分析ノート,#分析ノート,500,27,3,2
INSTAGRAM,demo-market-045-3-11,2026-08-21T12:00:00Z,架空市場 分析ノート,分析ノート,#分析ノート,500,26,3,2
X,demo-market-045-4-00,2026-08-21T12:00:00Z,架空市場 動画ラボ,動画ラボ,#動画ラボ,100,5,0,0
INSTAGRAM,demo-market-045-4-01,2026-08-21T12:00:00Z,架空市場 動画ラボ,動画ラボ,#動画ラボ,100,7,0,0
X,demo-market-045-4-02,2026-08-21T12:00:00Z,架空市場 動画ラボ,動画ラボ,#動画ラボ,100,8,0,0
INSTAGRAM,demo-market-045-4-03,2026-08-21T12:00:00Z,架空市場 動画ラボ,動画ラボ,#動画ラボ,100,7,0,0
X,demo-market-045-4-04,2026-08-21T12:00:00Z,架空市場 動画ラボ,動画ラボ,#動画ラボ,100,6,0,0
INSTAGRAM,demo-market-045-4-05,2026-08-21T12:00:00Z,架空市場 動画ラボ,動画ラボ,#動画ラボ,100,8,0,0
X,demo-market-045-5-00,2026-08-21T12:00:00Z,架空市場 運用メモ,運用メモ,#運用メモ,600,30,3,3
INSTAGRAM,demo-market-045-5-01,2026-08-21T12:00:00Z,架空市場 運用メモ,運用メモ,#運用メモ,600,30,3,3
X,demo-market-045-5-02,2026-08-21T12:00:00Z,架空市場 運用メモ,運用メモ,#運用メモ,600,31,3,3
INSTAGRAM,demo-market-045-5-03,2026-08-21T12:00:00Z,架空市場 運用メモ,運用メモ,#運用メモ,600,33,3,3
X,demo-market-045-5-04,2026-08-21T12:00:00Z,架空市場 運用メモ,運用メモ,#運用メモ,600,33,3,3
INSTAGRAM,demo-market-045-5-05,2026-08-21T12:00:00Z,架空市場 運用メモ,運用メモ,#運用メモ,600,33,3,3
X,demo-market-045-5-06,2026-08-21T12:00:00Z,架空市場 運用メモ,運用メモ,#運用メモ,600,31,3,3
INSTAGRAM,demo-market-045-5-07,2026-08-21T12:00:00Z,架空市場 運用メモ,運用メモ,#運用メモ,600,30,3,3
X,demo-market-045-5-08,2026-08-21T12:00:00Z,架空市場 運用メモ,運用メモ,#運用メモ,600,33,3,3
X,demo-market-046-0-00,2026-08-22T12:00:00Z,架空市場 生成AI研究,生成AI研究,#生成AI研究,1600,81,10,8
INSTAGRAM,demo-market-046-0-01,2026-08-22T12:00:00Z,架空市場 生成AI研究,生成AI研究,#生成AI研究,1600,82,10,8
X,demo-market-046-0-02,2026-08-22T12:00:00Z,架空市場 生成AI研究,生成AI研究,#生成AI研究,1600,82,10,8
INSTAGRAM,demo-market-046-0-03,2026-08-22T12:00:00Z,架空市場 生成AI研究,生成AI研究,#生成AI研究,1600,80,10,8
X,demo-market-046-1-00,2026-08-22T12:00:00Z,架空市場 効率化実験,効率化実験,#効率化実験,1600,80,10,8
INSTAGRAM,demo-market-046-1-01,2026-08-22T12:00:00Z,架空市場 効率化実験,効率化実験,#効率化実験,1600,82,10,8
X,demo-market-046-1-02,2026-08-22T12:00:00Z,架空市場 効率化実験,効率化実験,#効率化実験,1600,82,10,8
INSTAGRAM,demo-market-046-1-03,2026-08-22T12:00:00Z,架空市場 効率化実験,効率化実験,#効率化実験,1600,82,10,8
X,demo-market-046-1-04,2026-08-22T12:00:00Z,架空市場 効率化実験,効率化実験,#効率化実験,1600,80,10,8
INSTAGRAM,demo-market-046-1-05,2026-08-22T12:00:00Z,架空市場 効率化実験,効率化実験,#効率化実験,1600,80,10,8
X,demo-market-046-2-00,2026-08-22T12:00:00Z,架空市場 エージェント検証,エージェント検証,#エージェント検証,1080,55,6,5
INSTAGRAM,demo-market-046-2-01,2026-08-22T12:00:00Z,架空市場 エージェント検証,エージェント検証,#エージェント検証,1080,54,6,5
X,demo-market-046-2-02,2026-08-22T12:00:00Z,架空市場 エージェント検証,エージェント検証,#エージェント検証,1080,57,6,5
INSTAGRAM,demo-market-046-2-03,2026-08-22T12:00:00Z,架空市場 エージェント検証,エージェント検証,#エージェント検証,1080,56,6,5
X,demo-market-046-2-04,2026-08-22T12:00:00Z,架空市場 エージェント検証,エージェント検証,#エージェント検証,1080,56,6,5
INSTAGRAM,demo-market-046-2-05,2026-08-22T12:00:00Z,架空市場 エージェント検証,エージェント検証,#エージェント検証,1080,56,6,5
X,demo-market-046-2-06,2026-08-22T12:00:00Z,架空市場 エージェント検証,エージェント検証,#エージェント検証,1080,56,6,5
INSTAGRAM,demo-market-046-2-07,2026-08-22T12:00:00Z,架空市場 エージェント検証,エージェント検証,#エージェント検証,1080,56,6,5
X,demo-market-046-2-08,2026-08-22T12:00:00Z,架空市場 エージェント検証,エージェント検証,#エージェント検証,1080,56,6,5
INSTAGRAM,demo-market-046-2-09,2026-08-22T12:00:00Z,架空市場 エージェント検証,エージェント検証,#エージェント検証,1080,57,6,5
X,demo-market-046-2-10,2026-08-22T12:00:00Z,架空市場 エージェント検証,エージェント検証,#エージェント検証,1080,57,6,5
INSTAGRAM,demo-market-046-2-11,2026-08-22T12:00:00Z,架空市場 エージェント検証,エージェント検証,#エージェント検証,1080,57,6,5
X,demo-market-046-3-00,2026-08-22T12:00:00Z,架空市場 分析ノート,分析ノート,#分析ノート,500,28,3,2
INSTAGRAM,demo-market-046-3-01,2026-08-22T12:00:00Z,架空市場 分析ノート,分析ノート,#分析ノート,500,27,3,2
X,demo-market-046-3-02,2026-08-22T12:00:00Z,架空市場 分析ノート,分析ノート,#分析ノート,500,27,3,2
INSTAGRAM,demo-market-046-3-03,2026-08-22T12:00:00Z,架空市場 分析ノート,分析ノート,#分析ノート,500,28,3,2
X,demo-market-046-3-04,2026-08-22T12:00:00Z,架空市場 分析ノート,分析ノート,#分析ノート,500,26,3,2
INSTAGRAM,demo-market-046-3-05,2026-08-22T12:00:00Z,架空市場 分析ノート,分析ノート,#分析ノート,500,27,3,2
X,demo-market-046-3-06,2026-08-22T12:00:00Z,架空市場 分析ノート,分析ノート,#分析ノート,500,27,3,2
INSTAGRAM,demo-market-046-3-07,2026-08-22T12:00:00Z,架空市場 分析ノート,分析ノート,#分析ノート,500,26,3,2
X,demo-market-046-3-08,2026-08-22T12:00:00Z,架空市場 分析ノート,分析ノート,#分析ノート,500,25,3,2
INSTAGRAM,demo-market-046-3-09,2026-08-22T12:00:00Z,架空市場 分析ノート,分析ノート,#分析ノート,500,25,3,2
X,demo-market-046-3-10,2026-08-22T12:00:00Z,架空市場 分析ノート,分析ノート,#分析ノート,500,25,3,2
X,demo-market-046-4-00,2026-08-22T12:00:00Z,架空市場 動画ラボ,動画ラボ,#動画ラボ,100,5,0,0
INSTAGRAM,demo-market-046-4-01,2026-08-22T12:00:00Z,架空市場 動画ラボ,動画ラボ,#動画ラボ,100,7,0,0
X,demo-market-046-4-02,2026-08-22T12:00:00Z,架空市場 動画ラボ,動画ラボ,#動画ラボ,100,5,0,0
INSTAGRAM,demo-market-046-4-03,2026-08-22T12:00:00Z,架空市場 動画ラボ,動画ラボ,#動画ラボ,100,5,0,0
X,demo-market-046-4-04,2026-08-22T12:00:00Z,架空市場 動画ラボ,動画ラボ,#動画ラボ,100,7,0,0
INSTAGRAM,demo-market-046-4-05,2026-08-22T12:00:00Z,架空市場 動画ラボ,動画ラボ,#動画ラボ,100,7,0,0
X,demo-market-046-5-00,2026-08-22T12:00:00Z,架空市場 運用メモ,運用メモ,#運用メモ,600,30,3,3
INSTAGRAM,demo-market-046-5-01,2026-08-22T12:00:00Z,架空市場 運用メモ,運用メモ,#運用メモ,600,30,3,3
X,demo-market-046-5-02,2026-08-22T12:00:00Z,架空市場 運用メモ,運用メモ,#運用メモ,600,33,3,3
INSTAGRAM,demo-market-046-5-03,2026-08-22T12:00:00Z,架空市場 運用メモ,運用メモ,#運用メモ,600,32,3,3
X,demo-market-046-5-04,2026-08-22T12:00:00Z,架空市場 運用メモ,運用メモ,#運用メモ,600,30,3,3
INSTAGRAM,demo-market-046-5-05,2026-08-22T12:00:00Z,架空市場 運用メモ,運用メモ,#運用メモ,600,33,3,3
X,demo-market-046-5-06,2026-08-22T12:00:00Z,架空市場 運用メモ,運用メモ,#運用メモ,600,31,3,3
INSTAGRAM,demo-market-046-5-07,2026-08-22T12:00:00Z,架空市場 運用メモ,運用メモ,#運用メモ,600,31,3,3
X,demo-market-046-5-08,2026-08-22T12:00:00Z,架空市場 運用メモ,運用メモ,#運用メモ,600,33,3,3
INSTAGRAM,demo-market-046-5-09,2026-08-22T12:00:00Z,架空市場 運用メモ,運用メモ,#運用メモ,600,33,3,3
X,demo-market-046-5-10,2026-08-22T12:00:00Z,架空市場 運用メモ,運用メモ,#運用メモ,600,32,3,3
X,demo-market-047-0-00,2026-08-23T12:00:00Z,架空市場 生成AI研究,生成AI研究,#生成AI研究,1600,81,10,8
INSTAGRAM,demo-market-047-0-01,2026-08-23T12:00:00Z,架空市場 生成AI研究,生成AI研究,#生成AI研究,1600,80,10,8
X,demo-market-047-0-02,2026-08-23T12:00:00Z,架空市場 生成AI研究,生成AI研究,#生成AI研究,1600,80,10,8
INSTAGRAM,demo-market-047-0-03,2026-08-23T12:00:00Z,架空市場 生成AI研究,生成AI研究,#生成AI研究,1600,82,10,8
X,demo-market-047-1-00,2026-08-23T12:00:00Z,架空市場 効率化実験,効率化実験,#効率化実験,1600,81,10,8
INSTAGRAM,demo-market-047-1-01,2026-08-23T12:00:00Z,架空市場 効率化実験,効率化実験,#効率化実験,1600,80,10,8
X,demo-market-047-1-02,2026-08-23T12:00:00Z,架空市場 効率化実験,効率化実験,#効率化実験,1600,82,10,8
INSTAGRAM,demo-market-047-1-03,2026-08-23T12:00:00Z,架空市場 効率化実験,効率化実験,#効率化実験,1600,80,10,8
X,demo-market-047-1-04,2026-08-23T12:00:00Z,架空市場 効率化実験,効率化実験,#効率化実験,1600,83,10,8
INSTAGRAM,demo-market-047-1-05,2026-08-23T12:00:00Z,架空市場 効率化実験,効率化実験,#効率化実験,1600,83,10,8
X,demo-market-047-2-00,2026-08-23T12:00:00Z,架空市場 エージェント検証,エージェント検証,#エージェント検証,1060,55,6,5
INSTAGRAM,demo-market-047-2-01,2026-08-23T12:00:00Z,架空市場 エージェント検証,エージェント検証,#エージェント検証,1060,55,6,5
X,demo-market-047-2-02,2026-08-23T12:00:00Z,架空市場 エージェント検証,エージェント検証,#エージェント検証,1060,55,6,5
INSTAGRAM,demo-market-047-2-03,2026-08-23T12:00:00Z,架空市場 エージェント検証,エージェント検証,#エージェント検証,1060,53,6,5
X,demo-market-047-2-04,2026-08-23T12:00:00Z,架空市場 エージェント検証,エージェント検証,#エージェント検証,1060,56,6,5
INSTAGRAM,demo-market-047-2-05,2026-08-23T12:00:00Z,架空市場 エージェント検証,エージェント検証,#エージェント検証,1060,55,6,5
X,demo-market-047-2-06,2026-08-23T12:00:00Z,架空市場 エージェント検証,エージェント検証,#エージェント検証,1060,55,6,5
INSTAGRAM,demo-market-047-2-07,2026-08-23T12:00:00Z,架空市場 エージェント検証,エージェント検証,#エージェント検証,1060,55,6,5
X,demo-market-047-2-08,2026-08-23T12:00:00Z,架空市場 エージェント検証,エージェント検証,#エージェント検証,1060,54,6,5
INSTAGRAM,demo-market-047-2-09,2026-08-23T12:00:00Z,架空市場 エージェント検証,エージェント検証,#エージェント検証,1060,54,6,5
X,demo-market-047-2-10,2026-08-23T12:00:00Z,架空市場 エージェント検証,エージェント検証,#エージェント検証,1060,56,6,5
INSTAGRAM,demo-market-047-2-11,2026-08-23T12:00:00Z,架空市場 エージェント検証,エージェント検証,#エージェント検証,1060,53,6,5
X,demo-market-047-3-00,2026-08-23T12:00:00Z,架空市場 分析ノート,分析ノート,#分析ノート,500,28,3,2
INSTAGRAM,demo-market-047-3-01,2026-08-23T12:00:00Z,架空市場 分析ノート,分析ノート,#分析ノート,500,27,3,2
X,demo-market-047-3-02,2026-08-23T12:00:00Z,架空市場 分析ノート,分析ノート,#分析ノート,500,25,3,2
INSTAGRAM,demo-market-047-3-03,2026-08-23T12:00:00Z,架空市場 分析ノート,分析ノート,#分析ノート,500,27,3,2
X,demo-market-047-3-04,2026-08-23T12:00:00Z,架空市場 分析ノート,分析ノート,#分析ノート,500,27,3,2
INSTAGRAM,demo-market-047-3-05,2026-08-23T12:00:00Z,架空市場 分析ノート,分析ノート,#分析ノート,500,26,3,2
X,demo-market-047-3-06,2026-08-23T12:00:00Z,架空市場 分析ノート,分析ノート,#分析ノート,500,27,3,2
INSTAGRAM,demo-market-047-3-07,2026-08-23T12:00:00Z,架空市場 分析ノート,分析ノート,#分析ノート,500,26,3,2
X,demo-market-047-3-08,2026-08-23T12:00:00Z,架空市場 分析ノート,分析ノート,#分析ノート,500,26,3,2
INSTAGRAM,demo-market-047-3-09,2026-08-23T12:00:00Z,架空市場 分析ノート,分析ノート,#分析ノート,500,27,3,2
X,demo-market-047-3-10,2026-08-23T12:00:00Z,架空市場 分析ノート,分析ノート,#分析ノート,500,25,3,2
X,demo-market-047-4-00,2026-08-23T12:00:00Z,架空市場 動画ラボ,動画ラボ,#動画ラボ,100,6,0,0
INSTAGRAM,demo-market-047-4-01,2026-08-23T12:00:00Z,架空市場 動画ラボ,動画ラボ,#動画ラボ,100,8,0,0
X,demo-market-047-4-02,2026-08-23T12:00:00Z,架空市場 動画ラボ,動画ラボ,#動画ラボ,100,6,0,0
INSTAGRAM,demo-market-047-4-03,2026-08-23T12:00:00Z,架空市場 動画ラボ,動画ラボ,#動画ラボ,100,6,0,0
X,demo-market-047-4-04,2026-08-23T12:00:00Z,架空市場 動画ラボ,動画ラボ,#動画ラボ,100,8,0,0
INSTAGRAM,demo-market-047-4-05,2026-08-23T12:00:00Z,架空市場 動画ラボ,動画ラボ,#動画ラボ,100,8,0,0
X,demo-market-047-5-00,2026-08-23T12:00:00Z,架空市場 運用メモ,運用メモ,#運用メモ,600,30,3,3
INSTAGRAM,demo-market-047-5-01,2026-08-23T12:00:00Z,架空市場 運用メモ,運用メモ,#運用メモ,600,32,3,3
X,demo-market-047-5-02,2026-08-23T12:00:00Z,架空市場 運用メモ,運用メモ,#運用メモ,600,31,3,3
INSTAGRAM,demo-market-047-5-03,2026-08-23T12:00:00Z,架空市場 運用メモ,運用メモ,#運用メモ,600,33,3,3
X,demo-market-047-5-04,2026-08-23T12:00:00Z,架空市場 運用メモ,運用メモ,#運用メモ,600,32,3,3
INSTAGRAM,demo-market-047-5-05,2026-08-23T12:00:00Z,架空市場 運用メモ,運用メモ,#運用メモ,600,30,3,3
X,demo-market-047-5-06,2026-08-23T12:00:00Z,架空市場 運用メモ,運用メモ,#運用メモ,600,33,3,3
INSTAGRAM,demo-market-047-5-07,2026-08-23T12:00:00Z,架空市場 運用メモ,運用メモ,#運用メモ,600,32,3,3
X,demo-market-047-5-08,2026-08-23T12:00:00Z,架空市場 運用メモ,運用メモ,#運用メモ,600,32,3,3
INSTAGRAM,demo-market-047-5-09,2026-08-23T12:00:00Z,架空市場 運用メモ,運用メモ,#運用メモ,600,33,3,3
X,demo-market-047-5-10,2026-08-23T12:00:00Z,架空市場 運用メモ,運用メモ,#運用メモ,600,30,3,3
X,demo-market-048-0-00,2026-08-24T12:00:00Z,架空市場 生成AI研究,生成AI研究,#生成AI研究,1600,83,10,8
INSTAGRAM,demo-market-048-0-01,2026-08-24T12:00:00Z,架空市場 生成AI研究,生成AI研究,#生成AI研究,1600,80,10,8
X,demo-market-048-0-02,2026-08-24T12:00:00Z,架空市場 生成AI研究,生成AI研究,#生成AI研究,1600,82,10,8
INSTAGRAM,demo-market-048-0-03,2026-08-24T12:00:00Z,架空市場 生成AI研究,生成AI研究,#生成AI研究,1600,81,10,8
X,demo-market-048-1-00,2026-08-24T12:00:00Z,架空市場 効率化実験,効率化実験,#効率化実験,1600,82,10,8
INSTAGRAM,demo-market-048-1-01,2026-08-24T12:00:00Z,架空市場 効率化実験,効率化実験,#効率化実験,1600,80,10,8
X,demo-market-048-1-02,2026-08-24T12:00:00Z,架空市場 効率化実験,効率化実験,#効率化実験,1600,83,10,8
INSTAGRAM,demo-market-048-1-03,2026-08-24T12:00:00Z,架空市場 効率化実験,効率化実験,#効率化実験,1600,81,10,8
X,demo-market-048-1-04,2026-08-24T12:00:00Z,架空市場 効率化実験,効率化実験,#効率化実験,1600,83,10,8
INSTAGRAM,demo-market-048-1-05,2026-08-24T12:00:00Z,架空市場 効率化実験,効率化実験,#効率化実験,1600,82,10,8
X,demo-market-048-2-00,2026-08-24T12:00:00Z,架空市場 エージェント検証,エージェント検証,#エージェント検証,1040,55,6,5
INSTAGRAM,demo-market-048-2-01,2026-08-24T12:00:00Z,架空市場 エージェント検証,エージェント検証,#エージェント検証,1040,55,6,5
X,demo-market-048-2-02,2026-08-24T12:00:00Z,架空市場 エージェント検証,エージェント検証,#エージェント検証,1040,55,6,5
INSTAGRAM,demo-market-048-2-03,2026-08-24T12:00:00Z,架空市場 エージェント検証,エージェント検証,#エージェント検証,1040,54,6,5
X,demo-market-048-2-04,2026-08-24T12:00:00Z,架空市場 エージェント検証,エージェント検証,#エージェント検証,1040,55,6,5
INSTAGRAM,demo-market-048-2-05,2026-08-24T12:00:00Z,架空市場 エージェント検証,エージェント検証,#エージェント検証,1040,52,6,5
X,demo-market-048-2-06,2026-08-24T12:00:00Z,架空市場 エージェント検証,エージェント検証,#エージェント検証,1040,54,6,5
INSTAGRAM,demo-market-048-2-07,2026-08-24T12:00:00Z,架空市場 エージェント検証,エージェント検証,#エージェント検証,1040,53,6,5
X,demo-market-048-2-08,2026-08-24T12:00:00Z,架空市場 エージェント検証,エージェント検証,#エージェント検証,1040,55,6,5
INSTAGRAM,demo-market-048-2-09,2026-08-24T12:00:00Z,架空市場 エージェント検証,エージェント検証,#エージェント検証,1040,52,6,5
X,demo-market-048-2-10,2026-08-24T12:00:00Z,架空市場 エージェント検証,エージェント検証,#エージェント検証,1040,55,6,5
INSTAGRAM,demo-market-048-2-11,2026-08-24T12:00:00Z,架空市場 エージェント検証,エージェント検証,#エージェント検証,1040,54,6,5
X,demo-market-048-3-00,2026-08-24T12:00:00Z,架空市場 分析ノート,分析ノート,#分析ノート,500,25,3,2
INSTAGRAM,demo-market-048-3-01,2026-08-24T12:00:00Z,架空市場 分析ノート,分析ノート,#分析ノート,500,27,3,2
X,demo-market-048-3-02,2026-08-24T12:00:00Z,架空市場 分析ノート,分析ノート,#分析ノート,500,26,3,2
INSTAGRAM,demo-market-048-3-03,2026-08-24T12:00:00Z,架空市場 分析ノート,分析ノート,#分析ノート,500,27,3,2
X,demo-market-048-3-04,2026-08-24T12:00:00Z,架空市場 分析ノート,分析ノート,#分析ノート,500,25,3,2
INSTAGRAM,demo-market-048-3-05,2026-08-24T12:00:00Z,架空市場 分析ノート,分析ノート,#分析ノート,500,27,3,2
X,demo-market-048-3-06,2026-08-24T12:00:00Z,架空市場 分析ノート,分析ノート,#分析ノート,500,27,3,2
INSTAGRAM,demo-market-048-3-07,2026-08-24T12:00:00Z,架空市場 分析ノート,分析ノート,#分析ノート,500,27,3,2
X,demo-market-048-3-08,2026-08-24T12:00:00Z,架空市場 分析ノート,分析ノート,#分析ノート,500,25,3,2
INSTAGRAM,demo-market-048-3-09,2026-08-24T12:00:00Z,架空市場 分析ノート,分析ノート,#分析ノート,500,26,3,2
X,demo-market-048-3-10,2026-08-24T12:00:00Z,架空市場 分析ノート,分析ノート,#分析ノート,500,25,3,2
X,demo-market-048-4-00,2026-08-24T12:00:00Z,架空市場 動画ラボ,動画ラボ,#動画ラボ,100,7,0,0
INSTAGRAM,demo-market-048-4-01,2026-08-24T12:00:00Z,架空市場 動画ラボ,動画ラボ,#動画ラボ,100,5,0,0
X,demo-market-048-4-02,2026-08-24T12:00:00Z,架空市場 動画ラボ,動画ラボ,#動画ラボ,100,5,0,0
INSTAGRAM,demo-market-048-4-03,2026-08-24T12:00:00Z,架空市場 動画ラボ,動画ラボ,#動画ラボ,100,8,0,0
X,demo-market-048-4-04,2026-08-24T12:00:00Z,架空市場 動画ラボ,動画ラボ,#動画ラボ,100,8,0,0
INSTAGRAM,demo-market-048-4-05,2026-08-24T12:00:00Z,架空市場 動画ラボ,動画ラボ,#動画ラボ,100,5,0,0
X,demo-market-048-5-00,2026-08-24T12:00:00Z,架空市場 運用メモ,運用メモ,#運用メモ,600,32,3,3
INSTAGRAM,demo-market-048-5-01,2026-08-24T12:00:00Z,架空市場 運用メモ,運用メモ,#運用メモ,600,33,3,3
X,demo-market-048-5-02,2026-08-24T12:00:00Z,架空市場 運用メモ,運用メモ,#運用メモ,600,33,3,3
INSTAGRAM,demo-market-048-5-03,2026-08-24T12:00:00Z,架空市場 運用メモ,運用メモ,#運用メモ,600,31,3,3
X,demo-market-048-5-04,2026-08-24T12:00:00Z,架空市場 運用メモ,運用メモ,#運用メモ,600,32,3,3
INSTAGRAM,demo-market-048-5-05,2026-08-24T12:00:00Z,架空市場 運用メモ,運用メモ,#運用メモ,600,32,3,3
X,demo-market-048-5-06,2026-08-24T12:00:00Z,架空市場 運用メモ,運用メモ,#運用メモ,600,33,3,3
INSTAGRAM,demo-market-048-5-07,2026-08-24T12:00:00Z,架空市場 運用メモ,運用メモ,#運用メモ,600,32,3,3
X,demo-market-048-5-08,2026-08-24T12:00:00Z,架空市場 運用メモ,運用メモ,#運用メモ,600,32,3,3
INSTAGRAM,demo-market-048-5-09,2026-08-24T12:00:00Z,架空市場 運用メモ,運用メモ,#運用メモ,600,33,3,3
X,demo-market-048-5-10,2026-08-24T12:00:00Z,架空市場 運用メモ,運用メモ,#運用メモ,600,32,3,3
X,demo-market-049-0-00,2026-08-25T12:00:00Z,架空市場 生成AI研究,生成AI研究,#生成AI研究,1600,82,10,8
INSTAGRAM,demo-market-049-0-01,2026-08-25T12:00:00Z,架空市場 生成AI研究,生成AI研究,#生成AI研究,1600,82,10,8
X,demo-market-049-0-02,2026-08-25T12:00:00Z,架空市場 生成AI研究,生成AI研究,#生成AI研究,1600,82,10,8
INSTAGRAM,demo-market-049-0-03,2026-08-25T12:00:00Z,架空市場 生成AI研究,生成AI研究,#生成AI研究,1600,81,10,8
X,demo-market-049-1-00,2026-08-25T12:00:00Z,架空市場 効率化実験,効率化実験,#効率化実験,1600,82,10,8
INSTAGRAM,demo-market-049-1-01,2026-08-25T12:00:00Z,架空市場 効率化実験,効率化実験,#効率化実験,1600,83,10,8
X,demo-market-049-1-02,2026-08-25T12:00:00Z,架空市場 効率化実験,効率化実験,#効率化実験,1600,82,10,8
INSTAGRAM,demo-market-049-1-03,2026-08-25T12:00:00Z,架空市場 効率化実験,効率化実験,#効率化実験,1600,83,10,8
X,demo-market-049-1-04,2026-08-25T12:00:00Z,架空市場 効率化実験,効率化実験,#効率化実験,1600,83,10,8
INSTAGRAM,demo-market-049-1-05,2026-08-25T12:00:00Z,架空市場 効率化実験,効率化実験,#効率化実験,1600,82,10,8
X,demo-market-049-2-00,2026-08-25T12:00:00Z,架空市場 エージェント検証,エージェント検証,#エージェント検証,1020,51,6,5
INSTAGRAM,demo-market-049-2-01,2026-08-25T12:00:00Z,架空市場 エージェント検証,エージェント検証,#エージェント検証,1020,51,6,5
X,demo-market-049-2-02,2026-08-25T12:00:00Z,架空市場 エージェント検証,エージェント検証,#エージェント検証,1020,54,6,5
INSTAGRAM,demo-market-049-2-03,2026-08-25T12:00:00Z,架空市場 エージェント検証,エージェント検証,#エージェント検証,1020,51,6,5
X,demo-market-049-2-04,2026-08-25T12:00:00Z,架空市場 エージェント検証,エージェント検証,#エージェント検証,1020,54,6,5
INSTAGRAM,demo-market-049-2-05,2026-08-25T12:00:00Z,架空市場 エージェント検証,エージェント検証,#エージェント検証,1020,51,6,5
X,demo-market-049-2-06,2026-08-25T12:00:00Z,架空市場 エージェント検証,エージェント検証,#エージェント検証,1020,52,6,5
INSTAGRAM,demo-market-049-2-07,2026-08-25T12:00:00Z,架空市場 エージェント検証,エージェント検証,#エージェント検証,1020,51,6,5
X,demo-market-049-2-08,2026-08-25T12:00:00Z,架空市場 エージェント検証,エージェント検証,#エージェント検証,1020,54,6,5
INSTAGRAM,demo-market-049-2-09,2026-08-25T12:00:00Z,架空市場 エージェント検証,エージェント検証,#エージェント検証,1020,54,6,5
X,demo-market-049-2-10,2026-08-25T12:00:00Z,架空市場 エージェント検証,エージェント検証,#エージェント検証,1020,54,6,5
INSTAGRAM,demo-market-049-2-11,2026-08-25T12:00:00Z,架空市場 エージェント検証,エージェント検証,#エージェント検証,1020,51,6,5
X,demo-market-049-3-00,2026-08-25T12:00:00Z,架空市場 分析ノート,分析ノート,#分析ノート,500,26,3,2
INSTAGRAM,demo-market-049-3-01,2026-08-25T12:00:00Z,架空市場 分析ノート,分析ノート,#分析ノート,500,26,3,2
X,demo-market-049-3-02,2026-08-25T12:00:00Z,架空市場 分析ノート,分析ノート,#分析ノート,500,26,3,2
INSTAGRAM,demo-market-049-3-03,2026-08-25T12:00:00Z,架空市場 分析ノート,分析ノート,#分析ノート,500,25,3,2
X,demo-market-049-3-04,2026-08-25T12:00:00Z,架空市場 分析ノート,分析ノート,#分析ノート,500,27,3,2
INSTAGRAM,demo-market-049-3-05,2026-08-25T12:00:00Z,架空市場 分析ノート,分析ノート,#分析ノート,500,25,3,2
X,demo-market-049-3-06,2026-08-25T12:00:00Z,架空市場 分析ノート,分析ノート,#分析ノート,500,25,3,2
INSTAGRAM,demo-market-049-3-07,2026-08-25T12:00:00Z,架空市場 分析ノート,分析ノート,#分析ノート,500,27,3,2
X,demo-market-049-3-08,2026-08-25T12:00:00Z,架空市場 分析ノート,分析ノート,#分析ノート,500,25,3,2
INSTAGRAM,demo-market-049-3-09,2026-08-25T12:00:00Z,架空市場 分析ノート,分析ノート,#分析ノート,500,27,3,2
X,demo-market-049-3-10,2026-08-25T12:00:00Z,架空市場 分析ノート,分析ノート,#分析ノート,500,26,3,2
X,demo-market-049-4-00,2026-08-25T12:00:00Z,架空市場 動画ラボ,動画ラボ,#動画ラボ,100,8,0,0
INSTAGRAM,demo-market-049-4-01,2026-08-25T12:00:00Z,架空市場 動画ラボ,動画ラボ,#動画ラボ,100,5,0,0
X,demo-market-049-4-02,2026-08-25T12:00:00Z,架空市場 動画ラボ,動画ラボ,#動画ラボ,100,7,0,0
INSTAGRAM,demo-market-049-4-03,2026-08-25T12:00:00Z,架空市場 動画ラボ,動画ラボ,#動画ラボ,100,6,0,0
X,demo-market-049-4-04,2026-08-25T12:00:00Z,架空市場 動画ラボ,動画ラボ,#動画ラボ,100,7,0,0
INSTAGRAM,demo-market-049-4-05,2026-08-25T12:00:00Z,架空市場 動画ラボ,動画ラボ,#動画ラボ,100,6,0,0
X,demo-market-049-5-00,2026-08-25T12:00:00Z,架空市場 運用メモ,運用メモ,#運用メモ,600,30,3,3
INSTAGRAM,demo-market-049-5-01,2026-08-25T12:00:00Z,架空市場 運用メモ,運用メモ,#運用メモ,600,33,3,3
X,demo-market-049-5-02,2026-08-25T12:00:00Z,架空市場 運用メモ,運用メモ,#運用メモ,600,33,3,3
INSTAGRAM,demo-market-049-5-03,2026-08-25T12:00:00Z,架空市場 運用メモ,運用メモ,#運用メモ,600,33,3,3
X,demo-market-049-5-04,2026-08-25T12:00:00Z,架空市場 運用メモ,運用メモ,#運用メモ,600,33,3,3
INSTAGRAM,demo-market-049-5-05,2026-08-25T12:00:00Z,架空市場 運用メモ,運用メモ,#運用メモ,600,33,3,3
X,demo-market-049-5-06,2026-08-25T12:00:00Z,架空市場 運用メモ,運用メモ,#運用メモ,600,31,3,3
INSTAGRAM,demo-market-049-5-07,2026-08-25T12:00:00Z,架空市場 運用メモ,運用メモ,#運用メモ,600,32,3,3
X,demo-market-049-5-08,2026-08-25T12:00:00Z,架空市場 運用メモ,運用メモ,#運用メモ,600,30,3,3
INSTAGRAM,demo-market-049-5-09,2026-08-25T12:00:00Z,架空市場 運用メモ,運用メモ,#運用メモ,600,31,3,3
X,demo-market-049-5-10,2026-08-25T12:00:00Z,架空市場 運用メモ,運用メモ,#運用メモ,600,32,3,3
X,demo-market-050-0-00,2026-08-26T12:00:00Z,架空市場 生成AI研究,生成AI研究,#生成AI研究,1600,83,10,8
INSTAGRAM,demo-market-050-0-01,2026-08-26T12:00:00Z,架空市場 生成AI研究,生成AI研究,#生成AI研究,1600,82,10,8
X,demo-market-050-0-02,2026-08-26T12:00:00Z,架空市場 生成AI研究,生成AI研究,#生成AI研究,1600,83,10,8
INSTAGRAM,demo-market-050-0-03,2026-08-26T12:00:00Z,架空市場 生成AI研究,生成AI研究,#生成AI研究,1600,81,10,8
X,demo-market-050-1-00,2026-08-26T12:00:00Z,架空市場 効率化実験,効率化実験,#効率化実験,1600,80,10,8
INSTAGRAM,demo-market-050-1-01,2026-08-26T12:00:00Z,架空市場 効率化実験,効率化実験,#効率化実験,1600,81,10,8
X,demo-market-050-1-02,2026-08-26T12:00:00Z,架空市場 効率化実験,効率化実験,#効率化実験,1600,82,10,8
INSTAGRAM,demo-market-050-1-03,2026-08-26T12:00:00Z,架空市場 効率化実験,効率化実験,#効率化実験,1600,81,10,8
X,demo-market-050-1-04,2026-08-26T12:00:00Z,架空市場 効率化実験,効率化実験,#効率化実験,1600,82,10,8
X,demo-market-050-2-00,2026-08-26T12:00:00Z,架空市場 エージェント検証,エージェント検証,#エージェント検証,1000,53,6,5
INSTAGRAM,demo-market-050-2-01,2026-08-26T12:00:00Z,架空市場 エージェント検証,エージェント検証,#エージェント検証,1000,50,6,5
X,demo-market-050-2-02,2026-08-26T12:00:00Z,架空市場 エージェント検証,エージェント検証,#エージェント検証,1000,50,6,5
INSTAGRAM,demo-market-050-2-03,2026-08-26T12:00:00Z,架空市場 エージェント検証,エージェント検証,#エージェント検証,1000,52,6,5
X,demo-market-050-2-04,2026-08-26T12:00:00Z,架空市場 エージェント検証,エージェント検証,#エージェント検証,1000,50,6,5
INSTAGRAM,demo-market-050-2-05,2026-08-26T12:00:00Z,架空市場 エージェント検証,エージェント検証,#エージェント検証,1000,51,6,5
X,demo-market-050-2-06,2026-08-26T12:00:00Z,架空市場 エージェント検証,エージェント検証,#エージェント検証,1000,50,6,5
INSTAGRAM,demo-market-050-2-07,2026-08-26T12:00:00Z,架空市場 エージェント検証,エージェント検証,#エージェント検証,1000,52,6,5
X,demo-market-050-2-08,2026-08-26T12:00:00Z,架空市場 エージェント検証,エージェント検証,#エージェント検証,1000,50,6,5
INSTAGRAM,demo-market-050-2-09,2026-08-26T12:00:00Z,架空市場 エージェント検証,エージェント検証,#エージェント検証,1000,51,6,5
X,demo-market-050-2-10,2026-08-26T12:00:00Z,架空市場 エージェント検証,エージェント検証,#エージェント検証,1000,50,6,5
INSTAGRAM,demo-market-050-2-11,2026-08-26T12:00:00Z,架空市場 エージェント検証,エージェント検証,#エージェント検証,1000,50,6,5
X,demo-market-050-3-00,2026-08-26T12:00:00Z,架空市場 分析ノート,分析ノート,#分析ノート,500,26,3,2
INSTAGRAM,demo-market-050-3-01,2026-08-26T12:00:00Z,架空市場 分析ノート,分析ノート,#分析ノート,500,27,3,2
X,demo-market-050-3-02,2026-08-26T12:00:00Z,架空市場 分析ノート,分析ノート,#分析ノート,500,28,3,2
INSTAGRAM,demo-market-050-3-03,2026-08-26T12:00:00Z,架空市場 分析ノート,分析ノート,#分析ノート,500,26,3,2
X,demo-market-050-3-04,2026-08-26T12:00:00Z,架空市場 分析ノート,分析ノート,#分析ノート,500,28,3,2
INSTAGRAM,demo-market-050-3-05,2026-08-26T12:00:00Z,架空市場 分析ノート,分析ノート,#分析ノート,500,28,3,2
X,demo-market-050-3-06,2026-08-26T12:00:00Z,架空市場 分析ノート,分析ノート,#分析ノート,500,27,3,2
INSTAGRAM,demo-market-050-3-07,2026-08-26T12:00:00Z,架空市場 分析ノート,分析ノート,#分析ノート,500,27,3,2
X,demo-market-050-3-08,2026-08-26T12:00:00Z,架空市場 分析ノート,分析ノート,#分析ノート,500,26,3,2
INSTAGRAM,demo-market-050-3-09,2026-08-26T12:00:00Z,架空市場 分析ノート,分析ノート,#分析ノート,500,27,3,2
X,demo-market-050-3-10,2026-08-26T12:00:00Z,架空市場 分析ノート,分析ノート,#分析ノート,500,26,3,2
INSTAGRAM,demo-market-050-3-11,2026-08-26T12:00:00Z,架空市場 分析ノート,分析ノート,#分析ノート,500,28,3,2
X,demo-market-050-4-00,2026-08-26T12:00:00Z,架空市場 動画ラボ,動画ラボ,#動画ラボ,100,8,0,0
INSTAGRAM,demo-market-050-4-01,2026-08-26T12:00:00Z,架空市場 動画ラボ,動画ラボ,#動画ラボ,100,8,0,0
X,demo-market-050-4-02,2026-08-26T12:00:00Z,架空市場 動画ラボ,動画ラボ,#動画ラボ,100,6,0,0
INSTAGRAM,demo-market-050-4-03,2026-08-26T12:00:00Z,架空市場 動画ラボ,動画ラボ,#動画ラボ,100,6,0,0
X,demo-market-050-4-04,2026-08-26T12:00:00Z,架空市場 動画ラボ,動画ラボ,#動画ラボ,100,7,0,0
INSTAGRAM,demo-market-050-4-05,2026-08-26T12:00:00Z,架空市場 動画ラボ,動画ラボ,#動画ラボ,100,5,0,0
X,demo-market-050-5-00,2026-08-26T12:00:00Z,架空市場 運用メモ,運用メモ,#運用メモ,600,31,3,3
INSTAGRAM,demo-market-050-5-01,2026-08-26T12:00:00Z,架空市場 運用メモ,運用メモ,#運用メモ,600,33,3,3
X,demo-market-050-5-02,2026-08-26T12:00:00Z,架空市場 運用メモ,運用メモ,#運用メモ,600,33,3,3
INSTAGRAM,demo-market-050-5-03,2026-08-26T12:00:00Z,架空市場 運用メモ,運用メモ,#運用メモ,600,31,3,3
X,demo-market-050-5-04,2026-08-26T12:00:00Z,架空市場 運用メモ,運用メモ,#運用メモ,600,30,3,3
INSTAGRAM,demo-market-050-5-05,2026-08-26T12:00:00Z,架空市場 運用メモ,運用メモ,#運用メモ,600,32,3,3
X,demo-market-050-5-06,2026-08-26T12:00:00Z,架空市場 運用メモ,運用メモ,#運用メモ,600,31,3,3
INSTAGRAM,demo-market-050-5-07,2026-08-26T12:00:00Z,架空市場 運用メモ,運用メモ,#運用メモ,600,30,3,3
X,demo-market-050-5-08,2026-08-26T12:00:00Z,架空市場 運用メモ,運用メモ,#運用メモ,600,32,3,3
INSTAGRAM,demo-market-050-5-09,2026-08-26T12:00:00Z,架空市場 運用メモ,運用メモ,#運用メモ,600,31,3,3
X,demo-market-050-5-10,2026-08-26T12:00:00Z,架空市場 運用メモ,運用メモ,#運用メモ,600,33,3,3
X,demo-market-051-0-00,2026-08-27T12:00:00Z,架空市場 生成AI研究,生成AI研究,#生成AI研究,1600,81,10,8
INSTAGRAM,demo-market-051-0-01,2026-08-27T12:00:00Z,架空市場 生成AI研究,生成AI研究,#生成AI研究,1600,82,10,8
X,demo-market-051-0-02,2026-08-27T12:00:00Z,架空市場 生成AI研究,生成AI研究,#生成AI研究,1600,81,10,8
INSTAGRAM,demo-market-051-0-03,2026-08-27T12:00:00Z,架空市場 生成AI研究,生成AI研究,#生成AI研究,1600,82,10,8
X,demo-market-051-1-00,2026-08-27T12:00:00Z,架空市場 効率化実験,効率化実験,#効率化実験,1600,83,10,8
INSTAGRAM,demo-market-051-1-01,2026-08-27T12:00:00Z,架空市場 効率化実験,効率化実験,#効率化実験,1600,83,10,8
X,demo-market-051-1-02,2026-08-27T12:00:00Z,架空市場 効率化実験,効率化実験,#効率化実験,1600,80,10,8
INSTAGRAM,demo-market-051-1-03,2026-08-27T12:00:00Z,架空市場 効率化実験,効率化実験,#効率化実験,1600,83,10,8
X,demo-market-051-1-04,2026-08-27T12:00:00Z,架空市場 効率化実験,効率化実験,#効率化実験,1600,83,10,8
X,demo-market-051-2-00,2026-08-27T12:00:00Z,架空市場 エージェント検証,エージェント検証,#エージェント検証,980,49,6,4
INSTAGRAM,demo-market-051-2-01,2026-08-27T12:00:00Z,架空市場 エージェント検証,エージェント検証,#エージェント検証,980,52,6,4
X,demo-market-051-2-02,2026-08-27T12:00:00Z,架空市場 エージェント検証,エージェント検証,#エージェント検証,980,52,6,4
INSTAGRAM,demo-market-051-2-03,2026-08-27T12:00:00Z,架空市場 エージェント検証,エージェント検証,#エージェント検証,980,51,6,4
X,demo-market-051-2-04,2026-08-27T12:00:00Z,架空市場 エージェント検証,エージェント検証,#エージェント検証,980,49,6,4
INSTAGRAM,demo-market-051-2-05,2026-08-27T12:00:00Z,架空市場 エージェント検証,エージェント検証,#エージェント検証,980,51,6,4
X,demo-market-051-2-06,2026-08-27T12:00:00Z,架空市場 エージェント検証,エージェント検証,#エージェント検証,980,49,6,4
INSTAGRAM,demo-market-051-2-07,2026-08-27T12:00:00Z,架空市場 エージェント検証,エージェント検証,#エージェント検証,980,51,6,4
X,demo-market-051-2-08,2026-08-27T12:00:00Z,架空市場 エージェント検証,エージェント検証,#エージェント検証,980,50,6,4
INSTAGRAM,demo-market-051-2-09,2026-08-27T12:00:00Z,架空市場 エージェント検証,エージェント検証,#エージェント検証,980,49,6,4
X,demo-market-051-2-10,2026-08-27T12:00:00Z,架空市場 エージェント検証,エージェント検証,#エージェント検証,980,50,6,4
INSTAGRAM,demo-market-051-2-11,2026-08-27T12:00:00Z,架空市場 エージェント検証,エージェント検証,#エージェント検証,980,49,6,4
X,demo-market-051-3-00,2026-08-27T12:00:00Z,架空市場 分析ノート,分析ノート,#分析ノート,500,27,3,2
INSTAGRAM,demo-market-051-3-01,2026-08-27T12:00:00Z,架空市場 分析ノート,分析ノート,#分析ノート,500,28,3,2
X,demo-market-051-3-02,2026-08-27T12:00:00Z,架空市場 分析ノート,分析ノート,#分析ノート,500,25,3,2
INSTAGRAM,demo-market-051-3-03,2026-08-27T12:00:00Z,架空市場 分析ノート,分析ノート,#分析ノート,500,26,3,2
X,demo-market-051-3-04,2026-08-27T12:00:00Z,架空市場 分析ノート,分析ノート,#分析ノート,500,25,3,2
INSTAGRAM,demo-market-051-3-05,2026-08-27T12:00:00Z,架空市場 分析ノート,分析ノート,#分析ノート,500,28,3,2
X,demo-market-051-3-06,2026-08-27T12:00:00Z,架空市場 分析ノート,分析ノート,#分析ノート,500,27,3,2
INSTAGRAM,demo-market-051-3-07,2026-08-27T12:00:00Z,架空市場 分析ノート,分析ノート,#分析ノート,500,28,3,2
X,demo-market-051-3-08,2026-08-27T12:00:00Z,架空市場 分析ノート,分析ノート,#分析ノート,500,25,3,2
INSTAGRAM,demo-market-051-3-09,2026-08-27T12:00:00Z,架空市場 分析ノート,分析ノート,#分析ノート,500,27,3,2
X,demo-market-051-3-10,2026-08-27T12:00:00Z,架空市場 分析ノート,分析ノート,#分析ノート,500,25,3,2
X,demo-market-051-4-00,2026-08-27T12:00:00Z,架空市場 動画ラボ,動画ラボ,#動画ラボ,100,7,0,0
INSTAGRAM,demo-market-051-4-01,2026-08-27T12:00:00Z,架空市場 動画ラボ,動画ラボ,#動画ラボ,100,7,0,0
X,demo-market-051-4-02,2026-08-27T12:00:00Z,架空市場 動画ラボ,動画ラボ,#動画ラボ,100,5,0,0
INSTAGRAM,demo-market-051-4-03,2026-08-27T12:00:00Z,架空市場 動画ラボ,動画ラボ,#動画ラボ,100,8,0,0
X,demo-market-051-4-04,2026-08-27T12:00:00Z,架空市場 動画ラボ,動画ラボ,#動画ラボ,100,5,0,0
INSTAGRAM,demo-market-051-4-05,2026-08-27T12:00:00Z,架空市場 動画ラボ,動画ラボ,#動画ラボ,100,8,0,0
X,demo-market-051-5-00,2026-08-27T12:00:00Z,架空市場 運用メモ,運用メモ,#運用メモ,600,31,3,3
INSTAGRAM,demo-market-051-5-01,2026-08-27T12:00:00Z,架空市場 運用メモ,運用メモ,#運用メモ,600,31,3,3
X,demo-market-051-5-02,2026-08-27T12:00:00Z,架空市場 運用メモ,運用メモ,#運用メモ,600,33,3,3
INSTAGRAM,demo-market-051-5-03,2026-08-27T12:00:00Z,架空市場 運用メモ,運用メモ,#運用メモ,600,33,3,3
X,demo-market-051-5-04,2026-08-27T12:00:00Z,架空市場 運用メモ,運用メモ,#運用メモ,600,30,3,3
INSTAGRAM,demo-market-051-5-05,2026-08-27T12:00:00Z,架空市場 運用メモ,運用メモ,#運用メモ,600,32,3,3
X,demo-market-051-5-06,2026-08-27T12:00:00Z,架空市場 運用メモ,運用メモ,#運用メモ,600,32,3,3
INSTAGRAM,demo-market-051-5-07,2026-08-27T12:00:00Z,架空市場 運用メモ,運用メモ,#運用メモ,600,32,3,3
X,demo-market-051-5-08,2026-08-27T12:00:00Z,架空市場 運用メモ,運用メモ,#運用メモ,600,31,3,3
INSTAGRAM,demo-market-051-5-09,2026-08-27T12:00:00Z,架空市場 運用メモ,運用メモ,#運用メモ,600,33,3,3
X,demo-market-051-5-10,2026-08-27T12:00:00Z,架空市場 運用メモ,運用メモ,#運用メモ,600,33,3,3
INSTAGRAM,demo-market-051-5-11,2026-08-27T12:00:00Z,架空市場 運用メモ,運用メモ,#運用メモ,600,33,3,3
X,demo-market-052-0-00,2026-08-28T12:00:00Z,架空市場 生成AI研究,生成AI研究,#生成AI研究,1600,83,10,8
INSTAGRAM,demo-market-052-0-01,2026-08-28T12:00:00Z,架空市場 生成AI研究,生成AI研究,#生成AI研究,1600,80,10,8
X,demo-market-052-0-02,2026-08-28T12:00:00Z,架空市場 生成AI研究,生成AI研究,#生成AI研究,1600,80,10,8
INSTAGRAM,demo-market-052-0-03,2026-08-28T12:00:00Z,架空市場 生成AI研究,生成AI研究,#生成AI研究,1600,81,10,8
X,demo-market-052-1-00,2026-08-28T12:00:00Z,架空市場 効率化実験,効率化実験,#効率化実験,1600,82,10,8
INSTAGRAM,demo-market-052-1-01,2026-08-28T12:00:00Z,架空市場 効率化実験,効率化実験,#効率化実験,1600,81,10,8
X,demo-market-052-1-02,2026-08-28T12:00:00Z,架空市場 効率化実験,効率化実験,#効率化実験,1600,83,10,8
INSTAGRAM,demo-market-052-1-03,2026-08-28T12:00:00Z,架空市場 効率化実験,効率化実験,#効率化実験,1600,80,10,8
X,demo-market-052-1-04,2026-08-28T12:00:00Z,架空市場 効率化実験,効率化実験,#効率化実験,1600,82,10,8
X,demo-market-052-2-00,2026-08-28T12:00:00Z,架空市場 エージェント検証,エージェント検証,#エージェント検証,960,51,6,4
INSTAGRAM,demo-market-052-2-01,2026-08-28T12:00:00Z,架空市場 エージェント検証,エージェント検証,#エージェント検証,960,51,6,4
X,demo-market-052-2-02,2026-08-28T12:00:00Z,架空市場 エージェント検証,エージェント検証,#エージェント検証,960,51,6,4
INSTAGRAM,demo-market-052-2-03,2026-08-28T12:00:00Z,架空市場 エージェント検証,エージェント検証,#エージェント検証,960,48,6,4
X,demo-market-052-2-04,2026-08-28T12:00:00Z,架空市場 エージェント検証,エージェント検証,#エージェント検証,960,49,6,4
INSTAGRAM,demo-market-052-2-05,2026-08-28T12:00:00Z,架空市場 エージェント検証,エージェント検証,#エージェント検証,960,48,6,4
X,demo-market-052-2-06,2026-08-28T12:00:00Z,架空市場 エージェント検証,エージェント検証,#エージェント検証,960,51,6,4
INSTAGRAM,demo-market-052-2-07,2026-08-28T12:00:00Z,架空市場 エージェント検証,エージェント検証,#エージェント検証,960,51,6,4
X,demo-market-052-2-08,2026-08-28T12:00:00Z,架空市場 エージェント検証,エージェント検証,#エージェント検証,960,51,6,4
INSTAGRAM,demo-market-052-2-09,2026-08-28T12:00:00Z,架空市場 エージェント検証,エージェント検証,#エージェント検証,960,48,6,4
X,demo-market-052-2-10,2026-08-28T12:00:00Z,架空市場 エージェント検証,エージェント検証,#エージェント検証,960,48,6,4
INSTAGRAM,demo-market-052-2-11,2026-08-28T12:00:00Z,架空市場 エージェント検証,エージェント検証,#エージェント検証,960,48,6,4
X,demo-market-052-3-00,2026-08-28T12:00:00Z,架空市場 分析ノート,分析ノート,#分析ノート,500,28,3,2
INSTAGRAM,demo-market-052-3-01,2026-08-28T12:00:00Z,架空市場 分析ノート,分析ノート,#分析ノート,500,25,3,2
X,demo-market-052-3-02,2026-08-28T12:00:00Z,架空市場 分析ノート,分析ノート,#分析ノート,500,25,3,2
INSTAGRAM,demo-market-052-3-03,2026-08-28T12:00:00Z,架空市場 分析ノート,分析ノート,#分析ノート,500,28,3,2
X,demo-market-052-3-04,2026-08-28T12:00:00Z,架空市場 分析ノート,分析ノート,#分析ノート,500,26,3,2
INSTAGRAM,demo-market-052-3-05,2026-08-28T12:00:00Z,架空市場 分析ノート,分析ノート,#分析ノート,500,26,3,2
X,demo-market-052-3-06,2026-08-28T12:00:00Z,架空市場 分析ノート,分析ノート,#分析ノート,500,26,3,2
INSTAGRAM,demo-market-052-3-07,2026-08-28T12:00:00Z,架空市場 分析ノート,分析ノート,#分析ノート,500,25,3,2
X,demo-market-052-3-08,2026-08-28T12:00:00Z,架空市場 分析ノート,分析ノート,#分析ノート,500,27,3,2
INSTAGRAM,demo-market-052-3-09,2026-08-28T12:00:00Z,架空市場 分析ノート,分析ノート,#分析ノート,500,28,3,2
X,demo-market-052-3-10,2026-08-28T12:00:00Z,架空市場 分析ノート,分析ノート,#分析ノート,500,26,3,2
X,demo-market-052-4-00,2026-08-28T12:00:00Z,架空市場 動画ラボ,動画ラボ,#動画ラボ,100,6,0,0
INSTAGRAM,demo-market-052-4-01,2026-08-28T12:00:00Z,架空市場 動画ラボ,動画ラボ,#動画ラボ,100,5,0,0
X,demo-market-052-4-02,2026-08-28T12:00:00Z,架空市場 動画ラボ,動画ラボ,#動画ラボ,100,8,0,0
INSTAGRAM,demo-market-052-4-03,2026-08-28T12:00:00Z,架空市場 動画ラボ,動画ラボ,#動画ラボ,100,6,0,0
X,demo-market-052-4-04,2026-08-28T12:00:00Z,架空市場 動画ラボ,動画ラボ,#動画ラボ,100,5,0,0
INSTAGRAM,demo-market-052-4-05,2026-08-28T12:00:00Z,架空市場 動画ラボ,動画ラボ,#動画ラボ,100,7,0,0
X,demo-market-052-5-00,2026-08-28T12:00:00Z,架空市場 運用メモ,運用メモ,#運用メモ,600,30,3,3
INSTAGRAM,demo-market-052-5-01,2026-08-28T12:00:00Z,架空市場 運用メモ,運用メモ,#運用メモ,600,32,3,3
X,demo-market-052-5-02,2026-08-28T12:00:00Z,架空市場 運用メモ,運用メモ,#運用メモ,600,33,3,3
INSTAGRAM,demo-market-052-5-03,2026-08-28T12:00:00Z,架空市場 運用メモ,運用メモ,#運用メモ,600,32,3,3
X,demo-market-052-5-04,2026-08-28T12:00:00Z,架空市場 運用メモ,運用メモ,#運用メモ,600,30,3,3
INSTAGRAM,demo-market-052-5-05,2026-08-28T12:00:00Z,架空市場 運用メモ,運用メモ,#運用メモ,600,31,3,3
X,demo-market-052-5-06,2026-08-28T12:00:00Z,架空市場 運用メモ,運用メモ,#運用メモ,600,30,3,3
INSTAGRAM,demo-market-052-5-07,2026-08-28T12:00:00Z,架空市場 運用メモ,運用メモ,#運用メモ,600,32,3,3
X,demo-market-052-5-08,2026-08-28T12:00:00Z,架空市場 運用メモ,運用メモ,#運用メモ,600,30,3,3
INSTAGRAM,demo-market-052-5-09,2026-08-28T12:00:00Z,架空市場 運用メモ,運用メモ,#運用メモ,600,30,3,3
X,demo-market-052-5-10,2026-08-28T12:00:00Z,架空市場 運用メモ,運用メモ,#運用メモ,600,31,3,3
INSTAGRAM,demo-market-052-5-11,2026-08-28T12:00:00Z,架空市場 運用メモ,運用メモ,#運用メモ,600,30,3,3
X,demo-market-053-0-00,2026-08-29T12:00:00Z,架空市場 生成AI研究,生成AI研究,#生成AI研究,1600,83,10,8
INSTAGRAM,demo-market-053-0-01,2026-08-29T12:00:00Z,架空市場 生成AI研究,生成AI研究,#生成AI研究,1600,82,10,8
X,demo-market-053-0-02,2026-08-29T12:00:00Z,架空市場 生成AI研究,生成AI研究,#生成AI研究,1600,81,10,8
INSTAGRAM,demo-market-053-0-03,2026-08-29T12:00:00Z,架空市場 生成AI研究,生成AI研究,#生成AI研究,1600,82,10,8
X,demo-market-053-0-04,2026-08-29T12:00:00Z,架空市場 生成AI研究,生成AI研究,#生成AI研究,1600,80,10,8
X,demo-market-053-1-00,2026-08-29T12:00:00Z,架空市場 効率化実験,効率化実験,#効率化実験,1600,81,10,8
INSTAGRAM,demo-market-053-1-01,2026-08-29T12:00:00Z,架空市場 効率化実験,効率化実験,#効率化実験,1600,82,10,8
X,demo-market-053-1-02,2026-08-29T12:00:00Z,架空市場 効率化実験,効率化実験,#効率化実験,1600,82,10,8
INSTAGRAM,demo-market-053-1-03,2026-08-29T12:00:00Z,架空市場 効率化実験,効率化実験,#効率化実験,1600,83,10,8
X,demo-market-053-1-04,2026-08-29T12:00:00Z,架空市場 効率化実験,効率化実験,#効率化実験,1600,83,10,8
X,demo-market-053-2-00,2026-08-29T12:00:00Z,架空市場 エージェント検証,エージェント検証,#エージェント検証,940,50,5,4
INSTAGRAM,demo-market-053-2-01,2026-08-29T12:00:00Z,架空市場 エージェント検証,エージェント検証,#エージェント検証,940,50,5,4
X,demo-market-053-2-02,2026-08-29T12:00:00Z,架空市場 エージェント検証,エージェント検証,#エージェント検証,940,48,5,4
INSTAGRAM,demo-market-053-2-03,2026-08-29T12:00:00Z,架空市場 エージェント検証,エージェント検証,#エージェント検証,940,50,5,4
X,demo-market-053-2-04,2026-08-29T12:00:00Z,架空市場 エージェント検証,エージェント検証,#エージェント検証,940,49,5,4
INSTAGRAM,demo-market-053-2-05,2026-08-29T12:00:00Z,架空市場 エージェント検証,エージェント検証,#エージェント検証,940,49,5,4
X,demo-market-053-2-06,2026-08-29T12:00:00Z,架空市場 エージェント検証,エージェント検証,#エージェント検証,940,48,5,4
INSTAGRAM,demo-market-053-2-07,2026-08-29T12:00:00Z,架空市場 エージェント検証,エージェント検証,#エージェント検証,940,50,5,4
X,demo-market-053-2-08,2026-08-29T12:00:00Z,架空市場 エージェント検証,エージェント検証,#エージェント検証,940,48,5,4
INSTAGRAM,demo-market-053-2-09,2026-08-29T12:00:00Z,架空市場 エージェント検証,エージェント検証,#エージェント検証,940,47,5,4
X,demo-market-053-2-10,2026-08-29T12:00:00Z,架空市場 エージェント検証,エージェント検証,#エージェント検証,940,49,5,4
X,demo-market-053-3-00,2026-08-29T12:00:00Z,架空市場 分析ノート,分析ノート,#分析ノート,500,28,3,2
INSTAGRAM,demo-market-053-3-01,2026-08-29T12:00:00Z,架空市場 分析ノート,分析ノート,#分析ノート,500,25,3,2
X,demo-market-053-3-02,2026-08-29T12:00:00Z,架空市場 分析ノート,分析ノート,#分析ノート,500,28,3,2
INSTAGRAM,demo-market-053-3-03,2026-08-29T12:00:00Z,架空市場 分析ノート,分析ノート,#分析ノート,500,28,3,2
X,demo-market-053-3-04,2026-08-29T12:00:00Z,架空市場 分析ノート,分析ノート,#分析ノート,500,28,3,2
INSTAGRAM,demo-market-053-3-05,2026-08-29T12:00:00Z,架空市場 分析ノート,分析ノート,#分析ノート,500,27,3,2
X,demo-market-053-3-06,2026-08-29T12:00:00Z,架空市場 分析ノート,分析ノート,#分析ノート,500,26,3,2
INSTAGRAM,demo-market-053-3-07,2026-08-29T12:00:00Z,架空市場 分析ノート,分析ノート,#分析ノート,500,25,3,2
X,demo-market-053-3-08,2026-08-29T12:00:00Z,架空市場 分析ノート,分析ノート,#分析ノート,500,28,3,2
INSTAGRAM,demo-market-053-3-09,2026-08-29T12:00:00Z,架空市場 分析ノート,分析ノート,#分析ノート,500,28,3,2
X,demo-market-053-3-10,2026-08-29T12:00:00Z,架空市場 分析ノート,分析ノート,#分析ノート,500,27,3,2
X,demo-market-053-4-00,2026-08-29T12:00:00Z,架空市場 動画ラボ,動画ラボ,#動画ラボ,100,8,0,0
INSTAGRAM,demo-market-053-4-01,2026-08-29T12:00:00Z,架空市場 動画ラボ,動画ラボ,#動画ラボ,100,6,0,0
X,demo-market-053-4-02,2026-08-29T12:00:00Z,架空市場 動画ラボ,動画ラボ,#動画ラボ,100,5,0,0
INSTAGRAM,demo-market-053-4-03,2026-08-29T12:00:00Z,架空市場 動画ラボ,動画ラボ,#動画ラボ,100,5,0,0
X,demo-market-053-4-04,2026-08-29T12:00:00Z,架空市場 動画ラボ,動画ラボ,#動画ラボ,100,5,0,0
INSTAGRAM,demo-market-053-4-05,2026-08-29T12:00:00Z,架空市場 動画ラボ,動画ラボ,#動画ラボ,100,8,0,0
X,demo-market-053-5-00,2026-08-29T12:00:00Z,架空市場 運用メモ,運用メモ,#運用メモ,600,31,3,3
INSTAGRAM,demo-market-053-5-01,2026-08-29T12:00:00Z,架空市場 運用メモ,運用メモ,#運用メモ,600,31,3,3
X,demo-market-053-5-02,2026-08-29T12:00:00Z,架空市場 運用メモ,運用メモ,#運用メモ,600,33,3,3
INSTAGRAM,demo-market-053-5-03,2026-08-29T12:00:00Z,架空市場 運用メモ,運用メモ,#運用メモ,600,31,3,3
X,demo-market-053-5-04,2026-08-29T12:00:00Z,架空市場 運用メモ,運用メモ,#運用メモ,600,31,3,3
INSTAGRAM,demo-market-053-5-05,2026-08-29T12:00:00Z,架空市場 運用メモ,運用メモ,#運用メモ,600,32,3,3
X,demo-market-053-5-06,2026-08-29T12:00:00Z,架空市場 運用メモ,運用メモ,#運用メモ,600,32,3,3
INSTAGRAM,demo-market-053-5-07,2026-08-29T12:00:00Z,架空市場 運用メモ,運用メモ,#運用メモ,600,32,3,3
X,demo-market-053-5-08,2026-08-29T12:00:00Z,架空市場 運用メモ,運用メモ,#運用メモ,600,30,3,3
INSTAGRAM,demo-market-053-5-09,2026-08-29T12:00:00Z,架空市場 運用メモ,運用メモ,#運用メモ,600,31,3,3
X,demo-market-053-5-10,2026-08-29T12:00:00Z,架空市場 運用メモ,運用メモ,#運用メモ,600,30,3,3
INSTAGRAM,demo-market-053-5-11,2026-08-29T12:00:00Z,架空市場 運用メモ,運用メモ,#運用メモ,600,33,3,3
X,demo-market-054-0-00,2026-08-30T12:00:00Z,架空市場 生成AI研究,生成AI研究,#生成AI研究,1600,80,10,8
INSTAGRAM,demo-market-054-0-01,2026-08-30T12:00:00Z,架空市場 生成AI研究,生成AI研究,#生成AI研究,1600,82,10,8
X,demo-market-054-0-02,2026-08-30T12:00:00Z,架空市場 生成AI研究,生成AI研究,#生成AI研究,1600,81,10,8
INSTAGRAM,demo-market-054-0-03,2026-08-30T12:00:00Z,架空市場 生成AI研究,生成AI研究,#生成AI研究,1600,83,10,8
X,demo-market-054-0-04,2026-08-30T12:00:00Z,架空市場 生成AI研究,生成AI研究,#生成AI研究,1600,81,10,8
X,demo-market-054-1-00,2026-08-30T12:00:00Z,架空市場 効率化実験,効率化実験,#効率化実験,1600,83,10,8
INSTAGRAM,demo-market-054-1-01,2026-08-30T12:00:00Z,架空市場 効率化実験,効率化実験,#効率化実験,1600,81,10,8
X,demo-market-054-1-02,2026-08-30T12:00:00Z,架空市場 効率化実験,効率化実験,#効率化実験,1600,83,10,8
INSTAGRAM,demo-market-054-1-03,2026-08-30T12:00:00Z,架空市場 効率化実験,効率化実験,#効率化実験,1600,81,10,8
X,demo-market-054-1-04,2026-08-30T12:00:00Z,架空市場 効率化実験,効率化実験,#効率化実験,1600,82,10,8
X,demo-market-054-2-00,2026-08-30T12:00:00Z,架空市場 エージェント検証,エージェント検証,#エージェント検証,920,47,5,4
INSTAGRAM,demo-market-054-2-01,2026-08-30T12:00:00Z,架空市場 エージェント検証,エージェント検証,#エージェント検証,920,49,5,4
X,demo-market-054-2-02,2026-08-30T12:00:00Z,架空市場 エージェント検証,エージェント検証,#エージェント検証,920,47,5,4
INSTAGRAM,demo-market-054-2-03,2026-08-30T12:00:00Z,架空市場 エージェント検証,エージェント検証,#エージェント検証,920,49,5,4
X,demo-market-054-2-04,2026-08-30T12:00:00Z,架空市場 エージェント検証,エージェント検証,#エージェント検証,920,49,5,4
INSTAGRAM,demo-market-054-2-05,2026-08-30T12:00:00Z,架空市場 エージェント検証,エージェント検証,#エージェント検証,920,48,5,4
X,demo-market-054-2-06,2026-08-30T12:00:00Z,架空市場 エージェント検証,エージェント検証,#エージェント検証,920,48,5,4
INSTAGRAM,demo-market-054-2-07,2026-08-30T12:00:00Z,架空市場 エージェント検証,エージェント検証,#エージェント検証,920,46,5,4
X,demo-market-054-2-08,2026-08-30T12:00:00Z,架空市場 エージェント検証,エージェント検証,#エージェント検証,920,47,5,4
INSTAGRAM,demo-market-054-2-09,2026-08-30T12:00:00Z,架空市場 エージェント検証,エージェント検証,#エージェント検証,920,46,5,4
X,demo-market-054-2-10,2026-08-30T12:00:00Z,架空市場 エージェント検証,エージェント検証,#エージェント検証,920,47,5,4
INSTAGRAM,demo-market-054-2-11,2026-08-30T12:00:00Z,架空市場 エージェント検証,エージェント検証,#エージェント検証,920,48,5,4
X,demo-market-054-3-00,2026-08-30T12:00:00Z,架空市場 分析ノート,分析ノート,#分析ノート,500,25,3,2
INSTAGRAM,demo-market-054-3-01,2026-08-30T12:00:00Z,架空市場 分析ノート,分析ノート,#分析ノート,500,26,3,2
X,demo-market-054-3-02,2026-08-30T12:00:00Z,架空市場 分析ノート,分析ノート,#分析ノート,500,27,3,2
INSTAGRAM,demo-market-054-3-03,2026-08-30T12:00:00Z,架空市場 分析ノート,分析ノート,#分析ノート,500,26,3,2
X,demo-market-054-3-04,2026-08-30T12:00:00Z,架空市場 分析ノート,分析ノート,#分析ノート,500,26,3,2
INSTAGRAM,demo-market-054-3-05,2026-08-30T12:00:00Z,架空市場 分析ノート,分析ノート,#分析ノート,500,26,3,2
X,demo-market-054-3-06,2026-08-30T12:00:00Z,架空市場 分析ノート,分析ノート,#分析ノート,500,27,3,2
INSTAGRAM,demo-market-054-3-07,2026-08-30T12:00:00Z,架空市場 分析ノート,分析ノート,#分析ノート,500,26,3,2
X,demo-market-054-3-08,2026-08-30T12:00:00Z,架空市場 分析ノート,分析ノート,#分析ノート,500,26,3,2
INSTAGRAM,demo-market-054-3-09,2026-08-30T12:00:00Z,架空市場 分析ノート,分析ノート,#分析ノート,500,27,3,2
X,demo-market-054-4-00,2026-08-30T12:00:00Z,架空市場 動画ラボ,動画ラボ,#動画ラボ,100,5,0,0
INSTAGRAM,demo-market-054-4-01,2026-08-30T12:00:00Z,架空市場 動画ラボ,動画ラボ,#動画ラボ,100,6,0,0
X,demo-market-054-4-02,2026-08-30T12:00:00Z,架空市場 動画ラボ,動画ラボ,#動画ラボ,100,8,0,0
INSTAGRAM,demo-market-054-4-03,2026-08-30T12:00:00Z,架空市場 動画ラボ,動画ラボ,#動画ラボ,100,5,0,0
X,demo-market-054-4-04,2026-08-30T12:00:00Z,架空市場 動画ラボ,動画ラボ,#動画ラボ,100,7,0,0
X,demo-market-054-5-00,2026-08-30T12:00:00Z,架空市場 運用メモ,運用メモ,#運用メモ,600,32,3,3
INSTAGRAM,demo-market-054-5-01,2026-08-30T12:00:00Z,架空市場 運用メモ,運用メモ,#運用メモ,600,33,3,3
X,demo-market-054-5-02,2026-08-30T12:00:00Z,架空市場 運用メモ,運用メモ,#運用メモ,600,33,3,3
INSTAGRAM,demo-market-054-5-03,2026-08-30T12:00:00Z,架空市場 運用メモ,運用メモ,#運用メモ,600,31,3,3
X,demo-market-054-5-04,2026-08-30T12:00:00Z,架空市場 運用メモ,運用メモ,#運用メモ,600,32,3,3
INSTAGRAM,demo-market-054-5-05,2026-08-30T12:00:00Z,架空市場 運用メモ,運用メモ,#運用メモ,600,32,3,3
X,demo-market-054-5-06,2026-08-30T12:00:00Z,架空市場 運用メモ,運用メモ,#運用メモ,600,30,3,3
INSTAGRAM,demo-market-054-5-07,2026-08-30T12:00:00Z,架空市場 運用メモ,運用メモ,#運用メモ,600,32,3,3
X,demo-market-054-5-08,2026-08-30T12:00:00Z,架空市場 運用メモ,運用メモ,#運用メモ,600,31,3,3
INSTAGRAM,demo-market-054-5-09,2026-08-30T12:00:00Z,架空市場 運用メモ,運用メモ,#運用メモ,600,31,3,3
X,demo-market-054-5-10,2026-08-30T12:00:00Z,架空市場 運用メモ,運用メモ,#運用メモ,600,30,3,3
INSTAGRAM,demo-market-054-5-11,2026-08-30T12:00:00Z,架空市場 運用メモ,運用メモ,#運用メモ,600,33,3,3
X,demo-market-054-5-12,2026-08-30T12:00:00Z,架空市場 運用メモ,運用メモ,#運用メモ,600,32,3,3
X,demo-market-055-0-00,2026-08-31T12:00:00Z,架空市場 生成AI研究,生成AI研究,#生成AI研究,1600,83,10,8
INSTAGRAM,demo-market-055-0-01,2026-08-31T12:00:00Z,架空市場 生成AI研究,生成AI研究,#生成AI研究,1600,81,10,8
X,demo-market-055-0-02,2026-08-31T12:00:00Z,架空市場 生成AI研究,生成AI研究,#生成AI研究,1600,81,10,8
INSTAGRAM,demo-market-055-0-03,2026-08-31T12:00:00Z,架空市場 生成AI研究,生成AI研究,#生成AI研究,1600,80,10,8
X,demo-market-055-0-04,2026-08-31T12:00:00Z,架空市場 生成AI研究,生成AI研究,#生成AI研究,1600,80,10,8
X,demo-market-055-1-00,2026-08-31T12:00:00Z,架空市場 効率化実験,効率化実験,#効率化実験,1600,80,10,8
INSTAGRAM,demo-market-055-1-01,2026-08-31T12:00:00Z,架空市場 効率化実験,効率化実験,#効率化実験,1600,83,10,8
X,demo-market-055-1-02,2026-08-31T12:00:00Z,架空市場 効率化実験,効率化実験,#効率化実験,1600,81,10,8
INSTAGRAM,demo-market-055-1-03,2026-08-31T12:00:00Z,架空市場 効率化実験,効率化実験,#効率化実験,1600,82,10,8
X,demo-market-055-1-04,2026-08-31T12:00:00Z,架空市場 効率化実験,効率化実験,#効率化実験,1600,80,10,8
X,demo-market-055-2-00,2026-08-31T12:00:00Z,架空市場 エージェント検証,エージェント検証,#エージェント検証,900,45,5,4
INSTAGRAM,demo-market-055-2-01,2026-08-31T12:00:00Z,架空市場 エージェント検証,エージェント検証,#エージェント検証,900,48,5,4
X,demo-market-055-2-02,2026-08-31T12:00:00Z,架空市場 エージェント検証,エージェント検証,#エージェント検証,900,48,5,4
INSTAGRAM,demo-market-055-2-03,2026-08-31T12:00:00Z,架空市場 エージェント検証,エージェント検証,#エージェント検証,900,45,5,4
X,demo-market-055-2-04,2026-08-31T12:00:00Z,架空市場 エージェント検証,エージェント検証,#エージェント検証,900,48,5,4
INSTAGRAM,demo-market-055-2-05,2026-08-31T12:00:00Z,架空市場 エージェント検証,エージェント検証,#エージェント検証,900,48,5,4
X,demo-market-055-2-06,2026-08-31T12:00:00Z,架空市場 エージェント検証,エージェント検証,#エージェント検証,900,46,5,4
INSTAGRAM,demo-market-055-2-07,2026-08-31T12:00:00Z,架空市場 エージェント検証,エージェント検証,#エージェント検証,900,47,5,4
X,demo-market-055-2-08,2026-08-31T12:00:00Z,架空市場 エージェント検証,エージェント検証,#エージェント検証,900,45,5,4
INSTAGRAM,demo-market-055-2-09,2026-08-31T12:00:00Z,架空市場 エージェント検証,エージェント検証,#エージェント検証,900,45,5,4
X,demo-market-055-2-10,2026-08-31T12:00:00Z,架空市場 エージェント検証,エージェント検証,#エージェント検証,900,46,5,4
INSTAGRAM,demo-market-055-2-11,2026-08-31T12:00:00Z,架空市場 エージェント検証,エージェント検証,#エージェント検証,900,47,5,4
X,demo-market-055-3-00,2026-08-31T12:00:00Z,架空市場 分析ノート,分析ノート,#分析ノート,500,27,3,2
INSTAGRAM,demo-market-055-3-01,2026-08-31T12:00:00Z,架空市場 分析ノート,分析ノート,#分析ノート,500,28,3,2
X,demo-market-055-3-02,2026-08-31T12:00:00Z,架空市場 分析ノート,分析ノート,#分析ノート,500,26,3,2
INSTAGRAM,demo-market-055-3-03,2026-08-31T12:00:00Z,架空市場 分析ノート,分析ノート,#分析ノート,500,28,3,2
X,demo-market-055-3-04,2026-08-31T12:00:00Z,架空市場 分析ノート,分析ノート,#分析ノート,500,28,3,2
INSTAGRAM,demo-market-055-3-05,2026-08-31T12:00:00Z,架空市場 分析ノート,分析ノート,#分析ノート,500,28,3,2
X,demo-market-055-3-06,2026-08-31T12:00:00Z,架空市場 分析ノート,分析ノート,#分析ノート,500,27,3,2
INSTAGRAM,demo-market-055-3-07,2026-08-31T12:00:00Z,架空市場 分析ノート,分析ノート,#分析ノート,500,28,3,2
X,demo-market-055-3-08,2026-08-31T12:00:00Z,架空市場 分析ノート,分析ノート,#分析ノート,500,28,3,2
INSTAGRAM,demo-market-055-3-09,2026-08-31T12:00:00Z,架空市場 分析ノート,分析ノート,#分析ノート,500,25,3,2
X,demo-market-055-4-00,2026-08-31T12:00:00Z,架空市場 動画ラボ,動画ラボ,#動画ラボ,100,5,0,0
INSTAGRAM,demo-market-055-4-01,2026-08-31T12:00:00Z,架空市場 動画ラボ,動画ラボ,#動画ラボ,100,6,0,0
X,demo-market-055-4-02,2026-08-31T12:00:00Z,架空市場 動画ラボ,動画ラボ,#動画ラボ,100,6,0,0
INSTAGRAM,demo-market-055-4-03,2026-08-31T12:00:00Z,架空市場 動画ラボ,動画ラボ,#動画ラボ,100,6,0,0
X,demo-market-055-4-04,2026-08-31T12:00:00Z,架空市場 動画ラボ,動画ラボ,#動画ラボ,100,8,0,0
X,demo-market-055-5-00,2026-08-31T12:00:00Z,架空市場 運用メモ,運用メモ,#運用メモ,600,32,3,3
INSTAGRAM,demo-market-055-5-01,2026-08-31T12:00:00Z,架空市場 運用メモ,運用メモ,#運用メモ,600,33,3,3
X,demo-market-055-5-02,2026-08-31T12:00:00Z,架空市場 運用メモ,運用メモ,#運用メモ,600,33,3,3
INSTAGRAM,demo-market-055-5-03,2026-08-31T12:00:00Z,架空市場 運用メモ,運用メモ,#運用メモ,600,32,3,3
X,demo-market-055-5-04,2026-08-31T12:00:00Z,架空市場 運用メモ,運用メモ,#運用メモ,600,32,3,3
INSTAGRAM,demo-market-055-5-05,2026-08-31T12:00:00Z,架空市場 運用メモ,運用メモ,#運用メモ,600,31,3,3
X,demo-market-055-5-06,2026-08-31T12:00:00Z,架空市場 運用メモ,運用メモ,#運用メモ,600,32,3,3
INSTAGRAM,demo-market-055-5-07,2026-08-31T12:00:00Z,架空市場 運用メモ,運用メモ,#運用メモ,600,30,3,3
X,demo-market-055-5-08,2026-08-31T12:00:00Z,架空市場 運用メモ,運用メモ,#運用メモ,600,32,3,3
INSTAGRAM,demo-market-055-5-09,2026-08-31T12:00:00Z,架空市場 運用メモ,運用メモ,#運用メモ,600,30,3,3
X,demo-market-055-5-10,2026-08-31T12:00:00Z,架空市場 運用メモ,運用メモ,#運用メモ,600,32,3,3
INSTAGRAM,demo-market-055-5-11,2026-08-31T12:00:00Z,架空市場 運用メモ,運用メモ,#運用メモ,600,30,3,3
X,demo-market-055-5-12,2026-08-31T12:00:00Z,架空市場 運用メモ,運用メモ,#運用メモ,600,31,3,3
X,demo-market-056-0-00,2026-09-01T12:00:00Z,架空市場 生成AI研究,生成AI研究,#生成AI研究,1600,83,10,8
INSTAGRAM,demo-market-056-0-01,2026-09-01T12:00:00Z,架空市場 生成AI研究,生成AI研究,#生成AI研究,1600,81,10,8
X,demo-market-056-0-02,2026-09-01T12:00:00Z,架空市場 生成AI研究,生成AI研究,#生成AI研究,1600,82,10,8
INSTAGRAM,demo-market-056-0-03,2026-09-01T12:00:00Z,架空市場 生成AI研究,生成AI研究,#生成AI研究,1600,81,10,8
X,demo-market-056-0-04,2026-09-01T12:00:00Z,架空市場 生成AI研究,生成AI研究,#生成AI研究,1600,81,10,8
X,demo-market-056-1-00,2026-09-01T12:00:00Z,架空市場 効率化実験,効率化実験,#効率化実験,1600,83,10,8
INSTAGRAM,demo-market-056-1-01,2026-09-01T12:00:00Z,架空市場 効率化実験,効率化実験,#効率化実験,1600,81,10,8
X,demo-market-056-1-02,2026-09-01T12:00:00Z,架空市場 効率化実験,効率化実験,#効率化実験,1600,83,10,8
INSTAGRAM,demo-market-056-1-03,2026-09-01T12:00:00Z,架空市場 効率化実験,効率化実験,#効率化実験,1600,83,10,8
X,demo-market-056-1-04,2026-09-01T12:00:00Z,架空市場 効率化実験,効率化実験,#効率化実験,1600,80,10,8
X,demo-market-056-2-00,2026-09-01T12:00:00Z,架空市場 エージェント検証,エージェント検証,#エージェント検証,880,44,5,4
INSTAGRAM,demo-market-056-2-01,2026-09-01T12:00:00Z,架空市場 エージェント検証,エージェント検証,#エージェント検証,880,44,5,4
X,demo-market-056-2-02,2026-09-01T12:00:00Z,架空市場 エージェント検証,エージェント検証,#エージェント検証,880,44,5,4
INSTAGRAM,demo-market-056-2-03,2026-09-01T12:00:00Z,架空市場 エージェント検証,エージェント検証,#エージェント検証,880,45,5,4
X,demo-market-056-2-04,2026-09-01T12:00:00Z,架空市場 エージェント検証,エージェント検証,#エージェント検証,880,45,5,4
INSTAGRAM,demo-market-056-2-05,2026-09-01T12:00:00Z,架空市場 エージェント検証,エージェント検証,#エージェント検証,880,44,5,4
X,demo-market-056-2-06,2026-09-01T12:00:00Z,架空市場 エージェント検証,エージェント検証,#エージェント検証,880,46,5,4
INSTAGRAM,demo-market-056-2-07,2026-09-01T12:00:00Z,架空市場 エージェント検証,エージェント検証,#エージェント検証,880,45,5,4
X,demo-market-056-2-08,2026-09-01T12:00:00Z,架空市場 エージェント検証,エージェント検証,#エージェント検証,880,46,5,4
INSTAGRAM,demo-market-056-2-09,2026-09-01T12:00:00Z,架空市場 エージェント検証,エージェント検証,#エージェント検証,880,44,5,4
X,demo-market-056-2-10,2026-09-01T12:00:00Z,架空市場 エージェント検証,エージェント検証,#エージェント検証,880,47,5,4
INSTAGRAM,demo-market-056-2-11,2026-09-01T12:00:00Z,架空市場 エージェント検証,エージェント検証,#エージェント検証,880,46,5,4
X,demo-market-056-3-00,2026-09-01T12:00:00Z,架空市場 分析ノート,分析ノート,#分析ノート,500,28,3,2
INSTAGRAM,demo-market-056-3-01,2026-09-01T12:00:00Z,架空市場 分析ノート,分析ノート,#分析ノート,500,28,3,2
X,demo-market-056-3-02,2026-09-01T12:00:00Z,架空市場 分析ノート,分析ノート,#分析ノート,500,26,3,2
INSTAGRAM,demo-market-056-3-03,2026-09-01T12:00:00Z,架空市場 分析ノート,分析ノート,#分析ノート,500,27,3,2
X,demo-market-056-3-04,2026-09-01T12:00:00Z,架空市場 分析ノート,分析ノート,#分析ノート,500,27,3,2
INSTAGRAM,demo-market-056-3-05,2026-09-01T12:00:00Z,架空市場 分析ノート,分析ノート,#分析ノート,500,25,3,2
X,demo-market-056-3-06,2026-09-01T12:00:00Z,架空市場 分析ノート,分析ノート,#分析ノート,500,27,3,2
INSTAGRAM,demo-market-056-3-07,2026-09-01T12:00:00Z,架空市場 分析ノート,分析ノート,#分析ノート,500,26,3,2
X,demo-market-056-3-08,2026-09-01T12:00:00Z,架空市場 分析ノート,分析ノート,#分析ノート,500,25,3,2
INSTAGRAM,demo-market-056-3-09,2026-09-01T12:00:00Z,架空市場 分析ノート,分析ノート,#分析ノート,500,26,3,2
X,demo-market-056-4-00,2026-09-01T12:00:00Z,架空市場 動画ラボ,動画ラボ,#動画ラボ,100,5,0,0
INSTAGRAM,demo-market-056-4-01,2026-09-01T12:00:00Z,架空市場 動画ラボ,動画ラボ,#動画ラボ,100,5,0,0
X,demo-market-056-4-02,2026-09-01T12:00:00Z,架空市場 動画ラボ,動画ラボ,#動画ラボ,100,7,0,0
INSTAGRAM,demo-market-056-4-03,2026-09-01T12:00:00Z,架空市場 動画ラボ,動画ラボ,#動画ラボ,100,5,0,0
X,demo-market-056-4-04,2026-09-01T12:00:00Z,架空市場 動画ラボ,動画ラボ,#動画ラボ,100,5,0,0
X,demo-market-056-5-00,2026-09-01T12:00:00Z,架空市場 運用メモ,運用メモ,#運用メモ,600,30,3,3
INSTAGRAM,demo-market-056-5-01,2026-09-01T12:00:00Z,架空市場 運用メモ,運用メモ,#運用メモ,600,31,3,3
X,demo-market-056-5-02,2026-09-01T12:00:00Z,架空市場 運用メモ,運用メモ,#運用メモ,600,30,3,3
INSTAGRAM,demo-market-056-5-03,2026-09-01T12:00:00Z,架空市場 運用メモ,運用メモ,#運用メモ,600,30,3,3
X,demo-market-056-5-04,2026-09-01T12:00:00Z,架空市場 運用メモ,運用メモ,#運用メモ,600,31,3,3
INSTAGRAM,demo-market-056-5-05,2026-09-01T12:00:00Z,架空市場 運用メモ,運用メモ,#運用メモ,600,31,3,3
X,demo-market-056-5-06,2026-09-01T12:00:00Z,架空市場 運用メモ,運用メモ,#運用メモ,600,31,3,3
INSTAGRAM,demo-market-056-5-07,2026-09-01T12:00:00Z,架空市場 運用メモ,運用メモ,#運用メモ,600,33,3,3
X,demo-market-056-5-08,2026-09-01T12:00:00Z,架空市場 運用メモ,運用メモ,#運用メモ,600,31,3,3
INSTAGRAM,demo-market-056-5-09,2026-09-01T12:00:00Z,架空市場 運用メモ,運用メモ,#運用メモ,600,32,3,3
X,demo-market-056-5-10,2026-09-01T12:00:00Z,架空市場 運用メモ,運用メモ,#運用メモ,600,32,3,3
INSTAGRAM,demo-market-056-5-11,2026-09-01T12:00:00Z,架空市場 運用メモ,運用メモ,#運用メモ,600,31,3,3
X,demo-market-056-5-12,2026-09-01T12:00:00Z,架空市場 運用メモ,運用メモ,#運用メモ,600,32,3,3
X,demo-market-057-0-00,2026-09-02T12:00:00Z,架空市場 生成AI研究,生成AI研究,#生成AI研究,1600,80,10,8
INSTAGRAM,demo-market-057-0-01,2026-09-02T12:00:00Z,架空市場 生成AI研究,生成AI研究,#生成AI研究,1600,82,10,8
X,demo-market-057-0-02,2026-09-02T12:00:00Z,架空市場 生成AI研究,生成AI研究,#生成AI研究,1600,83,10,8
INSTAGRAM,demo-market-057-0-03,2026-09-02T12:00:00Z,架空市場 生成AI研究,生成AI研究,#生成AI研究,1600,81,10,8
X,demo-market-057-0-04,2026-09-02T12:00:00Z,架空市場 生成AI研究,生成AI研究,#生成AI研究,1600,80,10,8
X,demo-market-057-1-00,2026-09-02T12:00:00Z,架空市場 効率化実験,効率化実験,#効率化実験,1600,81,10,8
INSTAGRAM,demo-market-057-1-01,2026-09-02T12:00:00Z,架空市場 効率化実験,効率化実験,#効率化実験,1600,82,10,8
X,demo-market-057-1-02,2026-09-02T12:00:00Z,架空市場 効率化実験,効率化実験,#効率化実験,1600,80,10,8
INSTAGRAM,demo-market-057-1-03,2026-09-02T12:00:00Z,架空市場 効率化実験,効率化実験,#効率化実験,1600,82,10,8
X,demo-market-057-1-04,2026-09-02T12:00:00Z,架空市場 効率化実験,効率化実験,#効率化実験,1600,82,10,8
X,demo-market-057-2-00,2026-09-02T12:00:00Z,架空市場 エージェント検証,エージェント検証,#エージェント検証,860,46,5,4
INSTAGRAM,demo-market-057-2-01,2026-09-02T12:00:00Z,架空市場 エージェント検証,エージェント検証,#エージェント検証,860,45,5,4
X,demo-market-057-2-02,2026-09-02T12:00:00Z,架空市場 エージェント検証,エージェント検証,#エージェント検証,860,46,5,4
INSTAGRAM,demo-market-057-2-03,2026-09-02T12:00:00Z,架空市場 エージェント検証,エージェント検証,#エージェント検証,860,45,5,4
X,demo-market-057-2-04,2026-09-02T12:00:00Z,架空市場 エージェント検証,エージェント検証,#エージェント検証,860,43,5,4
INSTAGRAM,demo-market-057-2-05,2026-09-02T12:00:00Z,架空市場 エージェント検証,エージェント検証,#エージェント検証,860,46,5,4
X,demo-market-057-2-06,2026-09-02T12:00:00Z,架空市場 エージェント検証,エージェント検証,#エージェント検証,860,44,5,4
INSTAGRAM,demo-market-057-2-07,2026-09-02T12:00:00Z,架空市場 エージェント検証,エージェント検証,#エージェント検証,860,46,5,4
X,demo-market-057-2-08,2026-09-02T12:00:00Z,架空市場 エージェント検証,エージェント検証,#エージェント検証,860,45,5,4
INSTAGRAM,demo-market-057-2-09,2026-09-02T12:00:00Z,架空市場 エージェント検証,エージェント検証,#エージェント検証,860,45,5,4
X,demo-market-057-2-10,2026-09-02T12:00:00Z,架空市場 エージェント検証,エージェント検証,#エージェント検証,860,44,5,4
INSTAGRAM,demo-market-057-2-11,2026-09-02T12:00:00Z,架空市場 エージェント検証,エージェント検証,#エージェント検証,860,46,5,4
X,demo-market-057-3-00,2026-09-02T12:00:00Z,架空市場 分析ノート,分析ノート,#分析ノート,500,25,3,2
INSTAGRAM,demo-market-057-3-01,2026-09-02T12:00:00Z,架空市場 分析ノート,分析ノート,#分析ノート,500,25,3,2
X,demo-market-057-3-02,2026-09-02T12:00:00Z,架空市場 分析ノート,分析ノート,#分析ノート,500,26,3,2
INSTAGRAM,demo-market-057-3-03,2026-09-02T12:00:00Z,架空市場 分析ノート,分析ノート,#分析ノート,500,28,3,2
X,demo-market-057-3-04,2026-09-02T12:00:00Z,架空市場 分析ノート,分析ノート,#分析ノート,500,25,3,2
INSTAGRAM,demo-market-057-3-05,2026-09-02T12:00:00Z,架空市場 分析ノート,分析ノート,#分析ノート,500,27,3,2
X,demo-market-057-3-06,2026-09-02T12:00:00Z,架空市場 分析ノート,分析ノート,#分析ノート,500,26,3,2
INSTAGRAM,demo-market-057-3-07,2026-09-02T12:00:00Z,架空市場 分析ノート,分析ノート,#分析ノート,500,27,3,2
X,demo-market-057-3-08,2026-09-02T12:00:00Z,架空市場 分析ノート,分析ノート,#分析ノート,500,25,3,2
INSTAGRAM,demo-market-057-3-09,2026-09-02T12:00:00Z,架空市場 分析ノート,分析ノート,#分析ノート,500,26,3,2
X,demo-market-057-4-00,2026-09-02T12:00:00Z,架空市場 動画ラボ,動画ラボ,#動画ラボ,100,5,0,0
INSTAGRAM,demo-market-057-4-01,2026-09-02T12:00:00Z,架空市場 動画ラボ,動画ラボ,#動画ラボ,100,8,0,0
X,demo-market-057-4-02,2026-09-02T12:00:00Z,架空市場 動画ラボ,動画ラボ,#動画ラボ,100,5,0,0
INSTAGRAM,demo-market-057-4-03,2026-09-02T12:00:00Z,架空市場 動画ラボ,動画ラボ,#動画ラボ,100,5,0,0
X,demo-market-057-4-04,2026-09-02T12:00:00Z,架空市場 動画ラボ,動画ラボ,#動画ラボ,100,5,0,0
X,demo-market-057-5-00,2026-09-02T12:00:00Z,架空市場 運用メモ,運用メモ,#運用メモ,600,30,3,3
INSTAGRAM,demo-market-057-5-01,2026-09-02T12:00:00Z,架空市場 運用メモ,運用メモ,#運用メモ,600,30,3,3
X,demo-market-057-5-02,2026-09-02T12:00:00Z,架空市場 運用メモ,運用メモ,#運用メモ,600,30,3,3
INSTAGRAM,demo-market-057-5-03,2026-09-02T12:00:00Z,架空市場 運用メモ,運用メモ,#運用メモ,600,30,3,3
X,demo-market-057-5-04,2026-09-02T12:00:00Z,架空市場 運用メモ,運用メモ,#運用メモ,600,32,3,3
INSTAGRAM,demo-market-057-5-05,2026-09-02T12:00:00Z,架空市場 運用メモ,運用メモ,#運用メモ,600,30,3,3
X,demo-market-057-5-06,2026-09-02T12:00:00Z,架空市場 運用メモ,運用メモ,#運用メモ,600,31,3,3
INSTAGRAM,demo-market-057-5-07,2026-09-02T12:00:00Z,架空市場 運用メモ,運用メモ,#運用メモ,600,32,3,3
X,demo-market-057-5-08,2026-09-02T12:00:00Z,架空市場 運用メモ,運用メモ,#運用メモ,600,30,3,3
INSTAGRAM,demo-market-057-5-09,2026-09-02T12:00:00Z,架空市場 運用メモ,運用メモ,#運用メモ,600,30,3,3
X,demo-market-057-5-10,2026-09-02T12:00:00Z,架空市場 運用メモ,運用メモ,#運用メモ,600,32,3,3
INSTAGRAM,demo-market-057-5-11,2026-09-02T12:00:00Z,架空市場 運用メモ,運用メモ,#運用メモ,600,32,3,3
X,demo-market-057-5-12,2026-09-02T12:00:00Z,架空市場 運用メモ,運用メモ,#運用メモ,600,31,3,3
X,demo-market-058-0-00,2026-09-03T12:00:00Z,架空市場 生成AI研究,生成AI研究,#生成AI研究,1600,83,10,8
INSTAGRAM,demo-market-058-0-01,2026-09-03T12:00:00Z,架空市場 生成AI研究,生成AI研究,#生成AI研究,1600,81,10,8
X,demo-market-058-0-02,2026-09-03T12:00:00Z,架空市場 生成AI研究,生成AI研究,#生成AI研究,1600,82,10,8
INSTAGRAM,demo-market-058-0-03,2026-09-03T12:00:00Z,架空市場 生成AI研究,生成AI研究,#生成AI研究,1600,82,10,8
X,demo-market-058-0-04,2026-09-03T12:00:00Z,架空市場 生成AI研究,生成AI研究,#生成AI研究,1600,81,10,8
INSTAGRAM,demo-market-058-0-05,2026-09-03T12:00:00Z,架空市場 生成AI研究,生成AI研究,#生成AI研究,1600,83,10,8
X,demo-market-058-1-00,2026-09-03T12:00:00Z,架空市場 効率化実験,効率化実験,#効率化実験,1600,81,10,8
INSTAGRAM,demo-market-058-1-01,2026-09-03T12:00:00Z,架空市場 効率化実験,効率化実験,#効率化実験,1600,82,10,8
X,demo-market-058-1-02,2026-09-03T12:00:00Z,架空市場 効率化実験,効率化実験,#効率化実験,1600,81,10,8
INSTAGRAM,demo-market-058-1-03,2026-09-03T12:00:00Z,架空市場 効率化実験,効率化実験,#効率化実験,1600,80,10,8
X,demo-market-058-1-04,2026-09-03T12:00:00Z,架空市場 効率化実験,効率化実験,#効率化実験,1600,83,10,8
X,demo-market-058-2-00,2026-09-03T12:00:00Z,架空市場 エージェント検証,エージェント検証,#エージェント検証,840,44,5,4
INSTAGRAM,demo-market-058-2-01,2026-09-03T12:00:00Z,架空市場 エージェント検証,エージェント検証,#エージェント検証,840,42,5,4
X,demo-market-058-2-02,2026-09-03T12:00:00Z,架空市場 エージェント検証,エージェント検証,#エージェント検証,840,43,5,4
INSTAGRAM,demo-market-058-2-03,2026-09-03T12:00:00Z,架空市場 エージェント検証,エージェント検証,#エージェント検証,840,44,5,4
X,demo-market-058-2-04,2026-09-03T12:00:00Z,架空市場 エージェント検証,エージェント検証,#エージェント検証,840,43,5,4
INSTAGRAM,demo-market-058-2-05,2026-09-03T12:00:00Z,架空市場 エージェント検証,エージェント検証,#エージェント検証,840,43,5,4
X,demo-market-058-2-06,2026-09-03T12:00:00Z,架空市場 エージェント検証,エージェント検証,#エージェント検証,840,43,5,4
INSTAGRAM,demo-market-058-2-07,2026-09-03T12:00:00Z,架空市場 エージェント検証,エージェント検証,#エージェント検証,840,45,5,4
X,demo-market-058-2-08,2026-09-03T12:00:00Z,架空市場 エージェント検証,エージェント検証,#エージェント検証,840,44,5,4
INSTAGRAM,demo-market-058-2-09,2026-09-03T12:00:00Z,架空市場 エージェント検証,エージェント検証,#エージェント検証,840,43,5,4
X,demo-market-058-2-10,2026-09-03T12:00:00Z,架空市場 エージェント検証,エージェント検証,#エージェント検証,840,42,5,4
X,demo-market-058-3-00,2026-09-03T12:00:00Z,架空市場 分析ノート,分析ノート,#分析ノート,500,27,3,2
INSTAGRAM,demo-market-058-3-01,2026-09-03T12:00:00Z,架空市場 分析ノート,分析ノート,#分析ノート,500,26,3,2
X,demo-market-058-3-02,2026-09-03T12:00:00Z,架空市場 分析ノート,分析ノート,#分析ノート,500,26,3,2
INSTAGRAM,demo-market-058-3-03,2026-09-03T12:00:00Z,架空市場 分析ノート,分析ノート,#分析ノート,500,26,3,2
X,demo-market-058-3-04,2026-09-03T12:00:00Z,架空市場 分析ノート,分析ノート,#分析ノート,500,27,3,2
INSTAGRAM,demo-market-058-3-05,2026-09-03T12:00:00Z,架空市場 分析ノート,分析ノート,#分析ノート,500,28,3,2
X,demo-market-058-3-06,2026-09-03T12:00:00Z,架空市場 分析ノート,分析ノート,#分析ノート,500,25,3,2
INSTAGRAM,demo-market-058-3-07,2026-09-03T12:00:00Z,架空市場 分析ノート,分析ノート,#分析ノート,500,26,3,2
X,demo-market-058-3-08,2026-09-03T12:00:00Z,架空市場 分析ノート,分析ノート,#分析ノート,500,25,3,2
INSTAGRAM,demo-market-058-3-09,2026-09-03T12:00:00Z,架空市場 分析ノート,分析ノート,#分析ノート,500,25,3,2
X,demo-market-058-4-00,2026-09-03T12:00:00Z,架空市場 動画ラボ,動画ラボ,#動画ラボ,100,6,0,0
INSTAGRAM,demo-market-058-4-01,2026-09-03T12:00:00Z,架空市場 動画ラボ,動画ラボ,#動画ラボ,100,7,0,0
X,demo-market-058-4-02,2026-09-03T12:00:00Z,架空市場 動画ラボ,動画ラボ,#動画ラボ,100,8,0,0
INSTAGRAM,demo-market-058-4-03,2026-09-03T12:00:00Z,架空市場 動画ラボ,動画ラボ,#動画ラボ,100,6,0,0
X,demo-market-058-4-04,2026-09-03T12:00:00Z,架空市場 動画ラボ,動画ラボ,#動画ラボ,100,6,0,0
X,demo-market-058-5-00,2026-09-03T12:00:00Z,架空市場 運用メモ,運用メモ,#運用メモ,600,32,3,3
INSTAGRAM,demo-market-058-5-01,2026-09-03T12:00:00Z,架空市場 運用メモ,運用メモ,#運用メモ,600,30,3,3
X,demo-market-058-5-02,2026-09-03T12:00:00Z,架空市場 運用メモ,運用メモ,#運用メモ,600,30,3,3
INSTAGRAM,demo-market-058-5-03,2026-09-03T12:00:00Z,架空市場 運用メモ,運用メモ,#運用メモ,600,33,3,3
X,demo-market-058-5-04,2026-09-03T12:00:00Z,架空市場 運用メモ,運用メモ,#運用メモ,600,30,3,3
INSTAGRAM,demo-market-058-5-05,2026-09-03T12:00:00Z,架空市場 運用メモ,運用メモ,#運用メモ,600,30,3,3
X,demo-market-058-5-06,2026-09-03T12:00:00Z,架空市場 運用メモ,運用メモ,#運用メモ,600,30,3,3
INSTAGRAM,demo-market-058-5-07,2026-09-03T12:00:00Z,架空市場 運用メモ,運用メモ,#運用メモ,600,33,3,3
X,demo-market-058-5-08,2026-09-03T12:00:00Z,架空市場 運用メモ,運用メモ,#運用メモ,600,30,3,3
INSTAGRAM,demo-market-058-5-09,2026-09-03T12:00:00Z,架空市場 運用メモ,運用メモ,#運用メモ,600,32,3,3
X,demo-market-058-5-10,2026-09-03T12:00:00Z,架空市場 運用メモ,運用メモ,#運用メモ,600,31,3,3
INSTAGRAM,demo-market-058-5-11,2026-09-03T12:00:00Z,架空市場 運用メモ,運用メモ,#運用メモ,600,33,3,3
X,demo-market-058-5-12,2026-09-03T12:00:00Z,架空市場 運用メモ,運用メモ,#運用メモ,600,31,3,3
X,demo-market-059-0-00,2026-09-04T12:00:00Z,架空市場 生成AI研究,生成AI研究,#生成AI研究,1600,83,10,8
INSTAGRAM,demo-market-059-0-01,2026-09-04T12:00:00Z,架空市場 生成AI研究,生成AI研究,#生成AI研究,1600,83,10,8
X,demo-market-059-0-02,2026-09-04T12:00:00Z,架空市場 生成AI研究,生成AI研究,#生成AI研究,1600,83,10,8
INSTAGRAM,demo-market-059-0-03,2026-09-04T12:00:00Z,架空市場 生成AI研究,生成AI研究,#生成AI研究,1600,82,10,8
X,demo-market-059-0-04,2026-09-04T12:00:00Z,架空市場 生成AI研究,生成AI研究,#生成AI研究,1600,80,10,8
INSTAGRAM,demo-market-059-0-05,2026-09-04T12:00:00Z,架空市場 生成AI研究,生成AI研究,#生成AI研究,1600,82,10,8
X,demo-market-059-0-06,2026-09-04T12:00:00Z,架空市場 生成AI研究,生成AI研究,#生成AI研究,1600,80,10,8
X,demo-market-059-1-00,2026-09-04T12:00:00Z,架空市場 効率化実験,効率化実験,#効率化実験,1600,82,10,8
INSTAGRAM,demo-market-059-1-01,2026-09-04T12:00:00Z,架空市場 効率化実験,効率化実験,#効率化実験,1600,83,10,8
X,demo-market-059-1-02,2026-09-04T12:00:00Z,架空市場 効率化実験,効率化実験,#効率化実験,1600,82,10,8
INSTAGRAM,demo-market-059-1-03,2026-09-04T12:00:00Z,架空市場 効率化実験,効率化実験,#効率化実験,1600,80,10,8
X,demo-market-059-1-04,2026-09-04T12:00:00Z,架空市場 効率化実験,効率化実験,#効率化実験,1600,80,10,8
X,demo-market-059-2-00,2026-09-04T12:00:00Z,架空市場 エージェント検証,エージェント検証,#エージェント検証,820,43,5,4
INSTAGRAM,demo-market-059-2-01,2026-09-04T12:00:00Z,架空市場 エージェント検証,エージェント検証,#エージェント検証,820,44,5,4
X,demo-market-059-2-02,2026-09-04T12:00:00Z,架空市場 エージェント検証,エージェント検証,#エージェント検証,820,44,5,4
INSTAGRAM,demo-market-059-2-03,2026-09-04T12:00:00Z,架空市場 エージェント検証,エージェント検証,#エージェント検証,820,42,5,4
X,demo-market-059-2-04,2026-09-04T12:00:00Z,架空市場 エージェント検証,エージェント検証,#エージェント検証,820,43,5,4
INSTAGRAM,demo-market-059-2-05,2026-09-04T12:00:00Z,架空市場 エージェント検証,エージェント検証,#エージェント検証,820,43,5,4
X,demo-market-059-2-06,2026-09-04T12:00:00Z,架空市場 エージェント検証,エージェント検証,#エージェント検証,820,41,5,4
INSTAGRAM,demo-market-059-2-07,2026-09-04T12:00:00Z,架空市場 エージェント検証,エージェント検証,#エージェント検証,820,44,5,4
X,demo-market-059-2-08,2026-09-04T12:00:00Z,架空市場 エージェント検証,エージェント検証,#エージェント検証,820,41,5,4
INSTAGRAM,demo-market-059-2-09,2026-09-04T12:00:00Z,架空市場 エージェント検証,エージェント検証,#エージェント検証,820,43,5,4
X,demo-market-059-2-10,2026-09-04T12:00:00Z,架空市場 エージェント検証,エージェント検証,#エージェント検証,820,41,5,4
X,demo-market-059-3-00,2026-09-04T12:00:00Z,架空市場 分析ノート,分析ノート,#分析ノート,500,27,3,2
INSTAGRAM,demo-market-059-3-01,2026-09-04T12:00:00Z,架空市場 分析ノート,分析ノート,#分析ノート,500,28,3,2
X,demo-market-059-3-02,2026-09-04T12:00:00Z,架空市場 分析ノート,分析ノート,#分析ノート,500,26,3,2
INSTAGRAM,demo-market-059-3-03,2026-09-04T12:00:00Z,架空市場 分析ノート,分析ノート,#分析ノート,500,28,3,2
X,demo-market-059-3-04,2026-09-04T12:00:00Z,架空市場 分析ノート,分析ノート,#分析ノート,500,25,3,2
INSTAGRAM,demo-market-059-3-05,2026-09-04T12:00:00Z,架空市場 分析ノート,分析ノート,#分析ノート,500,28,3,2
X,demo-market-059-3-06,2026-09-04T12:00:00Z,架空市場 分析ノート,分析ノート,#分析ノート,500,28,3,2
INSTAGRAM,demo-market-059-3-07,2026-09-04T12:00:00Z,架空市場 分析ノート,分析ノート,#分析ノート,500,27,3,2
X,demo-market-059-3-08,2026-09-04T12:00:00Z,架空市場 分析ノート,分析ノート,#分析ノート,500,28,3,2
INSTAGRAM,demo-market-059-3-09,2026-09-04T12:00:00Z,架空市場 分析ノート,分析ノート,#分析ノート,500,28,3,2
X,demo-market-059-4-00,2026-09-04T12:00:00Z,架空市場 動画ラボ,動画ラボ,#動画ラボ,100,5,0,0
INSTAGRAM,demo-market-059-4-01,2026-09-04T12:00:00Z,架空市場 動画ラボ,動画ラボ,#動画ラボ,100,6,0,0
X,demo-market-059-4-02,2026-09-04T12:00:00Z,架空市場 動画ラボ,動画ラボ,#動画ラボ,100,7,0,0
INSTAGRAM,demo-market-059-4-03,2026-09-04T12:00:00Z,架空市場 動画ラボ,動画ラボ,#動画ラボ,100,8,0,0
X,demo-market-059-5-00,2026-09-04T12:00:00Z,架空市場 運用メモ,運用メモ,#運用メモ,600,31,3,3
INSTAGRAM,demo-market-059-5-01,2026-09-04T12:00:00Z,架空市場 運用メモ,運用メモ,#運用メモ,600,30,3,3
X,demo-market-059-5-02,2026-09-04T12:00:00Z,架空市場 運用メモ,運用メモ,#運用メモ,600,33,3,3
INSTAGRAM,demo-market-059-5-03,2026-09-04T12:00:00Z,架空市場 運用メモ,運用メモ,#運用メモ,600,32,3,3
X,demo-market-059-5-04,2026-09-04T12:00:00Z,架空市場 運用メモ,運用メモ,#運用メモ,600,31,3,3
INSTAGRAM,demo-market-059-5-05,2026-09-04T12:00:00Z,架空市場 運用メモ,運用メモ,#運用メモ,600,32,3,3
X,demo-market-059-5-06,2026-09-04T12:00:00Z,架空市場 運用メモ,運用メモ,#運用メモ,600,31,3,3
INSTAGRAM,demo-market-059-5-07,2026-09-04T12:00:00Z,架空市場 運用メモ,運用メモ,#運用メモ,600,31,3,3
X,demo-market-059-5-08,2026-09-04T12:00:00Z,架空市場 運用メモ,運用メモ,#運用メモ,600,32,3,3
INSTAGRAM,demo-market-059-5-09,2026-09-04T12:00:00Z,架空市場 運用メモ,運用メモ,#運用メモ,600,31,3,3
X,demo-market-059-5-10,2026-09-04T12:00:00Z,架空市場 運用メモ,運用メモ,#運用メモ,600,32,3,3
INSTAGRAM,demo-market-059-5-11,2026-09-04T12:00:00Z,架空市場 運用メモ,運用メモ,#運用メモ,600,31,3,3
X,demo-market-059-5-12,2026-09-04T12:00:00Z,架空市場 運用メモ,運用メモ,#運用メモ,600,33,3,3
X,demo-market-060-0-00,2026-09-05T12:00:00Z,架空市場 生成AI研究,生成AI研究,#生成AI研究,1600,80,10,8
INSTAGRAM,demo-market-060-0-01,2026-09-05T12:00:00Z,架空市場 生成AI研究,生成AI研究,#生成AI研究,1600,83,10,8
X,demo-market-060-0-02,2026-09-05T12:00:00Z,架空市場 生成AI研究,生成AI研究,#生成AI研究,1600,81,10,8
INSTAGRAM,demo-market-060-0-03,2026-09-05T12:00:00Z,架空市場 生成AI研究,生成AI研究,#生成AI研究,1600,80,10,8
X,demo-market-060-0-04,2026-09-05T12:00:00Z,架空市場 生成AI研究,生成AI研究,#生成AI研究,1600,82,10,8
INSTAGRAM,demo-market-060-0-05,2026-09-05T12:00:00Z,架空市場 生成AI研究,生成AI研究,#生成AI研究,1600,80,10,8
X,demo-market-060-1-00,2026-09-05T12:00:00Z,架空市場 効率化実験,効率化実験,#効率化実験,1600,81,10,8
INSTAGRAM,demo-market-060-1-01,2026-09-05T12:00:00Z,架空市場 効率化実験,効率化実験,#効率化実験,1600,80,10,8
X,demo-market-060-1-02,2026-09-05T12:00:00Z,架空市場 効率化実験,効率化実験,#効率化実験,1600,83,10,8
INSTAGRAM,demo-market-060-1-03,2026-09-05T12:00:00Z,架空市場 効率化実験,効率化実験,#効率化実験,1600,82,10,8
X,demo-market-060-1-04,2026-09-05T12:00:00Z,架空市場 効率化実験,効率化実験,#効率化実験,1600,81,10,8
INSTAGRAM,demo-market-060-1-05,2026-09-05T12:00:00Z,架空市場 効率化実験,効率化実験,#効率化実験,1600,83,10,8
X,demo-market-060-1-06,2026-09-05T12:00:00Z,架空市場 効率化実験,効率化実験,#効率化実験,1600,83,10,8
INSTAGRAM,demo-market-060-1-07,2026-09-05T12:00:00Z,架空市場 効率化実験,効率化実験,#効率化実験,1600,81,10,8
X,demo-market-060-2-00,2026-09-05T12:00:00Z,架空市場 エージェント検証,エージェント検証,#エージェント検証,800,43,5,4
INSTAGRAM,demo-market-060-2-01,2026-09-05T12:00:00Z,架空市場 エージェント検証,エージェント検証,#エージェント検証,800,43,5,4
X,demo-market-060-2-02,2026-09-05T12:00:00Z,架空市場 エージェント検証,エージェント検証,#エージェント検証,800,41,5,4
INSTAGRAM,demo-market-060-2-03,2026-09-05T12:00:00Z,架空市場 エージェント検証,エージェント検証,#エージェント検証,800,40,5,4
X,demo-market-060-2-04,2026-09-05T12:00:00Z,架空市場 エージェント検証,エージェント検証,#エージェント検証,800,42,5,4
INSTAGRAM,demo-market-060-2-05,2026-09-05T12:00:00Z,架空市場 エージェント検証,エージェント検証,#エージェント検証,800,41,5,4
X,demo-market-060-2-06,2026-09-05T12:00:00Z,架空市場 エージェント検証,エージェント検証,#エージェント検証,800,43,5,4
INSTAGRAM,demo-market-060-2-07,2026-09-05T12:00:00Z,架空市場 エージェント検証,エージェント検証,#エージェント検証,800,41,5,4
X,demo-market-060-2-08,2026-09-05T12:00:00Z,架空市場 エージェント検証,エージェント検証,#エージェント検証,800,42,5,4
INSTAGRAM,demo-market-060-2-09,2026-09-05T12:00:00Z,架空市場 エージェント検証,エージェント検証,#エージェント検証,800,41,5,4
X,demo-market-060-2-10,2026-09-05T12:00:00Z,架空市場 エージェント検証,エージェント検証,#エージェント検証,800,42,5,4
INSTAGRAM,demo-market-060-2-11,2026-09-05T12:00:00Z,架空市場 エージェント検証,エージェント検証,#エージェント検証,800,42,5,4
X,demo-market-060-2-12,2026-09-05T12:00:00Z,架空市場 エージェント検証,エージェント検証,#エージェント検証,800,42,5,4
INSTAGRAM,demo-market-060-2-13,2026-09-05T12:00:00Z,架空市場 エージェント検証,エージェント検証,#エージェント検証,800,40,5,4
X,demo-market-060-2-14,2026-09-05T12:00:00Z,架空市場 エージェント検証,エージェント検証,#エージェント検証,800,43,5,4
INSTAGRAM,demo-market-060-2-15,2026-09-05T12:00:00Z,架空市場 エージェント検証,エージェント検証,#エージェント検証,800,41,5,4
X,demo-market-060-2-16,2026-09-05T12:00:00Z,架空市場 エージェント検証,エージェント検証,#エージェント検証,800,41,5,4
INSTAGRAM,demo-market-060-2-17,2026-09-05T12:00:00Z,架空市場 エージェント検証,エージェント検証,#エージェント検証,800,41,5,4
X,demo-market-060-2-18,2026-09-05T12:00:00Z,架空市場 エージェント検証,エージェント検証,#エージェント検証,800,42,5,4
X,demo-market-060-3-00,2026-09-05T12:00:00Z,架空市場 分析ノート,分析ノート,#分析ノート,500,26,3,2
INSTAGRAM,demo-market-060-3-01,2026-09-05T12:00:00Z,架空市場 分析ノート,分析ノート,#分析ノート,500,28,3,2
X,demo-market-060-3-02,2026-09-05T12:00:00Z,架空市場 分析ノート,分析ノート,#分析ノート,500,27,3,2
INSTAGRAM,demo-market-060-3-03,2026-09-05T12:00:00Z,架空市場 分析ノート,分析ノート,#分析ノート,500,27,3,2
X,demo-market-060-3-04,2026-09-05T12:00:00Z,架空市場 分析ノート,分析ノート,#分析ノート,500,28,3,2
INSTAGRAM,demo-market-060-3-05,2026-09-05T12:00:00Z,架空市場 分析ノート,分析ノート,#分析ノート,500,25,3,2
X,demo-market-060-3-06,2026-09-05T12:00:00Z,架空市場 分析ノート,分析ノート,#分析ノート,500,28,3,2
INSTAGRAM,demo-market-060-3-07,2026-09-05T12:00:00Z,架空市場 分析ノート,分析ノート,#分析ノート,500,27,3,2
X,demo-market-060-3-08,2026-09-05T12:00:00Z,架空市場 分析ノート,分析ノート,#分析ノート,500,28,3,2
X,demo-market-060-4-00,2026-09-05T12:00:00Z,架空市場 動画ラボ,動画ラボ,#動画ラボ,100,8,0,0
INSTAGRAM,demo-market-060-4-01,2026-09-05T12:00:00Z,架空市場 動画ラボ,動画ラボ,#動画ラボ,100,7,0,0
X,demo-market-060-5-00,2026-09-05T12:00:00Z,架空市場 運用メモ,運用メモ,#運用メモ,600,33,3,3
INSTAGRAM,demo-market-060-5-01,2026-09-05T12:00:00Z,架空市場 運用メモ,運用メモ,#運用メモ,600,32,3,3
X,demo-market-060-5-02,2026-09-05T12:00:00Z,架空市場 運用メモ,運用メモ,#運用メモ,600,30,3,3
INSTAGRAM,demo-market-060-5-03,2026-09-05T12:00:00Z,架空市場 運用メモ,運用メモ,#運用メモ,600,30,3,3
X,demo-market-060-5-04,2026-09-05T12:00:00Z,架空市場 運用メモ,運用メモ,#運用メモ,600,30,3,3
INSTAGRAM,demo-market-060-5-05,2026-09-05T12:00:00Z,架空市場 運用メモ,運用メモ,#運用メモ,600,31,3,3
X,demo-market-061-0-00,2026-09-06T12:00:00Z,架空市場 生成AI研究,生成AI研究,#生成AI研究,1700,87,10,8
INSTAGRAM,demo-market-061-0-01,2026-09-06T12:00:00Z,架空市場 生成AI研究,生成AI研究,#生成AI研究,1700,88,10,8
X,demo-market-061-0-02,2026-09-06T12:00:00Z,架空市場 生成AI研究,生成AI研究,#生成AI研究,1700,87,10,8
INSTAGRAM,demo-market-061-0-03,2026-09-06T12:00:00Z,架空市場 生成AI研究,生成AI研究,#生成AI研究,1700,85,10,8
X,demo-market-061-0-04,2026-09-06T12:00:00Z,架空市場 生成AI研究,生成AI研究,#生成AI研究,1700,87,10,8
INSTAGRAM,demo-market-061-0-05,2026-09-06T12:00:00Z,架空市場 生成AI研究,生成AI研究,#生成AI研究,1700,86,10,8
X,demo-market-061-0-06,2026-09-06T12:00:00Z,架空市場 生成AI研究,生成AI研究,#生成AI研究,1700,88,10,8
X,demo-market-061-1-00,2026-09-06T12:00:00Z,架空市場 効率化実験,効率化実験,#効率化実験,1700,86,10,8
INSTAGRAM,demo-market-061-1-01,2026-09-06T12:00:00Z,架空市場 効率化実験,効率化実験,#効率化実験,1700,87,10,8
X,demo-market-061-1-02,2026-09-06T12:00:00Z,架空市場 効率化実験,効率化実験,#効率化実験,1700,85,10,8
INSTAGRAM,demo-market-061-1-03,2026-09-06T12:00:00Z,架空市場 効率化実験,効率化実験,#効率化実験,1700,85,10,8
X,demo-market-061-1-04,2026-09-06T12:00:00Z,架空市場 効率化実験,効率化実験,#効率化実験,1700,88,10,8
INSTAGRAM,demo-market-061-1-05,2026-09-06T12:00:00Z,架空市場 効率化実験,効率化実験,#効率化実験,1700,85,10,8
X,demo-market-061-1-06,2026-09-06T12:00:00Z,架空市場 効率化実験,効率化実験,#効率化実験,1700,88,10,8
INSTAGRAM,demo-market-061-1-07,2026-09-06T12:00:00Z,架空市場 効率化実験,効率化実験,#効率化実験,1700,85,10,8
X,demo-market-061-2-00,2026-09-06T12:00:00Z,架空市場 エージェント検証,エージェント検証,#エージェント検証,780,40,4,3
INSTAGRAM,demo-market-061-2-01,2026-09-06T12:00:00Z,架空市場 エージェント検証,エージェント検証,#エージェント検証,780,40,4,3
X,demo-market-061-2-02,2026-09-06T12:00:00Z,架空市場 エージェント検証,エージェント検証,#エージェント検証,780,40,4,3
INSTAGRAM,demo-market-061-2-03,2026-09-06T12:00:00Z,架空市場 エージェント検証,エージェント検証,#エージェント検証,780,42,4,3
X,demo-market-061-2-04,2026-09-06T12:00:00Z,架空市場 エージェント検証,エージェント検証,#エージェント検証,780,42,4,3
INSTAGRAM,demo-market-061-2-05,2026-09-06T12:00:00Z,架空市場 エージェント検証,エージェント検証,#エージェント検証,780,42,4,3
X,demo-market-061-2-06,2026-09-06T12:00:00Z,架空市場 エージェント検証,エージェント検証,#エージェント検証,780,40,4,3
INSTAGRAM,demo-market-061-2-07,2026-09-06T12:00:00Z,架空市場 エージェント検証,エージェント検証,#エージェント検証,780,41,4,3
X,demo-market-061-2-08,2026-09-06T12:00:00Z,架空市場 エージェント検証,エージェント検証,#エージェント検証,780,41,4,3
INSTAGRAM,demo-market-061-2-09,2026-09-06T12:00:00Z,架空市場 エージェント検証,エージェント検証,#エージェント検証,780,40,4,3
X,demo-market-061-2-10,2026-09-06T12:00:00Z,架空市場 エージェント検証,エージェント検証,#エージェント検証,780,41,4,3
INSTAGRAM,demo-market-061-2-11,2026-09-06T12:00:00Z,架空市場 エージェント検証,エージェント検証,#エージェント検証,780,39,4,3
X,demo-market-061-2-12,2026-09-06T12:00:00Z,架空市場 エージェント検証,エージェント検証,#エージェント検証,780,41,4,3
INSTAGRAM,demo-market-061-2-13,2026-09-06T12:00:00Z,架空市場 エージェント検証,エージェント検証,#エージェント検証,780,39,4,3
X,demo-market-061-2-14,2026-09-06T12:00:00Z,架空市場 エージェント検証,エージェント検証,#エージェント検証,780,41,4,3
INSTAGRAM,demo-market-061-2-15,2026-09-06T12:00:00Z,架空市場 エージェント検証,エージェント検証,#エージェント検証,780,39,4,3
X,demo-market-061-2-16,2026-09-06T12:00:00Z,架空市場 エージェント検証,エージェント検証,#エージェント検証,780,39,4,3
INSTAGRAM,demo-market-061-2-17,2026-09-06T12:00:00Z,架空市場 エージェント検証,エージェント検証,#エージェント検証,780,40,4,3
X,demo-market-061-3-00,2026-09-06T12:00:00Z,架空市場 分析ノート,分析ノート,#分析ノート,500,28,3,2
INSTAGRAM,demo-market-061-3-01,2026-09-06T12:00:00Z,架空市場 分析ノート,分析ノート,#分析ノート,500,28,3,2
X,demo-market-061-3-02,2026-09-06T12:00:00Z,架空市場 分析ノート,分析ノート,#分析ノート,500,28,3,2
INSTAGRAM,demo-market-061-3-03,2026-09-06T12:00:00Z,架空市場 分析ノート,分析ノート,#分析ノート,500,25,3,2
X,demo-market-061-3-04,2026-09-06T12:00:00Z,架空市場 分析ノート,分析ノート,#分析ノート,500,26,3,2
INSTAGRAM,demo-market-061-3-05,2026-09-06T12:00:00Z,架空市場 分析ノート,分析ノート,#分析ノート,500,25,3,2
X,demo-market-061-3-06,2026-09-06T12:00:00Z,架空市場 分析ノート,分析ノート,#分析ノート,500,27,3,2
INSTAGRAM,demo-market-061-3-07,2026-09-06T12:00:00Z,架空市場 分析ノート,分析ノート,#分析ノート,500,25,3,2
X,demo-market-061-3-08,2026-09-06T12:00:00Z,架空市場 分析ノート,分析ノート,#分析ノート,500,27,3,2
X,demo-market-061-4-00,2026-09-06T12:00:00Z,架空市場 動画ラボ,動画ラボ,#動画ラボ,100,6,0,0
INSTAGRAM,demo-market-061-4-01,2026-09-06T12:00:00Z,架空市場 動画ラボ,動画ラボ,#動画ラボ,100,7,0,0
X,demo-market-061-5-00,2026-09-06T12:00:00Z,架空市場 運用メモ,運用メモ,#運用メモ,600,33,3,3
INSTAGRAM,demo-market-061-5-01,2026-09-06T12:00:00Z,架空市場 運用メモ,運用メモ,#運用メモ,600,31,3,3
X,demo-market-061-5-02,2026-09-06T12:00:00Z,架空市場 運用メモ,運用メモ,#運用メモ,600,30,3,3
INSTAGRAM,demo-market-061-5-03,2026-09-06T12:00:00Z,架空市場 運用メモ,運用メモ,#運用メモ,600,31,3,3
X,demo-market-061-5-04,2026-09-06T12:00:00Z,架空市場 運用メモ,運用メモ,#運用メモ,600,33,3,3
INSTAGRAM,demo-market-061-5-05,2026-09-06T12:00:00Z,架空市場 運用メモ,運用メモ,#運用メモ,600,32,3,3
X,demo-market-062-0-00,2026-09-07T12:00:00Z,架空市場 生成AI研究,生成AI研究,#生成AI研究,1800,90,11,9
INSTAGRAM,demo-market-062-0-01,2026-09-07T12:00:00Z,架空市場 生成AI研究,生成AI研究,#生成AI研究,1800,90,11,9
X,demo-market-062-0-02,2026-09-07T12:00:00Z,架空市場 生成AI研究,生成AI研究,#生成AI研究,1800,90,11,9
INSTAGRAM,demo-market-062-0-03,2026-09-07T12:00:00Z,架空市場 生成AI研究,生成AI研究,#生成AI研究,1800,92,11,9
X,demo-market-062-0-04,2026-09-07T12:00:00Z,架空市場 生成AI研究,生成AI研究,#生成AI研究,1800,90,11,9
INSTAGRAM,demo-market-062-0-05,2026-09-07T12:00:00Z,架空市場 生成AI研究,生成AI研究,#生成AI研究,1800,92,11,9
X,demo-market-062-0-06,2026-09-07T12:00:00Z,架空市場 生成AI研究,生成AI研究,#生成AI研究,1800,91,11,9
X,demo-market-062-1-00,2026-09-07T12:00:00Z,架空市場 効率化実験,効率化実験,#効率化実験,1800,93,11,9
INSTAGRAM,demo-market-062-1-01,2026-09-07T12:00:00Z,架空市場 効率化実験,効率化実験,#効率化実験,1800,92,11,9
X,demo-market-062-1-02,2026-09-07T12:00:00Z,架空市場 効率化実験,効率化実験,#効率化実験,1800,90,11,9
INSTAGRAM,demo-market-062-1-03,2026-09-07T12:00:00Z,架空市場 効率化実験,効率化実験,#効率化実験,1800,93,11,9
X,demo-market-062-1-04,2026-09-07T12:00:00Z,架空市場 効率化実験,効率化実験,#効率化実験,1800,90,11,9
INSTAGRAM,demo-market-062-1-05,2026-09-07T12:00:00Z,架空市場 効率化実験,効率化実験,#効率化実験,1800,93,11,9
X,demo-market-062-1-06,2026-09-07T12:00:00Z,架空市場 効率化実験,効率化実験,#効率化実験,1800,93,11,9
INSTAGRAM,demo-market-062-1-07,2026-09-07T12:00:00Z,架空市場 効率化実験,効率化実験,#効率化実験,1800,92,11,9
X,demo-market-062-2-00,2026-09-07T12:00:00Z,架空市場 エージェント検証,エージェント検証,#エージェント検証,760,39,4,3
INSTAGRAM,demo-market-062-2-01,2026-09-07T12:00:00Z,架空市場 エージェント検証,エージェント検証,#エージェント検証,760,41,4,3
X,demo-market-062-2-02,2026-09-07T12:00:00Z,架空市場 エージェント検証,エージェント検証,#エージェント検証,760,40,4,3
INSTAGRAM,demo-market-062-2-03,2026-09-07T12:00:00Z,架空市場 エージェント検証,エージェント検証,#エージェント検証,760,39,4,3
X,demo-market-062-2-04,2026-09-07T12:00:00Z,架空市場 エージェント検証,エージェント検証,#エージェント検証,760,39,4,3
INSTAGRAM,demo-market-062-2-05,2026-09-07T12:00:00Z,架空市場 エージェント検証,エージェント検証,#エージェント検証,760,38,4,3
X,demo-market-062-2-06,2026-09-07T12:00:00Z,架空市場 エージェント検証,エージェント検証,#エージェント検証,760,39,4,3
INSTAGRAM,demo-market-062-2-07,2026-09-07T12:00:00Z,架空市場 エージェント検証,エージェント検証,#エージェント検証,760,40,4,3
X,demo-market-062-2-08,2026-09-07T12:00:00Z,架空市場 エージェント検証,エージェント検証,#エージェント検証,760,39,4,3
INSTAGRAM,demo-market-062-2-09,2026-09-07T12:00:00Z,架空市場 エージェント検証,エージェント検証,#エージェント検証,760,39,4,3
X,demo-market-062-2-10,2026-09-07T12:00:00Z,架空市場 エージェント検証,エージェント検証,#エージェント検証,760,38,4,3
INSTAGRAM,demo-market-062-2-11,2026-09-07T12:00:00Z,架空市場 エージェント検証,エージェント検証,#エージェント検証,760,41,4,3
X,demo-market-062-2-12,2026-09-07T12:00:00Z,架空市場 エージェント検証,エージェント検証,#エージェント検証,760,38,4,3
INSTAGRAM,demo-market-062-2-13,2026-09-07T12:00:00Z,架空市場 エージェント検証,エージェント検証,#エージェント検証,760,41,4,3
X,demo-market-062-2-14,2026-09-07T12:00:00Z,架空市場 エージェント検証,エージェント検証,#エージェント検証,760,39,4,3
INSTAGRAM,demo-market-062-2-15,2026-09-07T12:00:00Z,架空市場 エージェント検証,エージェント検証,#エージェント検証,760,38,4,3
X,demo-market-062-2-16,2026-09-07T12:00:00Z,架空市場 エージェント検証,エージェント検証,#エージェント検証,760,40,4,3
INSTAGRAM,demo-market-062-2-17,2026-09-07T12:00:00Z,架空市場 エージェント検証,エージェント検証,#エージェント検証,760,38,4,3
X,demo-market-062-3-00,2026-09-07T12:00:00Z,架空市場 分析ノート,分析ノート,#分析ノート,500,28,3,2
INSTAGRAM,demo-market-062-3-01,2026-09-07T12:00:00Z,架空市場 分析ノート,分析ノート,#分析ノート,500,27,3,2
X,demo-market-062-3-02,2026-09-07T12:00:00Z,架空市場 分析ノート,分析ノート,#分析ノート,500,27,3,2
INSTAGRAM,demo-market-062-3-03,2026-09-07T12:00:00Z,架空市場 分析ノート,分析ノート,#分析ノート,500,27,3,2
X,demo-market-062-3-04,2026-09-07T12:00:00Z,架空市場 分析ノート,分析ノート,#分析ノート,500,27,3,2
INSTAGRAM,demo-market-062-3-05,2026-09-07T12:00:00Z,架空市場 分析ノート,分析ノート,#分析ノート,500,25,3,2
X,demo-market-062-3-06,2026-09-07T12:00:00Z,架空市場 分析ノート,分析ノート,#分析ノート,500,28,3,2
INSTAGRAM,demo-market-062-3-07,2026-09-07T12:00:00Z,架空市場 分析ノート,分析ノート,#分析ノート,500,26,3,2
X,demo-market-062-3-08,2026-09-07T12:00:00Z,架空市場 分析ノート,分析ノート,#分析ノート,500,27,3,2
X,demo-market-062-4-00,2026-09-07T12:00:00Z,架空市場 動画ラボ,動画ラボ,#動画ラボ,100,6,0,0
INSTAGRAM,demo-market-062-4-01,2026-09-07T12:00:00Z,架空市場 動画ラボ,動画ラボ,#動画ラボ,100,8,0,0
X,demo-market-062-5-00,2026-09-07T12:00:00Z,架空市場 運用メモ,運用メモ,#運用メモ,600,30,3,3
INSTAGRAM,demo-market-062-5-01,2026-09-07T12:00:00Z,架空市場 運用メモ,運用メモ,#運用メモ,600,31,3,3
X,demo-market-062-5-02,2026-09-07T12:00:00Z,架空市場 運用メモ,運用メモ,#運用メモ,600,33,3,3
INSTAGRAM,demo-market-062-5-03,2026-09-07T12:00:00Z,架空市場 運用メモ,運用メモ,#運用メモ,600,32,3,3
X,demo-market-062-5-04,2026-09-07T12:00:00Z,架空市場 運用メモ,運用メモ,#運用メモ,600,30,3,3
INSTAGRAM,demo-market-062-5-05,2026-09-07T12:00:00Z,架空市場 運用メモ,運用メモ,#運用メモ,600,32,3,3
X,demo-market-063-0-00,2026-09-08T12:00:00Z,架空市場 生成AI研究,生成AI研究,#生成AI研究,1900,97,11,9
INSTAGRAM,demo-market-063-0-01,2026-09-08T12:00:00Z,架空市場 生成AI研究,生成AI研究,#生成AI研究,1900,96,11,9
X,demo-market-063-0-02,2026-09-08T12:00:00Z,架空市場 生成AI研究,生成AI研究,#生成AI研究,1900,97,11,9
INSTAGRAM,demo-market-063-0-03,2026-09-08T12:00:00Z,架空市場 生成AI研究,生成AI研究,#生成AI研究,1900,97,11,9
X,demo-market-063-0-04,2026-09-08T12:00:00Z,架空市場 生成AI研究,生成AI研究,#生成AI研究,1900,97,11,9
INSTAGRAM,demo-market-063-0-05,2026-09-08T12:00:00Z,架空市場 生成AI研究,生成AI研究,#生成AI研究,1900,95,11,9
X,demo-market-063-0-06,2026-09-08T12:00:00Z,架空市場 生成AI研究,生成AI研究,#生成AI研究,1900,95,11,9
X,demo-market-063-1-00,2026-09-08T12:00:00Z,架空市場 効率化実験,効率化実験,#効率化実験,1900,97,11,9
INSTAGRAM,demo-market-063-1-01,2026-09-08T12:00:00Z,架空市場 効率化実験,効率化実験,#効率化実験,1900,97,11,9
X,demo-market-063-1-02,2026-09-08T12:00:00Z,架空市場 効率化実験,効率化実験,#効率化実験,1900,96,11,9
INSTAGRAM,demo-market-063-1-03,2026-09-08T12:00:00Z,架空市場 効率化実験,効率化実験,#効率化実験,1900,97,11,9
X,demo-market-063-1-04,2026-09-08T12:00:00Z,架空市場 効率化実験,効率化実験,#効率化実験,1900,96,11,9
INSTAGRAM,demo-market-063-1-05,2026-09-08T12:00:00Z,架空市場 効率化実験,効率化実験,#効率化実験,1900,97,11,9
X,demo-market-063-1-06,2026-09-08T12:00:00Z,架空市場 効率化実験,効率化実験,#効率化実験,1900,96,11,9
INSTAGRAM,demo-market-063-1-07,2026-09-08T12:00:00Z,架空市場 効率化実験,効率化実験,#効率化実験,1900,95,11,9
X,demo-market-063-1-08,2026-09-08T12:00:00Z,架空市場 効率化実験,効率化実験,#効率化実験,1900,96,11,9
X,demo-market-063-2-00,2026-09-08T12:00:00Z,架空市場 エージェント検証,エージェント検証,#エージェント検証,740,38,4,3
INSTAGRAM,demo-market-063-2-01,2026-09-08T12:00:00Z,架空市場 エージェント検証,エージェント検証,#エージェント検証,740,40,4,3
X,demo-market-063-2-02,2026-09-08T12:00:00Z,架空市場 エージェント検証,エージェント検証,#エージェント検証,740,38,4,3
INSTAGRAM,demo-market-063-2-03,2026-09-08T12:00:00Z,架空市場 エージェント検証,エージェント検証,#エージェント検証,740,38,4,3
X,demo-market-063-2-04,2026-09-08T12:00:00Z,架空市場 エージェント検証,エージェント検証,#エージェント検証,740,38,4,3
INSTAGRAM,demo-market-063-2-05,2026-09-08T12:00:00Z,架空市場 エージェント検証,エージェント検証,#エージェント検証,740,39,4,3
X,demo-market-063-2-06,2026-09-08T12:00:00Z,架空市場 エージェント検証,エージェント検証,#エージェント検証,740,40,4,3
INSTAGRAM,demo-market-063-2-07,2026-09-08T12:00:00Z,架空市場 エージェント検証,エージェント検証,#エージェント検証,740,40,4,3
X,demo-market-063-2-08,2026-09-08T12:00:00Z,架空市場 エージェント検証,エージェント検証,#エージェント検証,740,39,4,3
INSTAGRAM,demo-market-063-2-09,2026-09-08T12:00:00Z,架空市場 エージェント検証,エージェント検証,#エージェント検証,740,37,4,3
X,demo-market-063-2-10,2026-09-08T12:00:00Z,架空市場 エージェント検証,エージェント検証,#エージェント検証,740,37,4,3
INSTAGRAM,demo-market-063-2-11,2026-09-08T12:00:00Z,架空市場 エージェント検証,エージェント検証,#エージェント検証,740,38,4,3
X,demo-market-063-2-12,2026-09-08T12:00:00Z,架空市場 エージェント検証,エージェント検証,#エージェント検証,740,37,4,3
INSTAGRAM,demo-market-063-2-13,2026-09-08T12:00:00Z,架空市場 エージェント検証,エージェント検証,#エージェント検証,740,38,4,3
X,demo-market-063-2-14,2026-09-08T12:00:00Z,架空市場 エージェント検証,エージェント検証,#エージェント検証,740,39,4,3
INSTAGRAM,demo-market-063-2-15,2026-09-08T12:00:00Z,架空市場 エージェント検証,エージェント検証,#エージェント検証,740,40,4,3
X,demo-market-063-2-16,2026-09-08T12:00:00Z,架空市場 エージェント検証,エージェント検証,#エージェント検証,740,38,4,3
X,demo-market-063-3-00,2026-09-08T12:00:00Z,架空市場 分析ノート,分析ノート,#分析ノート,500,27,3,2
INSTAGRAM,demo-market-063-3-01,2026-09-08T12:00:00Z,架空市場 分析ノート,分析ノート,#分析ノート,500,25,3,2
X,demo-market-063-3-02,2026-09-08T12:00:00Z,架空市場 分析ノート,分析ノート,#分析ノート,500,28,3,2
INSTAGRAM,demo-market-063-3-03,2026-09-08T12:00:00Z,架空市場 分析ノート,分析ノート,#分析ノート,500,28,3,2
X,demo-market-063-3-04,2026-09-08T12:00:00Z,架空市場 分析ノート,分析ノート,#分析ノート,500,27,3,2
INSTAGRAM,demo-market-063-3-05,2026-09-08T12:00:00Z,架空市場 分析ノート,分析ノート,#分析ノート,500,26,3,2
X,demo-market-063-3-06,2026-09-08T12:00:00Z,架空市場 分析ノート,分析ノート,#分析ノート,500,25,3,2
INSTAGRAM,demo-market-063-3-07,2026-09-08T12:00:00Z,架空市場 分析ノート,分析ノート,#分析ノート,500,27,3,2
X,demo-market-063-3-08,2026-09-08T12:00:00Z,架空市場 分析ノート,分析ノート,#分析ノート,500,27,3,2
X,demo-market-063-4-00,2026-09-08T12:00:00Z,架空市場 動画ラボ,動画ラボ,#動画ラボ,100,6,0,0
INSTAGRAM,demo-market-063-4-01,2026-09-08T12:00:00Z,架空市場 動画ラボ,動画ラボ,#動画ラボ,100,8,0,0
X,demo-market-063-5-00,2026-09-08T12:00:00Z,架空市場 運用メモ,運用メモ,#運用メモ,600,33,3,3
INSTAGRAM,demo-market-063-5-01,2026-09-08T12:00:00Z,架空市場 運用メモ,運用メモ,#運用メモ,600,30,3,3
X,demo-market-063-5-02,2026-09-08T12:00:00Z,架空市場 運用メモ,運用メモ,#運用メモ,600,32,3,3
INSTAGRAM,demo-market-063-5-03,2026-09-08T12:00:00Z,架空市場 運用メモ,運用メモ,#運用メモ,600,32,3,3
X,demo-market-063-5-04,2026-09-08T12:00:00Z,架空市場 運用メモ,運用メモ,#運用メモ,600,31,3,3
INSTAGRAM,demo-market-063-5-05,2026-09-08T12:00:00Z,架空市場 運用メモ,運用メモ,#運用メモ,600,33,3,3
X,demo-market-064-0-00,2026-09-09T12:00:00Z,架空市場 生成AI研究,生成AI研究,#生成AI研究,2000,100,12,10
INSTAGRAM,demo-market-064-0-01,2026-09-09T12:00:00Z,架空市場 生成AI研究,生成AI研究,#生成AI研究,2000,101,12,10
X,demo-market-064-0-02,2026-09-09T12:00:00Z,架空市場 生成AI研究,生成AI研究,#生成AI研究,2000,103,12,10
INSTAGRAM,demo-market-064-0-03,2026-09-09T12:00:00Z,架空市場 生成AI研究,生成AI研究,#生成AI研究,2000,101,12,10
X,demo-market-064-0-04,2026-09-09T12:00:00Z,架空市場 生成AI研究,生成AI研究,#生成AI研究,2000,101,12,10
INSTAGRAM,demo-market-064-0-05,2026-09-09T12:00:00Z,架空市場 生成AI研究,生成AI研究,#生成AI研究,2000,101,12,10
X,demo-market-064-0-06,2026-09-09T12:00:00Z,架空市場 生成AI研究,生成AI研究,#生成AI研究,2000,102,12,10
X,demo-market-064-1-00,2026-09-09T12:00:00Z,架空市場 効率化実験,効率化実験,#効率化実験,2000,101,12,10
INSTAGRAM,demo-market-064-1-01,2026-09-09T12:00:00Z,架空市場 効率化実験,効率化実験,#効率化実験,2000,101,12,10
X,demo-market-064-1-02,2026-09-09T12:00:00Z,架空市場 効率化実験,効率化実験,#効率化実験,2000,103,12,10
INSTAGRAM,demo-market-064-1-03,2026-09-09T12:00:00Z,架空市場 効率化実験,効率化実験,#効率化実験,2000,102,12,10
X,demo-market-064-1-04,2026-09-09T12:00:00Z,架空市場 効率化実験,効率化実験,#効率化実験,2000,101,12,10
INSTAGRAM,demo-market-064-1-05,2026-09-09T12:00:00Z,架空市場 効率化実験,効率化実験,#効率化実験,2000,101,12,10
X,demo-market-064-1-06,2026-09-09T12:00:00Z,架空市場 効率化実験,効率化実験,#効率化実験,2000,103,12,10
INSTAGRAM,demo-market-064-1-07,2026-09-09T12:00:00Z,架空市場 効率化実験,効率化実験,#効率化実験,2000,101,12,10
X,demo-market-064-1-08,2026-09-09T12:00:00Z,架空市場 効率化実験,効率化実験,#効率化実験,2000,100,12,10
X,demo-market-064-2-00,2026-09-09T12:00:00Z,架空市場 エージェント検証,エージェント検証,#エージェント検証,720,37,4,3
INSTAGRAM,demo-market-064-2-01,2026-09-09T12:00:00Z,架空市場 エージェント検証,エージェント検証,#エージェント検証,720,38,4,3
X,demo-market-064-2-02,2026-09-09T12:00:00Z,架空市場 エージェント検証,エージェント検証,#エージェント検証,720,39,4,3
INSTAGRAM,demo-market-064-2-03,2026-09-09T12:00:00Z,架空市場 エージェント検証,エージェント検証,#エージェント検証,720,37,4,3
X,demo-market-064-2-04,2026-09-09T12:00:00Z,架空市場 エージェント検証,エージェント検証,#エージェント検証,720,38,4,3
INSTAGRAM,demo-market-064-2-05,2026-09-09T12:00:00Z,架空市場 エージェント検証,エージェント検証,#エージェント検証,720,37,4,3
X,demo-market-064-2-06,2026-09-09T12:00:00Z,架空市場 エージェント検証,エージェント検証,#エージェント検証,720,37,4,3
INSTAGRAM,demo-market-064-2-07,2026-09-09T12:00:00Z,架空市場 エージェント検証,エージェント検証,#エージェント検証,720,38,4,3
X,demo-market-064-2-08,2026-09-09T12:00:00Z,架空市場 エージェント検証,エージェント検証,#エージェント検証,720,39,4,3
INSTAGRAM,demo-market-064-2-09,2026-09-09T12:00:00Z,架空市場 エージェント検証,エージェント検証,#エージェント検証,720,37,4,3
X,demo-market-064-2-10,2026-09-09T12:00:00Z,架空市場 エージェント検証,エージェント検証,#エージェント検証,720,39,4,3
INSTAGRAM,demo-market-064-2-11,2026-09-09T12:00:00Z,架空市場 エージェント検証,エージェント検証,#エージェント検証,720,37,4,3
X,demo-market-064-2-12,2026-09-09T12:00:00Z,架空市場 エージェント検証,エージェント検証,#エージェント検証,720,39,4,3
INSTAGRAM,demo-market-064-2-13,2026-09-09T12:00:00Z,架空市場 エージェント検証,エージェント検証,#エージェント検証,720,39,4,3
X,demo-market-064-2-14,2026-09-09T12:00:00Z,架空市場 エージェント検証,エージェント検証,#エージェント検証,720,36,4,3
INSTAGRAM,demo-market-064-2-15,2026-09-09T12:00:00Z,架空市場 エージェント検証,エージェント検証,#エージェント検証,720,38,4,3
X,demo-market-064-2-16,2026-09-09T12:00:00Z,架空市場 エージェント検証,エージェント検証,#エージェント検証,720,36,4,3
X,demo-market-064-3-00,2026-09-09T12:00:00Z,架空市場 分析ノート,分析ノート,#分析ノート,500,26,3,2
INSTAGRAM,demo-market-064-3-01,2026-09-09T12:00:00Z,架空市場 分析ノート,分析ノート,#分析ノート,500,28,3,2
X,demo-market-064-3-02,2026-09-09T12:00:00Z,架空市場 分析ノート,分析ノート,#分析ノート,500,28,3,2
INSTAGRAM,demo-market-064-3-03,2026-09-09T12:00:00Z,架空市場 分析ノート,分析ノート,#分析ノート,500,27,3,2
X,demo-market-064-3-04,2026-09-09T12:00:00Z,架空市場 分析ノート,分析ノート,#分析ノート,500,27,3,2
INSTAGRAM,demo-market-064-3-05,2026-09-09T12:00:00Z,架空市場 分析ノート,分析ノート,#分析ノート,500,25,3,2
X,demo-market-064-3-06,2026-09-09T12:00:00Z,架空市場 分析ノート,分析ノート,#分析ノート,500,28,3,2
INSTAGRAM,demo-market-064-3-07,2026-09-09T12:00:00Z,架空市場 分析ノート,分析ノート,#分析ノート,500,25,3,2
X,demo-market-064-3-08,2026-09-09T12:00:00Z,架空市場 分析ノート,分析ノート,#分析ノート,500,27,3,2
X,demo-market-064-4-00,2026-09-09T12:00:00Z,架空市場 動画ラボ,動画ラボ,#動画ラボ,100,6,0,0
INSTAGRAM,demo-market-064-4-01,2026-09-09T12:00:00Z,架空市場 動画ラボ,動画ラボ,#動画ラボ,100,6,0,0
X,demo-market-064-5-00,2026-09-09T12:00:00Z,架空市場 運用メモ,運用メモ,#運用メモ,600,32,3,3
INSTAGRAM,demo-market-064-5-01,2026-09-09T12:00:00Z,架空市場 運用メモ,運用メモ,#運用メモ,600,31,3,3
X,demo-market-064-5-02,2026-09-09T12:00:00Z,架空市場 運用メモ,運用メモ,#運用メモ,600,33,3,3
INSTAGRAM,demo-market-064-5-03,2026-09-09T12:00:00Z,架空市場 運用メモ,運用メモ,#運用メモ,600,32,3,3
X,demo-market-064-5-04,2026-09-09T12:00:00Z,架空市場 運用メモ,運用メモ,#運用メモ,600,31,3,3
INSTAGRAM,demo-market-064-5-05,2026-09-09T12:00:00Z,架空市場 運用メモ,運用メモ,#運用メモ,600,33,3,3
X,demo-market-065-0-00,2026-09-10T12:00:00Z,架空市場 生成AI研究,生成AI研究,#生成AI研究,2100,108,13,10
INSTAGRAM,demo-market-065-0-01,2026-09-10T12:00:00Z,架空市場 生成AI研究,生成AI研究,#生成AI研究,2100,105,13,10
X,demo-market-065-0-02,2026-09-10T12:00:00Z,架空市場 生成AI研究,生成AI研究,#生成AI研究,2100,107,13,10
INSTAGRAM,demo-market-065-0-03,2026-09-10T12:00:00Z,架空市場 生成AI研究,生成AI研究,#生成AI研究,2100,107,13,10
X,demo-market-065-0-04,2026-09-10T12:00:00Z,架空市場 生成AI研究,生成AI研究,#生成AI研究,2100,105,13,10
INSTAGRAM,demo-market-065-0-05,2026-09-10T12:00:00Z,架空市場 生成AI研究,生成AI研究,#生成AI研究,2100,106,13,10
X,demo-market-065-0-06,2026-09-10T12:00:00Z,架空市場 生成AI研究,生成AI研究,#生成AI研究,2100,107,13,10
INSTAGRAM,demo-market-065-0-07,2026-09-10T12:00:00Z,架空市場 生成AI研究,生成AI研究,#生成AI研究,2100,108,13,10
X,demo-market-065-1-00,2026-09-10T12:00:00Z,架空市場 効率化実験,効率化実験,#効率化実験,2100,105,13,10
INSTAGRAM,demo-market-065-1-01,2026-09-10T12:00:00Z,架空市場 効率化実験,効率化実験,#効率化実験,2100,106,13,10
X,demo-market-065-1-02,2026-09-10T12:00:00Z,架空市場 効率化実験,効率化実験,#効率化実験,2100,107,13,10
INSTAGRAM,demo-market-065-1-03,2026-09-10T12:00:00Z,架空市場 効率化実験,効率化実験,#効率化実験,2100,106,13,10
X,demo-market-065-1-04,2026-09-10T12:00:00Z,架空市場 効率化実験,効率化実験,#効率化実験,2100,108,13,10
INSTAGRAM,demo-market-065-1-05,2026-09-10T12:00:00Z,架空市場 効率化実験,効率化実験,#効率化実験,2100,106,13,10
X,demo-market-065-1-06,2026-09-10T12:00:00Z,架空市場 効率化実験,効率化実験,#効率化実験,2100,107,13,10
INSTAGRAM,demo-market-065-1-07,2026-09-10T12:00:00Z,架空市場 効率化実験,効率化実験,#効率化実験,2100,107,13,10
X,demo-market-065-1-08,2026-09-10T12:00:00Z,架空市場 効率化実験,効率化実験,#効率化実験,2100,105,13,10
X,demo-market-065-2-00,2026-09-10T12:00:00Z,架空市場 エージェント検証,エージェント検証,#エージェント検証,700,37,4,3
INSTAGRAM,demo-market-065-2-01,2026-09-10T12:00:00Z,架空市場 エージェント検証,エージェント検証,#エージェント検証,700,37,4,3
X,demo-market-065-2-02,2026-09-10T12:00:00Z,架空市場 エージェント検証,エージェント検証,#エージェント検証,700,35,4,3
INSTAGRAM,demo-market-065-2-03,2026-09-10T12:00:00Z,架空市場 エージェント検証,エージェント検証,#エージェント検証,700,35,4,3
X,demo-market-065-2-04,2026-09-10T12:00:00Z,架空市場 エージェント検証,エージェント検証,#エージェント検証,700,37,4,3
INSTAGRAM,demo-market-065-2-05,2026-09-10T12:00:00Z,架空市場 エージェント検証,エージェント検証,#エージェント検証,700,35,4,3
X,demo-market-065-2-06,2026-09-10T12:00:00Z,架空市場 エージェント検証,エージェント検証,#エージェント検証,700,38,4,3
INSTAGRAM,demo-market-065-2-07,2026-09-10T12:00:00Z,架空市場 エージェント検証,エージェント検証,#エージェント検証,700,35,4,3
X,demo-market-065-2-08,2026-09-10T12:00:00Z,架空市場 エージェント検証,エージェント検証,#エージェント検証,700,38,4,3
INSTAGRAM,demo-market-065-2-09,2026-09-10T12:00:00Z,架空市場 エージェント検証,エージェント検証,#エージェント検証,700,36,4,3
X,demo-market-065-2-10,2026-09-10T12:00:00Z,架空市場 エージェント検証,エージェント検証,#エージェント検証,700,35,4,3
INSTAGRAM,demo-market-065-2-11,2026-09-10T12:00:00Z,架空市場 エージェント検証,エージェント検証,#エージェント検証,700,36,4,3
X,demo-market-065-2-12,2026-09-10T12:00:00Z,架空市場 エージェント検証,エージェント検証,#エージェント検証,700,35,4,3
INSTAGRAM,demo-market-065-2-13,2026-09-10T12:00:00Z,架空市場 エージェント検証,エージェント検証,#エージェント検証,700,35,4,3
X,demo-market-065-2-14,2026-09-10T12:00:00Z,架空市場 エージェント検証,エージェント検証,#エージェント検証,700,37,4,3
INSTAGRAM,demo-market-065-2-15,2026-09-10T12:00:00Z,架空市場 エージェント検証,エージェント検証,#エージェント検証,700,38,4,3
X,demo-market-065-3-00,2026-09-10T12:00:00Z,架空市場 分析ノート,分析ノート,#分析ノート,500,27,3,2
INSTAGRAM,demo-market-065-3-01,2026-09-10T12:00:00Z,架空市場 分析ノート,分析ノート,#分析ノート,500,26,3,2
X,demo-market-065-3-02,2026-09-10T12:00:00Z,架空市場 分析ノート,分析ノート,#分析ノート,500,25,3,2
INSTAGRAM,demo-market-065-3-03,2026-09-10T12:00:00Z,架空市場 分析ノート,分析ノート,#分析ノート,500,26,3,2
X,demo-market-065-3-04,2026-09-10T12:00:00Z,架空市場 分析ノート,分析ノート,#分析ノート,500,27,3,2
INSTAGRAM,demo-market-065-3-05,2026-09-10T12:00:00Z,架空市場 分析ノート,分析ノート,#分析ノート,500,26,3,2
X,demo-market-065-3-06,2026-09-10T12:00:00Z,架空市場 分析ノート,分析ノート,#分析ノート,500,25,3,2
INSTAGRAM,demo-market-065-3-07,2026-09-10T12:00:00Z,架空市場 分析ノート,分析ノート,#分析ノート,500,28,3,2
X,demo-market-065-3-08,2026-09-10T12:00:00Z,架空市場 分析ノート,分析ノート,#分析ノート,500,27,3,2
X,demo-market-065-4-00,2026-09-10T12:00:00Z,架空市場 動画ラボ,動画ラボ,#動画ラボ,100,6,0,0
INSTAGRAM,demo-market-065-4-01,2026-09-10T12:00:00Z,架空市場 動画ラボ,動画ラボ,#動画ラボ,100,5,0,0
X,demo-market-065-5-00,2026-09-10T12:00:00Z,架空市場 運用メモ,運用メモ,#運用メモ,600,31,3,3
INSTAGRAM,demo-market-065-5-01,2026-09-10T12:00:00Z,架空市場 運用メモ,運用メモ,#運用メモ,600,33,3,3
X,demo-market-065-5-02,2026-09-10T12:00:00Z,架空市場 運用メモ,運用メモ,#運用メモ,600,32,3,3
INSTAGRAM,demo-market-065-5-03,2026-09-10T12:00:00Z,架空市場 運用メモ,運用メモ,#運用メモ,600,33,3,3
X,demo-market-065-5-04,2026-09-10T12:00:00Z,架空市場 運用メモ,運用メモ,#運用メモ,600,32,3,3
INSTAGRAM,demo-market-065-5-05,2026-09-10T12:00:00Z,架空市場 運用メモ,運用メモ,#運用メモ,600,31,3,3
X,demo-market-066-0-00,2026-09-11T12:00:00Z,架空市場 生成AI研究,生成AI研究,#生成AI研究,2200,113,13,11
INSTAGRAM,demo-market-066-0-01,2026-09-11T12:00:00Z,架空市場 生成AI研究,生成AI研究,#生成AI研究,2200,112,13,11
X,demo-market-066-0-02,2026-09-11T12:00:00Z,架空市場 生成AI研究,生成AI研究,#生成AI研究,2200,112,13,11
INSTAGRAM,demo-market-066-0-03,2026-09-11T12:00:00Z,架空市場 生成AI研究,生成AI研究,#生成AI研究,2200,113,13,11
X,demo-market-066-0-04,2026-09-11T12:00:00Z,架空市場 生成AI研究,生成AI研究,#生成AI研究,2200,111,13,11
INSTAGRAM,demo-market-066-0-05,2026-09-11T12:00:00Z,架空市場 生成AI研究,生成AI研究,#生成AI研究,2200,110,13,11
X,demo-market-066-0-06,2026-09-11T12:00:00Z,架空市場 生成AI研究,生成AI研究,#生成AI研究,2200,110,13,11
INSTAGRAM,demo-market-066-0-07,2026-09-11T12:00:00Z,架空市場 生成AI研究,生成AI研究,#生成AI研究,2200,113,13,11
X,demo-market-066-1-00,2026-09-11T12:00:00Z,架空市場 効率化実験,効率化実験,#効率化実験,2200,110,13,11
INSTAGRAM,demo-market-066-1-01,2026-09-11T12:00:00Z,架空市場 効率化実験,効率化実験,#効率化実験,2200,113,13,11
X,demo-market-066-1-02,2026-09-11T12:00:00Z,架空市場 効率化実験,効率化実験,#効率化実験,2200,110,13,11
INSTAGRAM,demo-market-066-1-03,2026-09-11T12:00:00Z,架空市場 効率化実験,効率化実験,#効率化実験,2200,111,13,11
X,demo-market-066-1-04,2026-09-11T12:00:00Z,架空市場 効率化実験,効率化実験,#効率化実験,2200,110,13,11
INSTAGRAM,demo-market-066-1-05,2026-09-11T12:00:00Z,架空市場 効率化実験,効率化実験,#効率化実験,2200,110,13,11
X,demo-market-066-1-06,2026-09-11T12:00:00Z,架空市場 効率化実験,効率化実験,#効率化実験,2200,112,13,11
INSTAGRAM,demo-market-066-1-07,2026-09-11T12:00:00Z,架空市場 効率化実験,効率化実験,#効率化実験,2200,112,13,11
X,demo-market-066-1-08,2026-09-11T12:00:00Z,架空市場 効率化実験,効率化実験,#効率化実験,2200,113,13,11
INSTAGRAM,demo-market-066-1-09,2026-09-11T12:00:00Z,架空市場 効率化実験,効率化実験,#効率化実験,2200,112,13,11
X,demo-market-066-2-00,2026-09-11T12:00:00Z,架空市場 エージェント検証,エージェント検証,#エージェント検証,680,37,4,3
INSTAGRAM,demo-market-066-2-01,2026-09-11T12:00:00Z,架空市場 エージェント検証,エージェント検証,#エージェント検証,680,37,4,3
X,demo-market-066-2-02,2026-09-11T12:00:00Z,架空市場 エージェント検証,エージェント検証,#エージェント検証,680,34,4,3
INSTAGRAM,demo-market-066-2-03,2026-09-11T12:00:00Z,架空市場 エージェント検証,エージェント検証,#エージェント検証,680,37,4,3
X,demo-market-066-2-04,2026-09-11T12:00:00Z,架空市場 エージェント検証,エージェント検証,#エージェント検証,680,35,4,3
INSTAGRAM,demo-market-066-2-05,2026-09-11T12:00:00Z,架空市場 エージェント検証,エージェント検証,#エージェント検証,680,34,4,3
X,demo-market-066-2-06,2026-09-11T12:00:00Z,架空市場 エージェント検証,エージェント検証,#エージェント検証,680,36,4,3
INSTAGRAM,demo-market-066-2-07,2026-09-11T12:00:00Z,架空市場 エージェント検証,エージェント検証,#エージェント検証,680,37,4,3
X,demo-market-066-2-08,2026-09-11T12:00:00Z,架空市場 エージェント検証,エージェント検証,#エージェント検証,680,36,4,3
INSTAGRAM,demo-market-066-2-09,2026-09-11T12:00:00Z,架空市場 エージェント検証,エージェント検証,#エージェント検証,680,37,4,3
X,demo-market-066-2-10,2026-09-11T12:00:00Z,架空市場 エージェント検証,エージェント検証,#エージェント検証,680,37,4,3
INSTAGRAM,demo-market-066-2-11,2026-09-11T12:00:00Z,架空市場 エージェント検証,エージェント検証,#エージェント検証,680,37,4,3
X,demo-market-066-2-12,2026-09-11T12:00:00Z,架空市場 エージェント検証,エージェント検証,#エージェント検証,680,35,4,3
INSTAGRAM,demo-market-066-2-13,2026-09-11T12:00:00Z,架空市場 エージェント検証,エージェント検証,#エージェント検証,680,35,4,3
X,demo-market-066-2-14,2026-09-11T12:00:00Z,架空市場 エージェント検証,エージェント検証,#エージェント検証,680,35,4,3
X,demo-market-066-3-00,2026-09-11T12:00:00Z,架空市場 分析ノート,分析ノート,#分析ノート,500,26,3,2
INSTAGRAM,demo-market-066-3-01,2026-09-11T12:00:00Z,架空市場 分析ノート,分析ノート,#分析ノート,500,26,3,2
X,demo-market-066-3-02,2026-09-11T12:00:00Z,架空市場 分析ノート,分析ノート,#分析ノート,500,28,3,2
INSTAGRAM,demo-market-066-3-03,2026-09-11T12:00:00Z,架空市場 分析ノート,分析ノート,#分析ノート,500,26,3,2
X,demo-market-066-3-04,2026-09-11T12:00:00Z,架空市場 分析ノート,分析ノート,#分析ノート,500,25,3,2
INSTAGRAM,demo-market-066-3-05,2026-09-11T12:00:00Z,架空市場 分析ノート,分析ノート,#分析ノート,500,26,3,2
X,demo-market-066-3-06,2026-09-11T12:00:00Z,架空市場 分析ノート,分析ノート,#分析ノート,500,27,3,2
INSTAGRAM,demo-market-066-3-07,2026-09-11T12:00:00Z,架空市場 分析ノート,分析ノート,#分析ノート,500,26,3,2
X,demo-market-066-3-08,2026-09-11T12:00:00Z,架空市場 分析ノート,分析ノート,#分析ノート,500,25,3,2
X,demo-market-066-4-00,2026-09-11T12:00:00Z,架空市場 動画ラボ,動画ラボ,#動画ラボ,100,8,0,0
INSTAGRAM,demo-market-066-4-01,2026-09-11T12:00:00Z,架空市場 動画ラボ,動画ラボ,#動画ラボ,100,8,0,0
X,demo-market-066-5-00,2026-09-11T12:00:00Z,架空市場 運用メモ,運用メモ,#運用メモ,600,31,3,3
INSTAGRAM,demo-market-066-5-01,2026-09-11T12:00:00Z,架空市場 運用メモ,運用メモ,#運用メモ,600,32,3,3
X,demo-market-066-5-02,2026-09-11T12:00:00Z,架空市場 運用メモ,運用メモ,#運用メモ,600,30,3,3
INSTAGRAM,demo-market-066-5-03,2026-09-11T12:00:00Z,架空市場 運用メモ,運用メモ,#運用メモ,600,33,3,3
X,demo-market-066-5-04,2026-09-11T12:00:00Z,架空市場 運用メモ,運用メモ,#運用メモ,600,31,3,3
INSTAGRAM,demo-market-066-5-05,2026-09-11T12:00:00Z,架空市場 運用メモ,運用メモ,#運用メモ,600,31,3,3
X,demo-market-067-0-00,2026-09-12T12:00:00Z,架空市場 生成AI研究,生成AI研究,#生成AI研究,2300,118,14,11
INSTAGRAM,demo-market-067-0-01,2026-09-12T12:00:00Z,架空市場 生成AI研究,生成AI研究,#生成AI研究,2300,117,14,11
X,demo-market-067-0-02,2026-09-12T12:00:00Z,架空市場 生成AI研究,生成AI研究,#生成AI研究,2300,117,14,11
INSTAGRAM,demo-market-067-0-03,2026-09-12T12:00:00Z,架空市場 生成AI研究,生成AI研究,#生成AI研究,2300,117,14,11
X,demo-market-067-0-04,2026-09-12T12:00:00Z,架空市場 生成AI研究,生成AI研究,#生成AI研究,2300,118,14,11
INSTAGRAM,demo-market-067-0-05,2026-09-12T12:00:00Z,架空市場 生成AI研究,生成AI研究,#生成AI研究,2300,118,14,11
X,demo-market-067-0-06,2026-09-12T12:00:00Z,架空市場 生成AI研究,生成AI研究,#生成AI研究,2300,116,14,11
INSTAGRAM,demo-market-067-0-07,2026-09-12T12:00:00Z,架空市場 生成AI研究,生成AI研究,#生成AI研究,2300,117,14,11
X,demo-market-067-0-08,2026-09-12T12:00:00Z,架空市場 生成AI研究,生成AI研究,#生成AI研究,2300,116,14,11
X,demo-market-067-1-00,2026-09-12T12:00:00Z,架空市場 効率化実験,効率化実験,#効率化実験,2300,118,14,11
INSTAGRAM,demo-market-067-1-01,2026-09-12T12:00:00Z,架空市場 効率化実験,効率化実験,#効率化実験,2300,118,14,11
X,demo-market-067-1-02,2026-09-12T12:00:00Z,架空市場 効率化実験,効率化実験,#効率化実験,2300,118,14,11
INSTAGRAM,demo-market-067-1-03,2026-09-12T12:00:00Z,架空市場 効率化実験,効率化実験,#効率化実験,2300,118,14,11
X,demo-market-067-1-04,2026-09-12T12:00:00Z,架空市場 効率化実験,効率化実験,#効率化実験,2300,117,14,11
INSTAGRAM,demo-market-067-1-05,2026-09-12T12:00:00Z,架空市場 効率化実験,効率化実験,#効率化実験,2300,115,14,11
X,demo-market-067-1-06,2026-09-12T12:00:00Z,架空市場 効率化実験,効率化実験,#効率化実験,2300,117,14,11
INSTAGRAM,demo-market-067-1-07,2026-09-12T12:00:00Z,架空市場 効率化実験,効率化実験,#効率化実験,2300,116,14,11
X,demo-market-067-1-08,2026-09-12T12:00:00Z,架空市場 効率化実験,効率化実験,#効率化実験,2300,118,14,11
INSTAGRAM,demo-market-067-1-09,2026-09-12T12:00:00Z,架空市場 効率化実験,効率化実験,#効率化実験,2300,118,14,11
X,demo-market-067-2-00,2026-09-12T12:00:00Z,架空市場 エージェント検証,エージェント検証,#エージェント検証,660,35,4,3
INSTAGRAM,demo-market-067-2-01,2026-09-12T12:00:00Z,架空市場 エージェント検証,エージェント検証,#エージェント検証,660,35,4,3
X,demo-market-067-2-02,2026-09-12T12:00:00Z,架空市場 エージェント検証,エージェント検証,#エージェント検証,660,33,4,3
INSTAGRAM,demo-market-067-2-03,2026-09-12T12:00:00Z,架空市場 エージェント検証,エージェント検証,#エージェント検証,660,36,4,3
X,demo-market-067-2-04,2026-09-12T12:00:00Z,架空市場 エージェント検証,エージェント検証,#エージェント検証,660,35,4,3
INSTAGRAM,demo-market-067-2-05,2026-09-12T12:00:00Z,架空市場 エージェント検証,エージェント検証,#エージェント検証,660,34,4,3
X,demo-market-067-2-06,2026-09-12T12:00:00Z,架空市場 エージェント検証,エージェント検証,#エージェント検証,660,35,4,3
INSTAGRAM,demo-market-067-2-07,2026-09-12T12:00:00Z,架空市場 エージェント検証,エージェント検証,#エージェント検証,660,34,4,3
X,demo-market-067-2-08,2026-09-12T12:00:00Z,架空市場 エージェント検証,エージェント検証,#エージェント検証,660,33,4,3
INSTAGRAM,demo-market-067-2-09,2026-09-12T12:00:00Z,架空市場 エージェント検証,エージェント検証,#エージェント検証,660,35,4,3
X,demo-market-067-2-10,2026-09-12T12:00:00Z,架空市場 エージェント検証,エージェント検証,#エージェント検証,660,34,4,3
INSTAGRAM,demo-market-067-2-11,2026-09-12T12:00:00Z,架空市場 エージェント検証,エージェント検証,#エージェント検証,660,34,4,3
X,demo-market-067-2-12,2026-09-12T12:00:00Z,架空市場 エージェント検証,エージェント検証,#エージェント検証,660,33,4,3
INSTAGRAM,demo-market-067-2-13,2026-09-12T12:00:00Z,架空市場 エージェント検証,エージェント検証,#エージェント検証,660,36,4,3
X,demo-market-067-2-14,2026-09-12T12:00:00Z,架空市場 エージェント検証,エージェント検証,#エージェント検証,660,33,4,3
X,demo-market-067-3-00,2026-09-12T12:00:00Z,架空市場 分析ノート,分析ノート,#分析ノート,500,28,3,2
INSTAGRAM,demo-market-067-3-01,2026-09-12T12:00:00Z,架空市場 分析ノート,分析ノート,#分析ノート,500,27,3,2
X,demo-market-067-3-02,2026-09-12T12:00:00Z,架空市場 分析ノート,分析ノート,#分析ノート,500,28,3,2
INSTAGRAM,demo-market-067-3-03,2026-09-12T12:00:00Z,架空市場 分析ノート,分析ノート,#分析ノート,500,27,3,2
X,demo-market-067-3-04,2026-09-12T12:00:00Z,架空市場 分析ノート,分析ノート,#分析ノート,500,27,3,2
INSTAGRAM,demo-market-067-3-05,2026-09-12T12:00:00Z,架空市場 分析ノート,分析ノート,#分析ノート,500,28,3,2
X,demo-market-067-3-06,2026-09-12T12:00:00Z,架空市場 分析ノート,分析ノート,#分析ノート,500,28,3,2
INSTAGRAM,demo-market-067-3-07,2026-09-12T12:00:00Z,架空市場 分析ノート,分析ノート,#分析ノート,500,25,3,2
X,demo-market-067-3-08,2026-09-12T12:00:00Z,架空市場 分析ノート,分析ノート,#分析ノート,500,25,3,2
X,demo-market-067-4-00,2026-09-12T12:00:00Z,架空市場 動画ラボ,動画ラボ,#動画ラボ,100,5,0,0
INSTAGRAM,demo-market-067-4-01,2026-09-12T12:00:00Z,架空市場 動画ラボ,動画ラボ,#動画ラボ,100,5,0,0
X,demo-market-067-5-00,2026-09-12T12:00:00Z,架空市場 運用メモ,運用メモ,#運用メモ,600,33,3,3
INSTAGRAM,demo-market-067-5-01,2026-09-12T12:00:00Z,架空市場 運用メモ,運用メモ,#運用メモ,600,32,3,3
X,demo-market-067-5-02,2026-09-12T12:00:00Z,架空市場 運用メモ,運用メモ,#運用メモ,600,32,3,3
INSTAGRAM,demo-market-067-5-03,2026-09-12T12:00:00Z,架空市場 運用メモ,運用メモ,#運用メモ,600,30,3,3
X,demo-market-067-5-04,2026-09-12T12:00:00Z,架空市場 運用メモ,運用メモ,#運用メモ,600,33,3,3
X,demo-market-068-0-00,2026-09-13T12:00:00Z,架空市場 生成AI研究,生成AI研究,#生成AI研究,2400,123,15,12
INSTAGRAM,demo-market-068-0-01,2026-09-13T12:00:00Z,架空市場 生成AI研究,生成AI研究,#生成AI研究,2400,121,15,12
X,demo-market-068-0-02,2026-09-13T12:00:00Z,架空市場 生成AI研究,生成AI研究,#生成AI研究,2400,122,15,12
INSTAGRAM,demo-market-068-0-03,2026-09-13T12:00:00Z,架空市場 生成AI研究,生成AI研究,#生成AI研究,2400,120,15,12
X,demo-market-068-0-04,2026-09-13T12:00:00Z,架空市場 生成AI研究,生成AI研究,#生成AI研究,2400,121,15,12
INSTAGRAM,demo-market-068-0-05,2026-09-13T12:00:00Z,架空市場 生成AI研究,生成AI研究,#生成AI研究,2400,123,15,12
X,demo-market-068-0-06,2026-09-13T12:00:00Z,架空市場 生成AI研究,生成AI研究,#生成AI研究,2400,120,15,12
INSTAGRAM,demo-market-068-0-07,2026-09-13T12:00:00Z,架空市場 生成AI研究,生成AI研究,#生成AI研究,2400,122,15,12
X,demo-market-068-0-08,2026-09-13T12:00:00Z,架空市場 生成AI研究,生成AI研究,#生成AI研究,2400,122,15,12
X,demo-market-068-1-00,2026-09-13T12:00:00Z,架空市場 効率化実験,効率化実験,#効率化実験,2400,122,15,12
INSTAGRAM,demo-market-068-1-01,2026-09-13T12:00:00Z,架空市場 効率化実験,効率化実験,#効率化実験,2400,122,15,12
X,demo-market-068-1-02,2026-09-13T12:00:00Z,架空市場 効率化実験,効率化実験,#効率化実験,2400,122,15,12
INSTAGRAM,demo-market-068-1-03,2026-09-13T12:00:00Z,架空市場 効率化実験,効率化実験,#効率化実験,2400,121,15,12
X,demo-market-068-1-04,2026-09-13T12:00:00Z,架空市場 効率化実験,効率化実験,#効率化実験,2400,121,15,12
INSTAGRAM,demo-market-068-1-05,2026-09-13T12:00:00Z,架空市場 効率化実験,効率化実験,#効率化実験,2400,123,15,12
X,demo-market-068-1-06,2026-09-13T12:00:00Z,架空市場 効率化実験,効率化実験,#効率化実験,2400,121,15,12
INSTAGRAM,demo-market-068-1-07,2026-09-13T12:00:00Z,架空市場 効率化実験,効率化実験,#効率化実験,2400,123,15,12
X,demo-market-068-1-08,2026-09-13T12:00:00Z,架空市場 効率化実験,効率化実験,#効率化実験,2400,122,15,12
INSTAGRAM,demo-market-068-1-09,2026-09-13T12:00:00Z,架空市場 効率化実験,効率化実験,#効率化実験,2400,122,15,12
X,demo-market-068-1-10,2026-09-13T12:00:00Z,架空市場 効率化実験,効率化実験,#効率化実験,2400,123,15,12
X,demo-market-068-2-00,2026-09-13T12:00:00Z,架空市場 エージェント検証,エージェント検証,#エージェント検証,640,32,4,3
INSTAGRAM,demo-market-068-2-01,2026-09-13T12:00:00Z,架空市場 エージェント検証,エージェント検証,#エージェント検証,640,32,4,3
X,demo-market-068-2-02,2026-09-13T12:00:00Z,架空市場 エージェント検証,エージェント検証,#エージェント検証,640,35,4,3
INSTAGRAM,demo-market-068-2-03,2026-09-13T12:00:00Z,架空市場 エージェント検証,エージェント検証,#エージェント検証,640,33,4,3
X,demo-market-068-2-04,2026-09-13T12:00:00Z,架空市場 エージェント検証,エージェント検証,#エージェント検証,640,34,4,3
INSTAGRAM,demo-market-068-2-05,2026-09-13T12:00:00Z,架空市場 エージェント検証,エージェント検証,#エージェント検証,640,35,4,3
X,demo-market-068-2-06,2026-09-13T12:00:00Z,架空市場 エージェント検証,エージェント検証,#エージェント検証,640,32,4,3
INSTAGRAM,demo-market-068-2-07,2026-09-13T12:00:00Z,架空市場 エージェント検証,エージェント検証,#エージェント検証,640,33,4,3
X,demo-market-068-2-08,2026-09-13T12:00:00Z,架空市場 エージェント検証,エージェント検証,#エージェント検証,640,34,4,3
INSTAGRAM,demo-market-068-2-09,2026-09-13T12:00:00Z,架空市場 エージェント検証,エージェント検証,#エージェント検証,640,33,4,3
X,demo-market-068-2-10,2026-09-13T12:00:00Z,架空市場 エージェント検証,エージェント検証,#エージェント検証,640,33,4,3
INSTAGRAM,demo-market-068-2-11,2026-09-13T12:00:00Z,架空市場 エージェント検証,エージェント検証,#エージェント検証,640,32,4,3
X,demo-market-068-2-12,2026-09-13T12:00:00Z,架空市場 エージェント検証,エージェント検証,#エージェント検証,640,34,4,3
INSTAGRAM,demo-market-068-2-13,2026-09-13T12:00:00Z,架空市場 エージェント検証,エージェント検証,#エージェント検証,640,35,4,3
X,demo-market-068-3-00,2026-09-13T12:00:00Z,架空市場 分析ノート,分析ノート,#分析ノート,500,25,3,2
INSTAGRAM,demo-market-068-3-01,2026-09-13T12:00:00Z,架空市場 分析ノート,分析ノート,#分析ノート,500,26,3,2
X,demo-market-068-3-02,2026-09-13T12:00:00Z,架空市場 分析ノート,分析ノート,#分析ノート,500,28,3,2
INSTAGRAM,demo-market-068-3-03,2026-09-13T12:00:00Z,架空市場 分析ノート,分析ノート,#分析ノート,500,26,3,2
X,demo-market-068-3-04,2026-09-13T12:00:00Z,架空市場 分析ノート,分析ノート,#分析ノート,500,27,3,2
INSTAGRAM,demo-market-068-3-05,2026-09-13T12:00:00Z,架空市場 分析ノート,分析ノート,#分析ノート,500,25,3,2
X,demo-market-068-3-06,2026-09-13T12:00:00Z,架空市場 分析ノート,分析ノート,#分析ノート,500,25,3,2
INSTAGRAM,demo-market-068-3-07,2026-09-13T12:00:00Z,架空市場 分析ノート,分析ノート,#分析ノート,500,27,3,2
X,demo-market-068-3-08,2026-09-13T12:00:00Z,架空市場 分析ノート,分析ノート,#分析ノート,500,28,3,2
X,demo-market-068-4-00,2026-09-13T12:00:00Z,架空市場 動画ラボ,動画ラボ,#動画ラボ,100,8,0,0
INSTAGRAM,demo-market-068-4-01,2026-09-13T12:00:00Z,架空市場 動画ラボ,動画ラボ,#動画ラボ,100,7,0,0
X,demo-market-068-5-00,2026-09-13T12:00:00Z,架空市場 運用メモ,運用メモ,#運用メモ,600,30,3,3
INSTAGRAM,demo-market-068-5-01,2026-09-13T12:00:00Z,架空市場 運用メモ,運用メモ,#運用メモ,600,30,3,3
X,demo-market-068-5-02,2026-09-13T12:00:00Z,架空市場 運用メモ,運用メモ,#運用メモ,600,33,3,3
INSTAGRAM,demo-market-068-5-03,2026-09-13T12:00:00Z,架空市場 運用メモ,運用メモ,#運用メモ,600,33,3,3
X,demo-market-068-5-04,2026-09-13T12:00:00Z,架空市場 運用メモ,運用メモ,#運用メモ,600,31,3,3
X,demo-market-069-0-00,2026-09-14T12:00:00Z,架空市場 生成AI研究,生成AI研究,#生成AI研究,2500,126,15,12
INSTAGRAM,demo-market-069-0-01,2026-09-14T12:00:00Z,架空市場 生成AI研究,生成AI研究,#生成AI研究,2500,125,15,12
X,demo-market-069-0-02,2026-09-14T12:00:00Z,架空市場 生成AI研究,生成AI研究,#生成AI研究,2500,127,15,12
INSTAGRAM,demo-market-069-0-03,2026-09-14T12:00:00Z,架空市場 生成AI研究,生成AI研究,#生成AI研究,2500,127,15,12
X,demo-market-069-0-04,2026-09-14T12:00:00Z,架空市場 生成AI研究,生成AI研究,#生成AI研究,2500,128,15,12
INSTAGRAM,demo-market-069-0-05,2026-09-14T12:00:00Z,架空市場 生成AI研究,生成AI研究,#生成AI研究,2500,126,15,12
X,demo-market-069-0-06,2026-09-14T12:00:00Z,架空市場 生成AI研究,生成AI研究,#生成AI研究,2500,127,15,12
INSTAGRAM,demo-market-069-0-07,2026-09-14T12:00:00Z,架空市場 生成AI研究,生成AI研究,#生成AI研究,2500,127,15,12
X,demo-market-069-0-08,2026-09-14T12:00:00Z,架空市場 生成AI研究,生成AI研究,#生成AI研究,2500,127,15,12
INSTAGRAM,demo-market-069-0-09,2026-09-14T12:00:00Z,架空市場 生成AI研究,生成AI研究,#生成AI研究,2500,126,15,12
X,demo-market-069-1-00,2026-09-14T12:00:00Z,架空市場 効率化実験,効率化実験,#効率化実験,2500,128,15,12
INSTAGRAM,demo-market-069-1-01,2026-09-14T12:00:00Z,架空市場 効率化実験,効率化実験,#効率化実験,2500,126,15,12
X,demo-market-069-1-02,2026-09-14T12:00:00Z,架空市場 効率化実験,効率化実験,#効率化実験,2500,127,15,12
INSTAGRAM,demo-market-069-1-03,2026-09-14T12:00:00Z,架空市場 効率化実験,効率化実験,#効率化実験,2500,126,15,12
X,demo-market-069-1-04,2026-09-14T12:00:00Z,架空市場 効率化実験,効率化実験,#効率化実験,2500,127,15,12
INSTAGRAM,demo-market-069-1-05,2026-09-14T12:00:00Z,架空市場 効率化実験,効率化実験,#効率化実験,2500,126,15,12
X,demo-market-069-1-06,2026-09-14T12:00:00Z,架空市場 効率化実験,効率化実験,#効率化実験,2500,128,15,12
INSTAGRAM,demo-market-069-1-07,2026-09-14T12:00:00Z,架空市場 効率化実験,効率化実験,#効率化実験,2500,125,15,12
X,demo-market-069-1-08,2026-09-14T12:00:00Z,架空市場 効率化実験,効率化実験,#効率化実験,2500,125,15,12
INSTAGRAM,demo-market-069-1-09,2026-09-14T12:00:00Z,架空市場 効率化実験,効率化実験,#効率化実験,2500,128,15,12
X,demo-market-069-1-10,2026-09-14T12:00:00Z,架空市場 効率化実験,効率化実験,#効率化実験,2500,127,15,12
X,demo-market-069-2-00,2026-09-14T12:00:00Z,架空市場 エージェント検証,エージェント検証,#エージェント検証,620,31,3,3
INSTAGRAM,demo-market-069-2-01,2026-09-14T12:00:00Z,架空市場 エージェント検証,エージェント検証,#エージェント検証,620,34,3,3
X,demo-market-069-2-02,2026-09-14T12:00:00Z,架空市場 エージェント検証,エージェント検証,#エージェント検証,620,32,3,3
INSTAGRAM,demo-market-069-2-03,2026-09-14T12:00:00Z,架空市場 エージェント検証,エージェント検証,#エージェント検証,620,32,3,3
X,demo-market-069-2-04,2026-09-14T12:00:00Z,架空市場 エージェント検証,エージェント検証,#エージェント検証,620,31,3,3
INSTAGRAM,demo-market-069-2-05,2026-09-14T12:00:00Z,架空市場 エージェント検証,エージェント検証,#エージェント検証,620,33,3,3
X,demo-market-069-2-06,2026-09-14T12:00:00Z,架空市場 エージェント検証,エージェント検証,#エージェント検証,620,31,3,3
INSTAGRAM,demo-market-069-2-07,2026-09-14T12:00:00Z,架空市場 エージェント検証,エージェント検証,#エージェント検証,620,31,3,3
X,demo-market-069-2-08,2026-09-14T12:00:00Z,架空市場 エージェント検証,エージェント検証,#エージェント検証,620,34,3,3
INSTAGRAM,demo-market-069-2-09,2026-09-14T12:00:00Z,架空市場 エージェント検証,エージェント検証,#エージェント検証,620,31,3,3
X,demo-market-069-2-10,2026-09-14T12:00:00Z,架空市場 エージェント検証,エージェント検証,#エージェント検証,620,31,3,3
INSTAGRAM,demo-market-069-2-11,2026-09-14T12:00:00Z,架空市場 エージェント検証,エージェント検証,#エージェント検証,620,33,3,3
X,demo-market-069-2-12,2026-09-14T12:00:00Z,架空市場 エージェント検証,エージェント検証,#エージェント検証,620,33,3,3
X,demo-market-069-3-00,2026-09-14T12:00:00Z,架空市場 分析ノート,分析ノート,#分析ノート,500,26,3,2
INSTAGRAM,demo-market-069-3-01,2026-09-14T12:00:00Z,架空市場 分析ノート,分析ノート,#分析ノート,500,25,3,2
X,demo-market-069-3-02,2026-09-14T12:00:00Z,架空市場 分析ノート,分析ノート,#分析ノート,500,27,3,2
INSTAGRAM,demo-market-069-3-03,2026-09-14T12:00:00Z,架空市場 分析ノート,分析ノート,#分析ノート,500,27,3,2
X,demo-market-069-3-04,2026-09-14T12:00:00Z,架空市場 分析ノート,分析ノート,#分析ノート,500,27,3,2
INSTAGRAM,demo-market-069-3-05,2026-09-14T12:00:00Z,架空市場 分析ノート,分析ノート,#分析ノート,500,28,3,2
X,demo-market-069-3-06,2026-09-14T12:00:00Z,架空市場 分析ノート,分析ノート,#分析ノート,500,25,3,2
INSTAGRAM,demo-market-069-3-07,2026-09-14T12:00:00Z,架空市場 分析ノート,分析ノート,#分析ノート,500,27,3,2
X,demo-market-069-3-08,2026-09-14T12:00:00Z,架空市場 分析ノート,分析ノート,#分析ノート,500,26,3,2
X,demo-market-069-4-00,2026-09-14T12:00:00Z,架空市場 動画ラボ,動画ラボ,#動画ラボ,100,5,0,0
INSTAGRAM,demo-market-069-4-01,2026-09-14T12:00:00Z,架空市場 動画ラボ,動画ラボ,#動画ラボ,100,6,0,0
X,demo-market-069-5-00,2026-09-14T12:00:00Z,架空市場 運用メモ,運用メモ,#運用メモ,600,30,3,3
INSTAGRAM,demo-market-069-5-01,2026-09-14T12:00:00Z,架空市場 運用メモ,運用メモ,#運用メモ,600,33,3,3
X,demo-market-069-5-02,2026-09-14T12:00:00Z,架空市場 運用メモ,運用メモ,#運用メモ,600,33,3,3
INSTAGRAM,demo-market-069-5-03,2026-09-14T12:00:00Z,架空市場 運用メモ,運用メモ,#運用メモ,600,30,3,3
X,demo-market-069-5-04,2026-09-14T12:00:00Z,架空市場 運用メモ,運用メモ,#運用メモ,600,32,3,3
X,demo-market-070-0-00,2026-09-15T12:00:00Z,架空市場 生成AI研究,生成AI研究,#生成AI研究,2600,131,16,13
INSTAGRAM,demo-market-070-0-01,2026-09-15T12:00:00Z,架空市場 生成AI研究,生成AI研究,#生成AI研究,2600,130,16,13
X,demo-market-070-0-02,2026-09-15T12:00:00Z,架空市場 生成AI研究,生成AI研究,#生成AI研究,2600,132,16,13
INSTAGRAM,demo-market-070-0-03,2026-09-15T12:00:00Z,架空市場 生成AI研究,生成AI研究,#生成AI研究,2600,132,16,13
X,demo-market-070-0-04,2026-09-15T12:00:00Z,架空市場 生成AI研究,生成AI研究,#生成AI研究,2600,132,16,13
INSTAGRAM,demo-market-070-0-05,2026-09-15T12:00:00Z,架空市場 生成AI研究,生成AI研究,#生成AI研究,2600,131,16,13
X,demo-market-070-0-06,2026-09-15T12:00:00Z,架空市場 生成AI研究,生成AI研究,#生成AI研究,2600,131,16,13
INSTAGRAM,demo-market-070-0-07,2026-09-15T12:00:00Z,架空市場 生成AI研究,生成AI研究,#生成AI研究,2600,133,16,13
X,demo-market-070-0-08,2026-09-15T12:00:00Z,架空市場 生成AI研究,生成AI研究,#生成AI研究,2600,133,16,13
INSTAGRAM,demo-market-070-0-09,2026-09-15T12:00:00Z,架空市場 生成AI研究,生成AI研究,#生成AI研究,2600,131,16,13
X,demo-market-070-0-10,2026-09-15T12:00:00Z,架空市場 生成AI研究,生成AI研究,#生成AI研究,2600,132,16,13
X,demo-market-070-1-00,2026-09-15T12:00:00Z,架空市場 効率化実験,効率化実験,#効率化実験,2600,133,16,13
INSTAGRAM,demo-market-070-1-01,2026-09-15T12:00:00Z,架空市場 効率化実験,効率化実験,#効率化実験,2600,130,16,13
X,demo-market-070-1-02,2026-09-15T12:00:00Z,架空市場 効率化実験,効率化実験,#効率化実験,2600,132,16,13
INSTAGRAM,demo-market-070-1-03,2026-09-15T12:00:00Z,架空市場 効率化実験,効率化実験,#効率化実験,2600,133,16,13
X,demo-market-070-1-04,2026-09-15T12:00:00Z,架空市場 効率化実験,効率化実験,#効率化実験,2600,132,16,13
INSTAGRAM,demo-market-070-1-05,2026-09-15T12:00:00Z,架空市場 効率化実験,効率化実験,#効率化実験,2600,130,16,13
X,demo-market-070-1-06,2026-09-15T12:00:00Z,架空市場 効率化実験,効率化実験,#効率化実験,2600,133,16,13
INSTAGRAM,demo-market-070-1-07,2026-09-15T12:00:00Z,架空市場 効率化実験,効率化実験,#効率化実験,2600,133,16,13
X,demo-market-070-1-08,2026-09-15T12:00:00Z,架空市場 効率化実験,効率化実験,#効率化実験,2600,130,16,13
INSTAGRAM,demo-market-070-1-09,2026-09-15T12:00:00Z,架空市場 効率化実験,効率化実験,#効率化実験,2600,132,16,13
X,demo-market-070-1-10,2026-09-15T12:00:00Z,架空市場 効率化実験,効率化実験,#効率化実験,2600,132,16,13
X,demo-market-070-2-00,2026-09-15T12:00:00Z,架空市場 エージェント検証,エージェント検証,#エージェント検証,600,32,3,3
INSTAGRAM,demo-market-070-2-01,2026-09-15T12:00:00Z,架空市場 エージェント検証,エージェント検証,#エージェント検証,600,31,3,3
X,demo-market-070-2-02,2026-09-15T12:00:00Z,架空市場 エージェント検証,エージェント検証,#エージェント検証,600,32,3,3
INSTAGRAM,demo-market-070-2-03,2026-09-15T12:00:00Z,架空市場 エージェント検証,エージェント検証,#エージェント検証,600,31,3,3
X,demo-market-070-2-04,2026-09-15T12:00:00Z,架空市場 エージェント検証,エージェント検証,#エージェント検証,600,32,3,3
INSTAGRAM,demo-market-070-2-05,2026-09-15T12:00:00Z,架空市場 エージェント検証,エージェント検証,#エージェント検証,600,33,3,3
X,demo-market-070-2-06,2026-09-15T12:00:00Z,架空市場 エージェント検証,エージェント検証,#エージェント検証,600,33,3,3
INSTAGRAM,demo-market-070-2-07,2026-09-15T12:00:00Z,架空市場 エージェント検証,エージェント検証,#エージェント検証,600,33,3,3
X,demo-market-070-2-08,2026-09-15T12:00:00Z,架空市場 エージェント検証,エージェント検証,#エージェント検証,600,33,3,3
INSTAGRAM,demo-market-070-2-09,2026-09-15T12:00:00Z,架空市場 エージェント検証,エージェント検証,#エージェント検証,600,33,3,3
X,demo-market-070-2-10,2026-09-15T12:00:00Z,架空市場 エージェント検証,エージェント検証,#エージェント検証,600,32,3,3
INSTAGRAM,demo-market-070-2-11,2026-09-15T12:00:00Z,架空市場 エージェント検証,エージェント検証,#エージェント検証,600,30,3,3
X,demo-market-070-3-00,2026-09-15T12:00:00Z,架空市場 分析ノート,分析ノート,#分析ノート,500,25,3,2
INSTAGRAM,demo-market-070-3-01,2026-09-15T12:00:00Z,架空市場 分析ノート,分析ノート,#分析ノート,500,25,3,2
X,demo-market-070-3-02,2026-09-15T12:00:00Z,架空市場 分析ノート,分析ノート,#分析ノート,500,26,3,2
INSTAGRAM,demo-market-070-3-03,2026-09-15T12:00:00Z,架空市場 分析ノート,分析ノート,#分析ノート,500,26,3,2
X,demo-market-070-3-04,2026-09-15T12:00:00Z,架空市場 分析ノート,分析ノート,#分析ノート,500,25,3,2
INSTAGRAM,demo-market-070-3-05,2026-09-15T12:00:00Z,架空市場 分析ノート,分析ノート,#分析ノート,500,27,3,2
X,demo-market-070-3-06,2026-09-15T12:00:00Z,架空市場 分析ノート,分析ノート,#分析ノート,500,27,3,2
INSTAGRAM,demo-market-070-3-07,2026-09-15T12:00:00Z,架空市場 分析ノート,分析ノート,#分析ノート,500,26,3,2
X,demo-market-070-3-08,2026-09-15T12:00:00Z,架空市場 分析ノート,分析ノート,#分析ノート,500,28,3,2
X,demo-market-070-4-00,2026-09-15T12:00:00Z,架空市場 動画ラボ,動画ラボ,#動画ラボ,100,8,0,0
INSTAGRAM,demo-market-070-4-01,2026-09-15T12:00:00Z,架空市場 動画ラボ,動画ラボ,#動画ラボ,100,6,0,0
X,demo-market-070-5-00,2026-09-15T12:00:00Z,架空市場 運用メモ,運用メモ,#運用メモ,600,32,3,3
INSTAGRAM,demo-market-070-5-01,2026-09-15T12:00:00Z,架空市場 運用メモ,運用メモ,#運用メモ,600,30,3,3
X,demo-market-070-5-02,2026-09-15T12:00:00Z,架空市場 運用メモ,運用メモ,#運用メモ,600,30,3,3
INSTAGRAM,demo-market-070-5-03,2026-09-15T12:00:00Z,架空市場 運用メモ,運用メモ,#運用メモ,600,33,3,3
X,demo-market-070-5-04,2026-09-15T12:00:00Z,架空市場 運用メモ,運用メモ,#運用メモ,600,32,3,3
X,demo-market-071-0-00,2026-09-16T12:00:00Z,架空市場 生成AI研究,生成AI研究,#生成AI研究,2700,135,16,13
INSTAGRAM,demo-market-071-0-01,2026-09-16T12:00:00Z,架空市場 生成AI研究,生成AI研究,#生成AI研究,2700,135,16,13
X,demo-market-071-0-02,2026-09-16T12:00:00Z,架空市場 生成AI研究,生成AI研究,#生成AI研究,2700,138,16,13
INSTAGRAM,demo-market-071-0-03,2026-09-16T12:00:00Z,架空市場 生成AI研究,生成AI研究,#生成AI研究,2700,137,16,13
X,demo-market-071-0-04,2026-09-16T12:00:00Z,架空市場 生成AI研究,生成AI研究,#生成AI研究,2700,136,16,13
INSTAGRAM,demo-market-071-0-05,2026-09-16T12:00:00Z,架空市場 生成AI研究,生成AI研究,#生成AI研究,2700,137,16,13
X,demo-market-071-0-06,2026-09-16T12:00:00Z,架空市場 生成AI研究,生成AI研究,#生成AI研究,2700,136,16,13
INSTAGRAM,demo-market-071-0-07,2026-09-16T12:00:00Z,架空市場 生成AI研究,生成AI研究,#生成AI研究,2700,135,16,13
X,demo-market-071-0-08,2026-09-16T12:00:00Z,架空市場 生成AI研究,生成AI研究,#生成AI研究,2700,138,16,13
INSTAGRAM,demo-market-071-0-09,2026-09-16T12:00:00Z,架空市場 生成AI研究,生成AI研究,#生成AI研究,2700,135,16,13
X,demo-market-071-0-10,2026-09-16T12:00:00Z,架空市場 生成AI研究,生成AI研究,#生成AI研究,2700,138,16,13
X,demo-market-071-1-00,2026-09-16T12:00:00Z,架空市場 効率化実験,効率化実験,#効率化実験,2700,138,16,13
INSTAGRAM,demo-market-071-1-01,2026-09-16T12:00:00Z,架空市場 効率化実験,効率化実験,#効率化実験,2700,137,16,13
X,demo-market-071-1-02,2026-09-16T12:00:00Z,架空市場 効率化実験,効率化実験,#効率化実験,2700,136,16,13
INSTAGRAM,demo-market-071-1-03,2026-09-16T12:00:00Z,架空市場 効率化実験,効率化実験,#効率化実験,2700,138,16,13
X,demo-market-071-1-04,2026-09-16T12:00:00Z,架空市場 効率化実験,効率化実験,#効率化実験,2700,138,16,13
INSTAGRAM,demo-market-071-1-05,2026-09-16T12:00:00Z,架空市場 効率化実験,効率化実験,#効率化実験,2700,135,16,13
X,demo-market-071-1-06,2026-09-16T12:00:00Z,架空市場 効率化実験,効率化実験,#効率化実験,2700,138,16,13
INSTAGRAM,demo-market-071-1-07,2026-09-16T12:00:00Z,架空市場 効率化実験,効率化実験,#効率化実験,2700,136,16,13
X,demo-market-071-1-08,2026-09-16T12:00:00Z,架空市場 効率化実験,効率化実験,#効率化実験,2700,136,16,13
INSTAGRAM,demo-market-071-1-09,2026-09-16T12:00:00Z,架空市場 効率化実験,効率化実験,#効率化実験,2700,135,16,13
X,demo-market-071-1-10,2026-09-16T12:00:00Z,架空市場 効率化実験,効率化実験,#効率化実験,2700,136,16,13
INSTAGRAM,demo-market-071-1-11,2026-09-16T12:00:00Z,架空市場 効率化実験,効率化実験,#効率化実験,2700,137,16,13
X,demo-market-071-2-00,2026-09-16T12:00:00Z,架空市場 エージェント検証,エージェント検証,#エージェント検証,580,30,3,2
INSTAGRAM,demo-market-071-2-01,2026-09-16T12:00:00Z,架空市場 エージェント検証,エージェント検証,#エージェント検証,580,30,3,2
X,demo-market-071-2-02,2026-09-16T12:00:00Z,架空市場 エージェント検証,エージェント検証,#エージェント検証,580,32,3,2
INSTAGRAM,demo-market-071-2-03,2026-09-16T12:00:00Z,架空市場 エージェント検証,エージェント検証,#エージェント検証,580,31,3,2
X,demo-market-071-2-04,2026-09-16T12:00:00Z,架空市場 エージェント検証,エージェント検証,#エージェント検証,580,30,3,2
INSTAGRAM,demo-market-071-2-05,2026-09-16T12:00:00Z,架空市場 エージェント検証,エージェント検証,#エージェント検証,580,30,3,2
X,demo-market-071-2-06,2026-09-16T12:00:00Z,架空市場 エージェント検証,エージェント検証,#エージェント検証,580,30,3,2
INSTAGRAM,demo-market-071-2-07,2026-09-16T12:00:00Z,架空市場 エージェント検証,エージェント検証,#エージェント検証,580,32,3,2
X,demo-market-071-2-08,2026-09-16T12:00:00Z,架空市場 エージェント検証,エージェント検証,#エージェント検証,580,31,3,2
INSTAGRAM,demo-market-071-2-09,2026-09-16T12:00:00Z,架空市場 エージェント検証,エージェント検証,#エージェント検証,580,29,3,2
X,demo-market-071-2-10,2026-09-16T12:00:00Z,架空市場 エージェント検証,エージェント検証,#エージェント検証,580,29,3,2
X,demo-market-071-3-00,2026-09-16T12:00:00Z,架空市場 分析ノート,分析ノート,#分析ノート,500,28,3,2
INSTAGRAM,demo-market-071-3-01,2026-09-16T12:00:00Z,架空市場 分析ノート,分析ノート,#分析ノート,500,25,3,2
X,demo-market-071-3-02,2026-09-16T12:00:00Z,架空市場 分析ノート,分析ノート,#分析ノート,500,28,3,2
INSTAGRAM,demo-market-071-3-03,2026-09-16T12:00:00Z,架空市場 分析ノート,分析ノート,#分析ノート,500,25,3,2
X,demo-market-071-3-04,2026-09-16T12:00:00Z,架空市場 分析ノート,分析ノート,#分析ノート,500,26,3,2
INSTAGRAM,demo-market-071-3-05,2026-09-16T12:00:00Z,架空市場 分析ノート,分析ノート,#分析ノート,500,28,3,2
X,demo-market-071-3-06,2026-09-16T12:00:00Z,架空市場 分析ノート,分析ノート,#分析ノート,500,26,3,2
INSTAGRAM,demo-market-071-3-07,2026-09-16T12:00:00Z,架空市場 分析ノート,分析ノート,#分析ノート,500,25,3,2
X,demo-market-071-3-08,2026-09-16T12:00:00Z,架空市場 分析ノート,分析ノート,#分析ノート,500,25,3,2
X,demo-market-071-4-00,2026-09-16T12:00:00Z,架空市場 動画ラボ,動画ラボ,#動画ラボ,100,7,0,0
INSTAGRAM,demo-market-071-4-01,2026-09-16T12:00:00Z,架空市場 動画ラボ,動画ラボ,#動画ラボ,100,8,0,0
X,demo-market-071-5-00,2026-09-16T12:00:00Z,架空市場 運用メモ,運用メモ,#運用メモ,600,32,3,3
INSTAGRAM,demo-market-071-5-01,2026-09-16T12:00:00Z,架空市場 運用メモ,運用メモ,#運用メモ,600,31,3,3
X,demo-market-071-5-02,2026-09-16T12:00:00Z,架空市場 運用メモ,運用メモ,#運用メモ,600,31,3,3
INSTAGRAM,demo-market-071-5-03,2026-09-16T12:00:00Z,架空市場 運用メモ,運用メモ,#運用メモ,600,31,3,3
X,demo-market-071-5-04,2026-09-16T12:00:00Z,架空市場 運用メモ,運用メモ,#運用メモ,600,33,3,3
X,demo-market-072-0-00,2026-09-17T12:00:00Z,架空市場 生成AI研究,生成AI研究,#生成AI研究,2800,141,17,14
INSTAGRAM,demo-market-072-0-01,2026-09-17T12:00:00Z,架空市場 生成AI研究,生成AI研究,#生成AI研究,2800,140,17,14
X,demo-market-072-0-02,2026-09-17T12:00:00Z,架空市場 生成AI研究,生成AI研究,#生成AI研究,2800,140,17,14
INSTAGRAM,demo-market-072-0-03,2026-09-17T12:00:00Z,架空市場 生成AI研究,生成AI研究,#生成AI研究,2800,140,17,14
X,demo-market-072-0-04,2026-09-17T12:00:00Z,架空市場 生成AI研究,生成AI研究,#生成AI研究,2800,141,17,14
INSTAGRAM,demo-market-072-0-05,2026-09-17T12:00:00Z,架空市場 生成AI研究,生成AI研究,#生成AI研究,2800,140,17,14
X,demo-market-072-0-06,2026-09-17T12:00:00Z,架空市場 生成AI研究,生成AI研究,#生成AI研究,2800,141,17,14
INSTAGRAM,demo-market-072-0-07,2026-09-17T12:00:00Z,架空市場 生成AI研究,生成AI研究,#生成AI研究,2800,141,17,14
X,demo-market-072-0-08,2026-09-17T12:00:00Z,架空市場 生成AI研究,生成AI研究,#生成AI研究,2800,140,17,14
INSTAGRAM,demo-market-072-0-09,2026-09-17T12:00:00Z,架空市場 生成AI研究,生成AI研究,#生成AI研究,2800,140,17,14
X,demo-market-072-0-10,2026-09-17T12:00:00Z,架空市場 生成AI研究,生成AI研究,#生成AI研究,2800,141,17,14
INSTAGRAM,demo-market-072-0-11,2026-09-17T12:00:00Z,架空市場 生成AI研究,生成AI研究,#生成AI研究,2800,143,17,14
X,demo-market-072-1-00,2026-09-17T12:00:00Z,架空市場 効率化実験,効率化実験,#効率化実験,2800,143,17,14
INSTAGRAM,demo-market-072-1-01,2026-09-17T12:00:00Z,架空市場 効率化実験,効率化実験,#効率化実験,2800,140,17,14
X,demo-market-072-1-02,2026-09-17T12:00:00Z,架空市場 効率化実験,効率化実験,#効率化実験,2800,142,17,14
INSTAGRAM,demo-market-072-1-03,2026-09-17T12:00:00Z,架空市場 効率化実験,効率化実験,#効率化実験,2800,142,17,14
X,demo-market-072-1-04,2026-09-17T12:00:00Z,架空市場 効率化実験,効率化実験,#効率化実験,2800,142,17,14
INSTAGRAM,demo-market-072-1-05,2026-09-17T12:00:00Z,架空市場 効率化実験,効率化実験,#効率化実験,2800,140,17,14
X,demo-market-072-1-06,2026-09-17T12:00:00Z,架空市場 効率化実験,効率化実験,#効率化実験,2800,140,17,14
INSTAGRAM,demo-market-072-1-07,2026-09-17T12:00:00Z,架空市場 効率化実験,効率化実験,#効率化実験,2800,141,17,14
X,demo-market-072-1-08,2026-09-17T12:00:00Z,架空市場 効率化実験,効率化実験,#効率化実験,2800,142,17,14
INSTAGRAM,demo-market-072-1-09,2026-09-17T12:00:00Z,架空市場 効率化実験,効率化実験,#効率化実験,2800,140,17,14
X,demo-market-072-1-10,2026-09-17T12:00:00Z,架空市場 効率化実験,効率化実験,#効率化実験,2800,141,17,14
INSTAGRAM,demo-market-072-1-11,2026-09-17T12:00:00Z,架空市場 効率化実験,効率化実験,#効率化実験,2800,141,17,14
X,demo-market-072-2-00,2026-09-17T12:00:00Z,架空市場 エージェント検証,エージェント検証,#エージェント検証,560,29,3,2
INSTAGRAM,demo-market-072-2-01,2026-09-17T12:00:00Z,架空市場 エージェント検証,エージェント検証,#エージェント検証,560,29,3,2
X,demo-market-072-2-02,2026-09-17T12:00:00Z,架空市場 エージェント検証,エージェント検証,#エージェント検証,560,30,3,2
INSTAGRAM,demo-market-072-2-03,2026-09-17T12:00:00Z,架空市場 エージェント検証,エージェント検証,#エージェント検証,560,28,3,2
X,demo-market-072-2-04,2026-09-17T12:00:00Z,架空市場 エージェント検証,エージェント検証,#エージェント検証,560,29,3,2
INSTAGRAM,demo-market-072-2-05,2026-09-17T12:00:00Z,架空市場 エージェント検証,エージェント検証,#エージェント検証,560,29,3,2
X,demo-market-072-2-06,2026-09-17T12:00:00Z,架空市場 エージェント検証,エージェント検証,#エージェント検証,560,28,3,2
INSTAGRAM,demo-market-072-2-07,2026-09-17T12:00:00Z,架空市場 エージェント検証,エージェント検証,#エージェント検証,560,28,3,2
X,demo-market-072-2-08,2026-09-17T12:00:00Z,架空市場 エージェント検証,エージェント検証,#エージェント検証,560,28,3,2
INSTAGRAM,demo-market-072-2-09,2026-09-17T12:00:00Z,架空市場 エージェント検証,エージェント検証,#エージェント検証,560,30,3,2
X,demo-market-072-2-10,2026-09-17T12:00:00Z,架空市場 エージェント検証,エージェント検証,#エージェント検証,560,31,3,2
X,demo-market-072-3-00,2026-09-17T12:00:00Z,架空市場 分析ノート,分析ノート,#分析ノート,500,26,3,2
INSTAGRAM,demo-market-072-3-01,2026-09-17T12:00:00Z,架空市場 分析ノート,分析ノート,#分析ノート,500,25,3,2
X,demo-market-072-3-02,2026-09-17T12:00:00Z,架空市場 分析ノート,分析ノート,#分析ノート,500,25,3,2
INSTAGRAM,demo-market-072-3-03,2026-09-17T12:00:00Z,架空市場 分析ノート,分析ノート,#分析ノート,500,27,3,2
X,demo-market-072-3-04,2026-09-17T12:00:00Z,架空市場 分析ノート,分析ノート,#分析ノート,500,27,3,2
INSTAGRAM,demo-market-072-3-05,2026-09-17T12:00:00Z,架空市場 分析ノート,分析ノート,#分析ノート,500,28,3,2
X,demo-market-072-3-06,2026-09-17T12:00:00Z,架空市場 分析ノート,分析ノート,#分析ノート,500,26,3,2
INSTAGRAM,demo-market-072-3-07,2026-09-17T12:00:00Z,架空市場 分析ノート,分析ノート,#分析ノート,500,26,3,2
X,demo-market-072-4-00,2026-09-17T12:00:00Z,架空市場 動画ラボ,動画ラボ,#動画ラボ,100,6,0,0
INSTAGRAM,demo-market-072-4-01,2026-09-17T12:00:00Z,架空市場 動画ラボ,動画ラボ,#動画ラボ,100,7,0,0
X,demo-market-072-5-00,2026-09-17T12:00:00Z,架空市場 運用メモ,運用メモ,#運用メモ,600,33,3,3
INSTAGRAM,demo-market-072-5-01,2026-09-17T12:00:00Z,架空市場 運用メモ,運用メモ,#運用メモ,600,30,3,3
X,demo-market-072-5-02,2026-09-17T12:00:00Z,架空市場 運用メモ,運用メモ,#運用メモ,600,32,3,3
INSTAGRAM,demo-market-072-5-03,2026-09-17T12:00:00Z,架空市場 運用メモ,運用メモ,#運用メモ,600,33,3,3
X,demo-market-072-5-04,2026-09-17T12:00:00Z,架空市場 運用メモ,運用メモ,#運用メモ,600,32,3,3
X,demo-market-073-0-00,2026-09-18T12:00:00Z,架空市場 生成AI研究,生成AI研究,#生成AI研究,2900,145,18,14
INSTAGRAM,demo-market-073-0-01,2026-09-18T12:00:00Z,架空市場 生成AI研究,生成AI研究,#生成AI研究,2900,146,18,14
X,demo-market-073-0-02,2026-09-18T12:00:00Z,架空市場 生成AI研究,生成AI研究,#生成AI研究,2900,146,18,14
INSTAGRAM,demo-market-073-0-03,2026-09-18T12:00:00Z,架空市場 生成AI研究,生成AI研究,#生成AI研究,2900,146,18,14
X,demo-market-073-0-04,2026-09-18T12:00:00Z,架空市場 生成AI研究,生成AI研究,#生成AI研究,2900,145,18,14
INSTAGRAM,demo-market-073-0-05,2026-09-18T12:00:00Z,架空市場 生成AI研究,生成AI研究,#生成AI研究,2900,145,18,14
X,demo-market-073-0-06,2026-09-18T12:00:00Z,架空市場 生成AI研究,生成AI研究,#生成AI研究,2900,146,18,14
INSTAGRAM,demo-market-073-0-07,2026-09-18T12:00:00Z,架空市場 生成AI研究,生成AI研究,#生成AI研究,2900,145,18,14
X,demo-market-073-0-08,2026-09-18T12:00:00Z,架空市場 生成AI研究,生成AI研究,#生成AI研究,2900,146,18,14
INSTAGRAM,demo-market-073-0-09,2026-09-18T12:00:00Z,架空市場 生成AI研究,生成AI研究,#生成AI研究,2900,147,18,14
X,demo-market-073-0-10,2026-09-18T12:00:00Z,架空市場 生成AI研究,生成AI研究,#生成AI研究,2900,147,18,14
INSTAGRAM,demo-market-073-0-11,2026-09-18T12:00:00Z,架空市場 生成AI研究,生成AI研究,#生成AI研究,2900,147,18,14
X,demo-market-073-1-00,2026-09-18T12:00:00Z,架空市場 効率化実験,効率化実験,#効率化実験,2900,147,18,14
INSTAGRAM,demo-market-073-1-01,2026-09-18T12:00:00Z,架空市場 効率化実験,効率化実験,#効率化実験,2900,148,18,14
X,demo-market-073-1-02,2026-09-18T12:00:00Z,架空市場 効率化実験,効率化実験,#効率化実験,2900,146,18,14
INSTAGRAM,demo-market-073-1-03,2026-09-18T12:00:00Z,架空市場 効率化実験,効率化実験,#効率化実験,2900,145,18,14
X,demo-market-073-1-04,2026-09-18T12:00:00Z,架空市場 効率化実験,効率化実験,#効率化実験,2900,145,18,14
INSTAGRAM,demo-market-073-1-05,2026-09-18T12:00:00Z,架空市場 効率化実験,効率化実験,#効率化実験,2900,146,18,14
X,demo-market-073-1-06,2026-09-18T12:00:00Z,架空市場 効率化実験,効率化実験,#効率化実験,2900,148,18,14
INSTAGRAM,demo-market-073-1-07,2026-09-18T12:00:00Z,架空市場 効率化実験,効率化実験,#効率化実験,2900,147,18,14
X,demo-market-073-1-08,2026-09-18T12:00:00Z,架空市場 効率化実験,効率化実験,#効率化実験,2900,145,18,14
INSTAGRAM,demo-market-073-1-09,2026-09-18T12:00:00Z,架空市場 効率化実験,効率化実験,#効率化実験,2900,146,18,14
X,demo-market-073-1-10,2026-09-18T12:00:00Z,架空市場 効率化実験,効率化実験,#効率化実験,2900,145,18,14
INSTAGRAM,demo-market-073-1-11,2026-09-18T12:00:00Z,架空市場 効率化実験,効率化実験,#効率化実験,2900,148,18,14
X,demo-market-073-1-12,2026-09-18T12:00:00Z,架空市場 効率化実験,効率化実験,#効率化実験,2900,146,18,14
X,demo-market-073-2-00,2026-09-18T12:00:00Z,架空市場 エージェント検証,エージェント検証,#エージェント検証,540,27,3,2
INSTAGRAM,demo-market-073-2-01,2026-09-18T12:00:00Z,架空市場 エージェント検証,エージェント検証,#エージェント検証,540,27,3,2
X,demo-market-073-2-02,2026-09-18T12:00:00Z,架空市場 エージェント検証,エージェント検証,#エージェント検証,540,30,3,2
INSTAGRAM,demo-market-073-2-03,2026-09-18T12:00:00Z,架空市場 エージェント検証,エージェント検証,#エージェント検証,540,27,3,2
X,demo-market-073-2-04,2026-09-18T12:00:00Z,架空市場 エージェント検証,エージェント検証,#エージェント検証,540,27,3,2
INSTAGRAM,demo-market-073-2-05,2026-09-18T12:00:00Z,架空市場 エージェント検証,エージェント検証,#エージェント検証,540,30,3,2
X,demo-market-073-2-06,2026-09-18T12:00:00Z,架空市場 エージェント検証,エージェント検証,#エージェント検証,540,27,3,2
INSTAGRAM,demo-market-073-2-07,2026-09-18T12:00:00Z,架空市場 エージェント検証,エージェント検証,#エージェント検証,540,28,3,2
X,demo-market-073-2-08,2026-09-18T12:00:00Z,架空市場 エージェント検証,エージェント検証,#エージェント検証,540,30,3,2
INSTAGRAM,demo-market-073-2-09,2026-09-18T12:00:00Z,架空市場 エージェント検証,エージェント検証,#エージェント検証,540,29,3,2
X,demo-market-073-3-00,2026-09-18T12:00:00Z,架空市場 分析ノート,分析ノート,#分析ノート,500,26,3,2
INSTAGRAM,demo-market-073-3-01,2026-09-18T12:00:00Z,架空市場 分析ノート,分析ノート,#分析ノート,500,27,3,2
X,demo-market-073-3-02,2026-09-18T12:00:00Z,架空市場 分析ノート,分析ノート,#分析ノート,500,26,3,2
INSTAGRAM,demo-market-073-3-03,2026-09-18T12:00:00Z,架空市場 分析ノート,分析ノート,#分析ノート,500,28,3,2
X,demo-market-073-3-04,2026-09-18T12:00:00Z,架空市場 分析ノート,分析ノート,#分析ノート,500,25,3,2
INSTAGRAM,demo-market-073-3-05,2026-09-18T12:00:00Z,架空市場 分析ノート,分析ノート,#分析ノート,500,26,3,2
X,demo-market-073-3-06,2026-09-18T12:00:00Z,架空市場 分析ノート,分析ノート,#分析ノート,500,27,3,2
INSTAGRAM,demo-market-073-3-07,2026-09-18T12:00:00Z,架空市場 分析ノート,分析ノート,#分析ノート,500,25,3,2
X,demo-market-073-4-00,2026-09-18T12:00:00Z,架空市場 動画ラボ,動画ラボ,#動画ラボ,100,6,0,0
INSTAGRAM,demo-market-073-4-01,2026-09-18T12:00:00Z,架空市場 動画ラボ,動画ラボ,#動画ラボ,100,7,0,0
X,demo-market-073-5-00,2026-09-18T12:00:00Z,架空市場 運用メモ,運用メモ,#運用メモ,640,32,4,3
INSTAGRAM,demo-market-073-5-01,2026-09-18T12:00:00Z,架空市場 運用メモ,運用メモ,#運用メモ,640,32,4,3
X,demo-market-073-5-02,2026-09-18T12:00:00Z,架空市場 運用メモ,運用メモ,#運用メモ,640,33,4,3
INSTAGRAM,demo-market-073-5-03,2026-09-18T12:00:00Z,架空市場 運用メモ,運用メモ,#運用メモ,640,35,4,3
X,demo-market-073-5-04,2026-09-18T12:00:00Z,架空市場 運用メモ,運用メモ,#運用メモ,640,34,4,3
X,demo-market-074-0-00,2026-09-19T12:00:00Z,架空市場 生成AI研究,生成AI研究,#生成AI研究,3000,151,18,15
INSTAGRAM,demo-market-074-0-01,2026-09-19T12:00:00Z,架空市場 生成AI研究,生成AI研究,#生成AI研究,3000,150,18,15
X,demo-market-074-0-02,2026-09-19T12:00:00Z,架空市場 生成AI研究,生成AI研究,#生成AI研究,3000,151,18,15
INSTAGRAM,demo-market-074-0-03,2026-09-19T12:00:00Z,架空市場 生成AI研究,生成AI研究,#生成AI研究,3000,153,18,15
X,demo-market-074-0-04,2026-09-19T12:00:00Z,架空市場 生成AI研究,生成AI研究,#生成AI研究,3000,151,18,15
INSTAGRAM,demo-market-074-0-05,2026-09-19T12:00:00Z,架空市場 生成AI研究,生成AI研究,#生成AI研究,3000,150,18,15
X,demo-market-074-0-06,2026-09-19T12:00:00Z,架空市場 生成AI研究,生成AI研究,#生成AI研究,3000,150,18,15
INSTAGRAM,demo-market-074-0-07,2026-09-19T12:00:00Z,架空市場 生成AI研究,生成AI研究,#生成AI研究,3000,151,18,15
X,demo-market-074-0-08,2026-09-19T12:00:00Z,架空市場 生成AI研究,生成AI研究,#生成AI研究,3000,151,18,15
INSTAGRAM,demo-market-074-0-09,2026-09-19T12:00:00Z,架空市場 生成AI研究,生成AI研究,#生成AI研究,3000,150,18,15
X,demo-market-074-0-10,2026-09-19T12:00:00Z,架空市場 生成AI研究,生成AI研究,#生成AI研究,3000,150,18,15
INSTAGRAM,demo-market-074-0-11,2026-09-19T12:00:00Z,架空市場 生成AI研究,生成AI研究,#生成AI研究,3000,152,18,15
X,demo-market-074-0-12,2026-09-19T12:00:00Z,架空市場 生成AI研究,生成AI研究,#生成AI研究,3000,151,18,15
X,demo-market-074-1-00,2026-09-19T12:00:00Z,架空市場 効率化実験,効率化実験,#効率化実験,3000,152,18,15
INSTAGRAM,demo-market-074-1-01,2026-09-19T12:00:00Z,架空市場 効率化実験,効率化実験,#効率化実験,3000,150,18,15
X,demo-market-074-1-02,2026-09-19T12:00:00Z,架空市場 効率化実験,効率化実験,#効率化実験,3000,153,18,15
INSTAGRAM,demo-market-074-1-03,2026-09-19T12:00:00Z,架空市場 効率化実験,効率化実験,#効率化実験,3000,152,18,15
X,demo-market-074-1-04,2026-09-19T12:00:00Z,架空市場 効率化実験,効率化実験,#効率化実験,3000,153,18,15
INSTAGRAM,demo-market-074-1-05,2026-09-19T12:00:00Z,架空市場 効率化実験,効率化実験,#効率化実験,3000,150,18,15
X,demo-market-074-1-06,2026-09-19T12:00:00Z,架空市場 効率化実験,効率化実験,#効率化実験,3000,152,18,15
INSTAGRAM,demo-market-074-1-07,2026-09-19T12:00:00Z,架空市場 効率化実験,効率化実験,#効率化実験,3000,152,18,15
X,demo-market-074-1-08,2026-09-19T12:00:00Z,架空市場 効率化実験,効率化実験,#効率化実験,3000,152,18,15
INSTAGRAM,demo-market-074-1-09,2026-09-19T12:00:00Z,架空市場 効率化実験,効率化実験,#効率化実験,3000,152,18,15
X,demo-market-074-1-10,2026-09-19T12:00:00Z,架空市場 効率化実験,効率化実験,#効率化実験,3000,153,18,15
INSTAGRAM,demo-market-074-1-11,2026-09-19T12:00:00Z,架空市場 効率化実験,効率化実験,#効率化実験,3000,150,18,15
X,demo-market-074-1-12,2026-09-19T12:00:00Z,架空市場 効率化実験,効率化実験,#効率化実験,3000,150,18,15
X,demo-market-074-2-00,2026-09-19T12:00:00Z,架空市場 エージェント検証,エージェント検証,#エージェント検証,520,27,3,2
INSTAGRAM,demo-market-074-2-01,2026-09-19T12:00:00Z,架空市場 エージェント検証,エージェント検証,#エージェント検証,520,26,3,2
X,demo-market-074-2-02,2026-09-19T12:00:00Z,架空市場 エージェント検証,エージェント検証,#エージェント検証,520,29,3,2
INSTAGRAM,demo-market-074-2-03,2026-09-19T12:00:00Z,架空市場 エージェント検証,エージェント検証,#エージェント検証,520,26,3,2
X,demo-market-074-2-04,2026-09-19T12:00:00Z,架空市場 エージェント検証,エージェント検証,#エージェント検証,520,28,3,2
INSTAGRAM,demo-market-074-2-05,2026-09-19T12:00:00Z,架空市場 エージェント検証,エージェント検証,#エージェント検証,520,28,3,2
X,demo-market-074-2-06,2026-09-19T12:00:00Z,架空市場 エージェント検証,エージェント検証,#エージェント検証,520,27,3,2
INSTAGRAM,demo-market-074-2-07,2026-09-19T12:00:00Z,架空市場 エージェント検証,エージェント検証,#エージェント検証,520,27,3,2
X,demo-market-074-2-08,2026-09-19T12:00:00Z,架空市場 エージェント検証,エージェント検証,#エージェント検証,520,29,3,2
X,demo-market-074-3-00,2026-09-19T12:00:00Z,架空市場 分析ノート,分析ノート,#分析ノート,500,28,3,2
INSTAGRAM,demo-market-074-3-01,2026-09-19T12:00:00Z,架空市場 分析ノート,分析ノート,#分析ノート,500,28,3,2
X,demo-market-074-3-02,2026-09-19T12:00:00Z,架空市場 分析ノート,分析ノート,#分析ノート,500,25,3,2
INSTAGRAM,demo-market-074-3-03,2026-09-19T12:00:00Z,架空市場 分析ノート,分析ノート,#分析ノート,500,26,3,2
X,demo-market-074-3-04,2026-09-19T12:00:00Z,架空市場 分析ノート,分析ノート,#分析ノート,500,27,3,2
INSTAGRAM,demo-market-074-3-05,2026-09-19T12:00:00Z,架空市場 分析ノート,分析ノート,#分析ノート,500,25,3,2
X,demo-market-074-3-06,2026-09-19T12:00:00Z,架空市場 分析ノート,分析ノート,#分析ノート,500,26,3,2
INSTAGRAM,demo-market-074-3-07,2026-09-19T12:00:00Z,架空市場 分析ノート,分析ノート,#分析ノート,500,28,3,2
X,demo-market-074-4-00,2026-09-19T12:00:00Z,架空市場 動画ラボ,動画ラボ,#動画ラボ,100,8,0,0
X,demo-market-074-5-00,2026-09-19T12:00:00Z,架空市場 運用メモ,運用メモ,#運用メモ,680,36,4,3
INSTAGRAM,demo-market-074-5-01,2026-09-19T12:00:00Z,架空市場 運用メモ,運用メモ,#運用メモ,680,36,4,3
X,demo-market-074-5-02,2026-09-19T12:00:00Z,架空市場 運用メモ,運用メモ,#運用メモ,680,37,4,3
INSTAGRAM,demo-market-074-5-03,2026-09-19T12:00:00Z,架空市場 運用メモ,運用メモ,#運用メモ,680,37,4,3
X,demo-market-074-5-04,2026-09-19T12:00:00Z,架空市場 運用メモ,運用メモ,#運用メモ,680,35,4,3
INSTAGRAM,demo-market-074-5-05,2026-09-19T12:00:00Z,架空市場 運用メモ,運用メモ,#運用メモ,680,35,4,3
X,demo-market-075-0-00,2026-09-20T12:00:00Z,架空市場 生成AI研究,生成AI研究,#生成AI研究,3100,156,19,15
INSTAGRAM,demo-market-075-0-01,2026-09-20T12:00:00Z,架空市場 生成AI研究,生成AI研究,#生成AI研究,3100,155,19,15
X,demo-market-075-0-02,2026-09-20T12:00:00Z,架空市場 生成AI研究,生成AI研究,#生成AI研究,3100,157,19,15
INSTAGRAM,demo-market-075-0-03,2026-09-20T12:00:00Z,架空市場 生成AI研究,生成AI研究,#生成AI研究,3100,156,19,15
X,demo-market-075-0-04,2026-09-20T12:00:00Z,架空市場 生成AI研究,生成AI研究,#生成AI研究,3100,156,19,15
INSTAGRAM,demo-market-075-0-05,2026-09-20T12:00:00Z,架空市場 生成AI研究,生成AI研究,#生成AI研究,3100,155,19,15
X,demo-market-075-0-06,2026-09-20T12:00:00Z,架空市場 生成AI研究,生成AI研究,#生成AI研究,3100,156,19,15
INSTAGRAM,demo-market-075-0-07,2026-09-20T12:00:00Z,架空市場 生成AI研究,生成AI研究,#生成AI研究,3100,155,19,15
X,demo-market-075-0-08,2026-09-20T12:00:00Z,架空市場 生成AI研究,生成AI研究,#生成AI研究,3100,155,19,15
INSTAGRAM,demo-market-075-0-09,2026-09-20T12:00:00Z,架空市場 生成AI研究,生成AI研究,#生成AI研究,3100,157,19,15
X,demo-market-075-0-10,2026-09-20T12:00:00Z,架空市場 生成AI研究,生成AI研究,#生成AI研究,3100,156,19,15
INSTAGRAM,demo-market-075-0-11,2026-09-20T12:00:00Z,架空市場 生成AI研究,生成AI研究,#生成AI研究,3100,158,19,15
X,demo-market-075-0-12,2026-09-20T12:00:00Z,架空市場 生成AI研究,生成AI研究,#生成AI研究,3100,156,19,15
INSTAGRAM,demo-market-075-0-13,2026-09-20T12:00:00Z,架空市場 生成AI研究,生成AI研究,#生成AI研究,3100,155,19,15
X,demo-market-075-1-00,2026-09-20T12:00:00Z,架空市場 効率化実験,効率化実験,#効率化実験,3100,155,19,15
INSTAGRAM,demo-market-075-1-01,2026-09-20T12:00:00Z,架空市場 効率化実験,効率化実験,#効率化実験,3100,155,19,15
X,demo-market-075-1-02,2026-09-20T12:00:00Z,架空市場 効率化実験,効率化実験,#効率化実験,3100,156,19,15
INSTAGRAM,demo-market-075-1-03,2026-09-20T12:00:00Z,架空市場 効率化実験,効率化実験,#効率化実験,3100,158,19,15
X,demo-market-075-1-04,2026-09-20T12:00:00Z,架空市場 効率化実験,効率化実験,#効率化実験,3100,156,19,15
INSTAGRAM,demo-market-075-1-05,2026-09-20T12:00:00Z,架空市場 効率化実験,効率化実験,#効率化実験,3100,156,19,15
X,demo-market-075-1-06,2026-09-20T12:00:00Z,架空市場 効率化実験,効率化実験,#効率化実験,3100,155,19,15
INSTAGRAM,demo-market-075-1-07,2026-09-20T12:00:00Z,架空市場 効率化実験,効率化実験,#効率化実験,3100,158,19,15
X,demo-market-075-1-08,2026-09-20T12:00:00Z,架空市場 効率化実験,効率化実験,#効率化実験,3100,156,19,15
INSTAGRAM,demo-market-075-1-09,2026-09-20T12:00:00Z,架空市場 効率化実験,効率化実験,#効率化実験,3100,157,19,15
X,demo-market-075-1-10,2026-09-20T12:00:00Z,架空市場 効率化実験,効率化実験,#効率化実験,3100,157,19,15
INSTAGRAM,demo-market-075-1-11,2026-09-20T12:00:00Z,架空市場 効率化実験,効率化実験,#効率化実験,3100,155,19,15
X,demo-market-075-1-12,2026-09-20T12:00:00Z,架空市場 効率化実験,効率化実験,#効率化実験,3100,158,19,15
X,demo-market-075-2-00,2026-09-20T12:00:00Z,架空市場 エージェント検証,エージェント検証,#エージェント検証,500,27,3,2
INSTAGRAM,demo-market-075-2-01,2026-09-20T12:00:00Z,架空市場 エージェント検証,エージェント検証,#エージェント検証,500,26,3,2
X,demo-market-075-2-02,2026-09-20T12:00:00Z,架空市場 エージェント検証,エージェント検証,#エージェント検証,500,25,3,2
INSTAGRAM,demo-market-075-2-03,2026-09-20T12:00:00Z,架空市場 エージェント検証,エージェント検証,#エージェント検証,500,27,3,2
X,demo-market-075-2-04,2026-09-20T12:00:00Z,架空市場 エージェント検証,エージェント検証,#エージェント検証,500,28,3,2
INSTAGRAM,demo-market-075-2-05,2026-09-20T12:00:00Z,架空市場 エージェント検証,エージェント検証,#エージェント検証,500,28,3,2
X,demo-market-075-2-06,2026-09-20T12:00:00Z,架空市場 エージェント検証,エージェント検証,#エージェント検証,500,25,3,2
INSTAGRAM,demo-market-075-2-07,2026-09-20T12:00:00Z,架空市場 エージェント検証,エージェント検証,#エージェント検証,500,27,3,2
X,demo-market-075-3-00,2026-09-20T12:00:00Z,架空市場 分析ノート,分析ノート,#分析ノート,500,25,3,2
INSTAGRAM,demo-market-075-3-01,2026-09-20T12:00:00Z,架空市場 分析ノート,分析ノート,#分析ノート,500,26,3,2
X,demo-market-075-3-02,2026-09-20T12:00:00Z,架空市場 分析ノート,分析ノート,#分析ノート,500,28,3,2
INSTAGRAM,demo-market-075-3-03,2026-09-20T12:00:00Z,架空市場 分析ノート,分析ノート,#分析ノート,500,28,3,2
X,demo-market-075-3-04,2026-09-20T12:00:00Z,架空市場 分析ノート,分析ノート,#分析ノート,500,26,3,2
INSTAGRAM,demo-market-075-3-05,2026-09-20T12:00:00Z,架空市場 分析ノート,分析ノート,#分析ノート,500,27,3,2
X,demo-market-075-3-06,2026-09-20T12:00:00Z,架空市場 分析ノート,分析ノート,#分析ノート,500,26,3,2
X,demo-market-075-4-00,2026-09-20T12:00:00Z,架空市場 動画ラボ,動画ラボ,#動画ラボ,100,6,0,0
INSTAGRAM,demo-market-075-4-01,2026-09-20T12:00:00Z,架空市場 動画ラボ,動画ラボ,#動画ラボ,100,6,0,0
X,demo-market-075-5-00,2026-09-20T12:00:00Z,架空市場 運用メモ,運用メモ,#運用メモ,720,38,4,3
INSTAGRAM,demo-market-075-5-01,2026-09-20T12:00:00Z,架空市場 運用メモ,運用メモ,#運用メモ,720,39,4,3
X,demo-market-075-5-02,2026-09-20T12:00:00Z,架空市場 運用メモ,運用メモ,#運用メモ,720,36,4,3
INSTAGRAM,demo-market-075-5-03,2026-09-20T12:00:00Z,架空市場 運用メモ,運用メモ,#運用メモ,720,36,4,3
X,demo-market-075-5-04,2026-09-20T12:00:00Z,架空市場 運用メモ,運用メモ,#運用メモ,720,38,4,3
INSTAGRAM,demo-market-075-5-05,2026-09-20T12:00:00Z,架空市場 運用メモ,運用メモ,#運用メモ,720,37,4,3
X,demo-market-076-0-00,2026-09-21T12:00:00Z,架空市場 生成AI研究,生成AI研究,#生成AI研究,3200,160,20,16
INSTAGRAM,demo-market-076-0-01,2026-09-21T12:00:00Z,架空市場 生成AI研究,生成AI研究,#生成AI研究,3200,163,20,16
X,demo-market-076-0-02,2026-09-21T12:00:00Z,架空市場 生成AI研究,生成AI研究,#生成AI研究,3200,160,20,16
INSTAGRAM,demo-market-076-0-03,2026-09-21T12:00:00Z,架空市場 生成AI研究,生成AI研究,#生成AI研究,3200,162,20,16
X,demo-market-076-0-04,2026-09-21T12:00:00Z,架空市場 生成AI研究,生成AI研究,#生成AI研究,3200,161,20,16
INSTAGRAM,demo-market-076-0-05,2026-09-21T12:00:00Z,架空市場 生成AI研究,生成AI研究,#生成AI研究,3200,162,20,16
X,demo-market-076-0-06,2026-09-21T12:00:00Z,架空市場 生成AI研究,生成AI研究,#生成AI研究,3200,161,20,16
INSTAGRAM,demo-market-076-0-07,2026-09-21T12:00:00Z,架空市場 生成AI研究,生成AI研究,#生成AI研究,3200,161,20,16
X,demo-market-076-0-08,2026-09-21T12:00:00Z,架空市場 生成AI研究,生成AI研究,#生成AI研究,3200,161,20,16
INSTAGRAM,demo-market-076-0-09,2026-09-21T12:00:00Z,架空市場 生成AI研究,生成AI研究,#生成AI研究,3200,160,20,16
X,demo-market-076-0-10,2026-09-21T12:00:00Z,架空市場 生成AI研究,生成AI研究,#生成AI研究,3200,160,20,16
INSTAGRAM,demo-market-076-0-11,2026-09-21T12:00:00Z,架空市場 生成AI研究,生成AI研究,#生成AI研究,3200,163,20,16
X,demo-market-076-0-12,2026-09-21T12:00:00Z,架空市場 生成AI研究,生成AI研究,#生成AI研究,3200,163,20,16
INSTAGRAM,demo-market-076-0-13,2026-09-21T12:00:00Z,架空市場 生成AI研究,生成AI研究,#生成AI研究,3200,162,20,16
X,demo-market-076-1-00,2026-09-21T12:00:00Z,架空市場 効率化実験,効率化実験,#効率化実験,3200,162,20,16
INSTAGRAM,demo-market-076-1-01,2026-09-21T12:00:00Z,架空市場 効率化実験,効率化実験,#効率化実験,3200,161,20,16
X,demo-market-076-1-02,2026-09-21T12:00:00Z,架空市場 効率化実験,効率化実験,#効率化実験,3200,161,20,16
INSTAGRAM,demo-market-076-1-03,2026-09-21T12:00:00Z,架空市場 効率化実験,効率化実験,#効率化実験,3200,161,20,16
X,demo-market-076-1-04,2026-09-21T12:00:00Z,架空市場 効率化実験,効率化実験,#効率化実験,3200,162,20,16
INSTAGRAM,demo-market-076-1-05,2026-09-21T12:00:00Z,架空市場 効率化実験,効率化実験,#効率化実験,3200,161,20,16
X,demo-market-076-1-06,2026-09-21T12:00:00Z,架空市場 効率化実験,効率化実験,#効率化実験,3200,162,20,16
INSTAGRAM,demo-market-076-1-07,2026-09-21T12:00:00Z,架空市場 効率化実験,効率化実験,#効率化実験,3200,163,20,16
X,demo-market-076-1-08,2026-09-21T12:00:00Z,架空市場 効率化実験,効率化実験,#効率化実験,3200,163,20,16
INSTAGRAM,demo-market-076-1-09,2026-09-21T12:00:00Z,架空市場 効率化実験,効率化実験,#効率化実験,3200,163,20,16
X,demo-market-076-1-10,2026-09-21T12:00:00Z,架空市場 効率化実験,効率化実験,#効率化実験,3200,160,20,16
INSTAGRAM,demo-market-076-1-11,2026-09-21T12:00:00Z,架空市場 効率化実験,効率化実験,#効率化実験,3200,161,20,16
X,demo-market-076-1-12,2026-09-21T12:00:00Z,架空市場 効率化実験,効率化実験,#効率化実験,3200,161,20,16
INSTAGRAM,demo-market-076-1-13,2026-09-21T12:00:00Z,架空市場 効率化実験,効率化実験,#効率化実験,3200,162,20,16
X,demo-market-076-2-00,2026-09-21T12:00:00Z,架空市場 エージェント検証,エージェント検証,#エージェント検証,480,26,3,2
INSTAGRAM,demo-market-076-2-01,2026-09-21T12:00:00Z,架空市場 エージェント検証,エージェント検証,#エージェント検証,480,27,3,2
X,demo-market-076-2-02,2026-09-21T12:00:00Z,架空市場 エージェント検証,エージェント検証,#エージェント検証,480,27,3,2
INSTAGRAM,demo-market-076-2-03,2026-09-21T12:00:00Z,架空市場 エージェント検証,エージェント検証,#エージェント検証,480,25,3,2
X,demo-market-076-2-04,2026-09-21T12:00:00Z,架空市場 エージェント検証,エージェント検証,#エージェント検証,480,24,3,2
INSTAGRAM,demo-market-076-2-05,2026-09-21T12:00:00Z,架空市場 エージェント検証,エージェント検証,#エージェント検証,480,25,3,2
X,demo-market-076-2-06,2026-09-21T12:00:00Z,架空市場 エージェント検証,エージェント検証,#エージェント検証,480,24,3,2
X,demo-market-076-3-00,2026-09-21T12:00:00Z,架空市場 分析ノート,分析ノート,#分析ノート,500,28,3,2
INSTAGRAM,demo-market-076-3-01,2026-09-21T12:00:00Z,架空市場 分析ノート,分析ノート,#分析ノート,500,26,3,2
X,demo-market-076-3-02,2026-09-21T12:00:00Z,架空市場 分析ノート,分析ノート,#分析ノート,500,27,3,2
INSTAGRAM,demo-market-076-3-03,2026-09-21T12:00:00Z,架空市場 分析ノート,分析ノート,#分析ノート,500,26,3,2
X,demo-market-076-3-04,2026-09-21T12:00:00Z,架空市場 分析ノート,分析ノート,#分析ノート,500,27,3,2
INSTAGRAM,demo-market-076-3-05,2026-09-21T12:00:00Z,架空市場 分析ノート,分析ノート,#分析ノート,500,25,3,2
X,demo-market-076-3-06,2026-09-21T12:00:00Z,架空市場 分析ノート,分析ノート,#分析ノート,500,28,3,2
X,demo-market-076-4-00,2026-09-21T12:00:00Z,架空市場 動画ラボ,動画ラボ,#動画ラボ,100,7,0,0
INSTAGRAM,demo-market-076-4-01,2026-09-21T12:00:00Z,架空市場 動画ラボ,動画ラボ,#動画ラボ,100,6,0,0
X,demo-market-076-5-00,2026-09-21T12:00:00Z,架空市場 運用メモ,運用メモ,#運用メモ,760,38,4,3
INSTAGRAM,demo-market-076-5-01,2026-09-21T12:00:00Z,架空市場 運用メモ,運用メモ,#運用メモ,760,41,4,3
X,demo-market-076-5-02,2026-09-21T12:00:00Z,架空市場 運用メモ,運用メモ,#運用メモ,760,40,4,3
INSTAGRAM,demo-market-076-5-03,2026-09-21T12:00:00Z,架空市場 運用メモ,運用メモ,#運用メモ,760,40,4,3
X,demo-market-076-5-04,2026-09-21T12:00:00Z,架空市場 運用メモ,運用メモ,#運用メモ,760,38,4,3
INSTAGRAM,demo-market-076-5-05,2026-09-21T12:00:00Z,架空市場 運用メモ,運用メモ,#運用メモ,760,41,4,3
X,demo-market-077-0-00,2026-09-22T12:00:00Z,架空市場 生成AI研究,生成AI研究,#生成AI研究,3300,167,20,16
INSTAGRAM,demo-market-077-0-01,2026-09-22T12:00:00Z,架空市場 生成AI研究,生成AI研究,#生成AI研究,3300,168,20,16
X,demo-market-077-0-02,2026-09-22T12:00:00Z,架空市場 生成AI研究,生成AI研究,#生成AI研究,3300,168,20,16
INSTAGRAM,demo-market-077-0-03,2026-09-22T12:00:00Z,架空市場 生成AI研究,生成AI研究,#生成AI研究,3300,167,20,16
X,demo-market-077-0-04,2026-09-22T12:00:00Z,架空市場 生成AI研究,生成AI研究,#生成AI研究,3300,166,20,16
INSTAGRAM,demo-market-077-0-05,2026-09-22T12:00:00Z,架空市場 生成AI研究,生成AI研究,#生成AI研究,3300,165,20,16
X,demo-market-077-0-06,2026-09-22T12:00:00Z,架空市場 生成AI研究,生成AI研究,#生成AI研究,3300,165,20,16
INSTAGRAM,demo-market-077-0-07,2026-09-22T12:00:00Z,架空市場 生成AI研究,生成AI研究,#生成AI研究,3300,167,20,16
X,demo-market-077-0-08,2026-09-22T12:00:00Z,架空市場 生成AI研究,生成AI研究,#生成AI研究,3300,168,20,16
INSTAGRAM,demo-market-077-0-09,2026-09-22T12:00:00Z,架空市場 生成AI研究,生成AI研究,#生成AI研究,3300,168,20,16
X,demo-market-077-0-10,2026-09-22T12:00:00Z,架空市場 生成AI研究,生成AI研究,#生成AI研究,3300,168,20,16
INSTAGRAM,demo-market-077-0-11,2026-09-22T12:00:00Z,架空市場 生成AI研究,生成AI研究,#生成AI研究,3300,167,20,16
X,demo-market-077-0-12,2026-09-22T12:00:00Z,架空市場 生成AI研究,生成AI研究,#生成AI研究,3300,166,20,16
INSTAGRAM,demo-market-077-0-13,2026-09-22T12:00:00Z,架空市場 生成AI研究,生成AI研究,#生成AI研究,3300,167,20,16
X,demo-market-077-0-14,2026-09-22T12:00:00Z,架空市場 生成AI研究,生成AI研究,#生成AI研究,3300,166,20,16
X,demo-market-077-1-00,2026-09-22T12:00:00Z,架空市場 効率化実験,効率化実験,#効率化実験,3300,168,20,16
INSTAGRAM,demo-market-077-1-01,2026-09-22T12:00:00Z,架空市場 効率化実験,効率化実験,#効率化実験,3300,166,20,16
X,demo-market-077-1-02,2026-09-22T12:00:00Z,架空市場 効率化実験,効率化実験,#効率化実験,3300,165,20,16
INSTAGRAM,demo-market-077-1-03,2026-09-22T12:00:00Z,架空市場 効率化実験,効率化実験,#効率化実験,3300,166,20,16
X,demo-market-077-1-04,2026-09-22T12:00:00Z,架空市場 効率化実験,効率化実験,#効率化実験,3300,167,20,16
INSTAGRAM,demo-market-077-1-05,2026-09-22T12:00:00Z,架空市場 効率化実験,効率化実験,#効率化実験,3300,165,20,16
X,demo-market-077-1-06,2026-09-22T12:00:00Z,架空市場 効率化実験,効率化実験,#効率化実験,3300,167,20,16
INSTAGRAM,demo-market-077-1-07,2026-09-22T12:00:00Z,架空市場 効率化実験,効率化実験,#効率化実験,3300,166,20,16
X,demo-market-077-1-08,2026-09-22T12:00:00Z,架空市場 効率化実験,効率化実験,#効率化実験,3300,165,20,16
INSTAGRAM,demo-market-077-1-09,2026-09-22T12:00:00Z,架空市場 効率化実験,効率化実験,#効率化実験,3300,168,20,16
X,demo-market-077-1-10,2026-09-22T12:00:00Z,架空市場 効率化実験,効率化実験,#効率化実験,3300,166,20,16
INSTAGRAM,demo-market-077-1-11,2026-09-22T12:00:00Z,架空市場 効率化実験,効率化実験,#効率化実験,3300,167,20,16
X,demo-market-077-1-12,2026-09-22T12:00:00Z,架空市場 効率化実験,効率化実験,#効率化実験,3300,166,20,16
INSTAGRAM,demo-market-077-1-13,2026-09-22T12:00:00Z,架空市場 効率化実験,効率化実験,#効率化実験,3300,167,20,16
X,demo-market-077-2-00,2026-09-22T12:00:00Z,架空市場 エージェント検証,エージェント検証,#エージェント検証,460,24,2,2
INSTAGRAM,demo-market-077-2-01,2026-09-22T12:00:00Z,架空市場 エージェント検証,エージェント検証,#エージェント検証,460,25,2,2
X,demo-market-077-2-02,2026-09-22T12:00:00Z,架空市場 エージェント検証,エージェント検証,#エージェント検証,460,23,2,2
INSTAGRAM,demo-market-077-2-03,2026-09-22T12:00:00Z,架空市場 エージェント検証,エージェント検証,#エージェント検証,460,23,2,2
X,demo-market-077-2-04,2026-09-22T12:00:00Z,架空市場 エージェント検証,エージェント検証,#エージェント検証,460,25,2,2
INSTAGRAM,demo-market-077-2-05,2026-09-22T12:00:00Z,架空市場 エージェント検証,エージェント検証,#エージェント検証,460,24,2,2
X,demo-market-077-2-06,2026-09-22T12:00:00Z,架空市場 エージェント検証,エージェント検証,#エージェント検証,460,25,2,2
X,demo-market-077-3-00,2026-09-22T12:00:00Z,架空市場 分析ノート,分析ノート,#分析ノート,500,25,3,2
INSTAGRAM,demo-market-077-3-01,2026-09-22T12:00:00Z,架空市場 分析ノート,分析ノート,#分析ノート,500,26,3,2
X,demo-market-077-3-02,2026-09-22T12:00:00Z,架空市場 分析ノート,分析ノート,#分析ノート,500,25,3,2
INSTAGRAM,demo-market-077-3-03,2026-09-22T12:00:00Z,架空市場 分析ノート,分析ノート,#分析ノート,500,25,3,2
X,demo-market-077-3-04,2026-09-22T12:00:00Z,架空市場 分析ノート,分析ノート,#分析ノート,500,26,3,2
INSTAGRAM,demo-market-077-3-05,2026-09-22T12:00:00Z,架空市場 分析ノート,分析ノート,#分析ノート,500,28,3,2
X,demo-market-077-3-06,2026-09-22T12:00:00Z,架空市場 分析ノート,分析ノート,#分析ノート,500,26,3,2
X,demo-market-077-4-00,2026-09-22T12:00:00Z,架空市場 動画ラボ,動画ラボ,#動画ラボ,100,7,0,0
X,demo-market-077-5-00,2026-09-22T12:00:00Z,架空市場 運用メモ,運用メモ,#運用メモ,800,43,5,4
INSTAGRAM,demo-market-077-5-01,2026-09-22T12:00:00Z,架空市場 運用メモ,運用メモ,#運用メモ,800,42,5,4
X,demo-market-077-5-02,2026-09-22T12:00:00Z,架空市場 運用メモ,運用メモ,#運用メモ,800,41,5,4
INSTAGRAM,demo-market-077-5-03,2026-09-22T12:00:00Z,架空市場 運用メモ,運用メモ,#運用メモ,800,41,5,4
X,demo-market-077-5-04,2026-09-22T12:00:00Z,架空市場 運用メモ,運用メモ,#運用メモ,800,42,5,4
INSTAGRAM,demo-market-077-5-05,2026-09-22T12:00:00Z,架空市場 運用メモ,運用メモ,#運用メモ,800,42,5,4
X,demo-market-078-0-00,2026-09-23T12:00:00Z,架空市場 生成AI研究,生成AI研究,#生成AI研究,3400,173,21,17
INSTAGRAM,demo-market-078-0-01,2026-09-23T12:00:00Z,架空市場 生成AI研究,生成AI研究,#生成AI研究,3400,172,21,17
X,demo-market-078-0-02,2026-09-23T12:00:00Z,架空市場 生成AI研究,生成AI研究,#生成AI研究,3400,173,21,17
INSTAGRAM,demo-market-078-0-03,2026-09-23T12:00:00Z,架空市場 生成AI研究,生成AI研究,#生成AI研究,3400,170,21,17
X,demo-market-078-0-04,2026-09-23T12:00:00Z,架空市場 生成AI研究,生成AI研究,#生成AI研究,3400,173,21,17
INSTAGRAM,demo-market-078-0-05,2026-09-23T12:00:00Z,架空市場 生成AI研究,生成AI研究,#生成AI研究,3400,173,21,17
X,demo-market-078-0-06,2026-09-23T12:00:00Z,架空市場 生成AI研究,生成AI研究,#生成AI研究,3400,173,21,17
INSTAGRAM,demo-market-078-0-07,2026-09-23T12:00:00Z,架空市場 生成AI研究,生成AI研究,#生成AI研究,3400,170,21,17
X,demo-market-078-0-08,2026-09-23T12:00:00Z,架空市場 生成AI研究,生成AI研究,#生成AI研究,3400,172,21,17
INSTAGRAM,demo-market-078-0-09,2026-09-23T12:00:00Z,架空市場 生成AI研究,生成AI研究,#生成AI研究,3400,173,21,17
X,demo-market-078-0-10,2026-09-23T12:00:00Z,架空市場 生成AI研究,生成AI研究,#生成AI研究,3400,172,21,17
INSTAGRAM,demo-market-078-0-11,2026-09-23T12:00:00Z,架空市場 生成AI研究,生成AI研究,#生成AI研究,3400,171,21,17
X,demo-market-078-0-12,2026-09-23T12:00:00Z,架空市場 生成AI研究,生成AI研究,#生成AI研究,3400,172,21,17
INSTAGRAM,demo-market-078-0-13,2026-09-23T12:00:00Z,架空市場 生成AI研究,生成AI研究,#生成AI研究,3400,171,21,17
X,demo-market-078-0-14,2026-09-23T12:00:00Z,架空市場 生成AI研究,生成AI研究,#生成AI研究,3400,170,21,17
X,demo-market-078-1-00,2026-09-23T12:00:00Z,架空市場 効率化実験,効率化実験,#効率化実験,3400,170,21,17
INSTAGRAM,demo-market-078-1-01,2026-09-23T12:00:00Z,架空市場 効率化実験,効率化実験,#効率化実験,3400,172,21,17
X,demo-market-078-1-02,2026-09-23T12:00:00Z,架空市場 効率化実験,効率化実験,#効率化実験,3400,172,21,17
INSTAGRAM,demo-market-078-1-03,2026-09-23T12:00:00Z,架空市場 効率化実験,効率化実験,#効率化実験,3400,170,21,17
X,demo-market-078-1-04,2026-09-23T12:00:00Z,架空市場 効率化実験,効率化実験,#効率化実験,3400,173,21,17
INSTAGRAM,demo-market-078-1-05,2026-09-23T12:00:00Z,架空市場 効率化実験,効率化実験,#効率化実験,3400,171,21,17
X,demo-market-078-1-06,2026-09-23T12:00:00Z,架空市場 効率化実験,効率化実験,#効率化実験,3400,171,21,17
INSTAGRAM,demo-market-078-1-07,2026-09-23T12:00:00Z,架空市場 効率化実験,効率化実験,#効率化実験,3400,171,21,17
X,demo-market-078-1-08,2026-09-23T12:00:00Z,架空市場 効率化実験,効率化実験,#効率化実験,3400,172,21,17
INSTAGRAM,demo-market-078-1-09,2026-09-23T12:00:00Z,架空市場 効率化実験,効率化実験,#効率化実験,3400,170,21,17
X,demo-market-078-1-10,2026-09-23T12:00:00Z,架空市場 効率化実験,効率化実験,#効率化実験,3400,172,21,17
INSTAGRAM,demo-market-078-1-11,2026-09-23T12:00:00Z,架空市場 効率化実験,効率化実験,#効率化実験,3400,172,21,17
X,demo-market-078-1-12,2026-09-23T12:00:00Z,架空市場 効率化実験,効率化実験,#効率化実験,3400,173,21,17
INSTAGRAM,demo-market-078-1-13,2026-09-23T12:00:00Z,架空市場 効率化実験,効率化実験,#効率化実験,3400,170,21,17
X,demo-market-078-2-00,2026-09-23T12:00:00Z,架空市場 エージェント検証,エージェント検証,#エージェント検証,440,25,2,2
INSTAGRAM,demo-market-078-2-01,2026-09-23T12:00:00Z,架空市場 エージェント検証,エージェント検証,#エージェント検証,440,23,2,2
X,demo-market-078-2-02,2026-09-23T12:00:00Z,架空市場 エージェント検証,エージェント検証,#エージェント検証,440,24,2,2
INSTAGRAM,demo-market-078-2-03,2026-09-23T12:00:00Z,架空市場 エージェント検証,エージェント検証,#エージェント検証,440,23,2,2
X,demo-market-078-2-04,2026-09-23T12:00:00Z,架空市場 エージェント検証,エージェント検証,#エージェント検証,440,24,2,2
INSTAGRAM,demo-market-078-2-05,2026-09-23T12:00:00Z,架空市場 エージェント検証,エージェント検証,#エージェント検証,440,24,2,2
X,demo-market-078-3-00,2026-09-23T12:00:00Z,架空市場 分析ノート,分析ノート,#分析ノート,500,28,3,2
INSTAGRAM,demo-market-078-3-01,2026-09-23T12:00:00Z,架空市場 分析ノート,分析ノート,#分析ノート,500,28,3,2
X,demo-market-078-3-02,2026-09-23T12:00:00Z,架空市場 分析ノート,分析ノート,#分析ノート,500,25,3,2
INSTAGRAM,demo-market-078-3-03,2026-09-23T12:00:00Z,架空市場 分析ノート,分析ノート,#分析ノート,500,28,3,2
X,demo-market-078-3-04,2026-09-23T12:00:00Z,架空市場 分析ノート,分析ノート,#分析ノート,500,26,3,2
INSTAGRAM,demo-market-078-3-05,2026-09-23T12:00:00Z,架空市場 分析ノート,分析ノート,#分析ノート,500,25,3,2
X,demo-market-078-3-06,2026-09-23T12:00:00Z,架空市場 分析ノート,分析ノート,#分析ノート,500,28,3,2
X,demo-market-078-4-00,2026-09-23T12:00:00Z,架空市場 動画ラボ,動画ラボ,#動画ラボ,100,7,0,0
X,demo-market-078-5-00,2026-09-23T12:00:00Z,架空市場 運用メモ,運用メモ,#運用メモ,840,42,5,4
INSTAGRAM,demo-market-078-5-01,2026-09-23T12:00:00Z,架空市場 運用メモ,運用メモ,#運用メモ,840,45,5,4
X,demo-market-078-5-02,2026-09-23T12:00:00Z,架空市場 運用メモ,運用メモ,#運用メモ,840,44,5,4
INSTAGRAM,demo-market-078-5-03,2026-09-23T12:00:00Z,架空市場 運用メモ,運用メモ,#運用メモ,840,44,5,4
X,demo-market-078-5-04,2026-09-23T12:00:00Z,架空市場 運用メモ,運用メモ,#運用メモ,840,43,5,4
INSTAGRAM,demo-market-078-5-05,2026-09-23T12:00:00Z,架空市場 運用メモ,運用メモ,#運用メモ,840,44,5,4
X,demo-market-078-5-06,2026-09-23T12:00:00Z,架空市場 運用メモ,運用メモ,#運用メモ,840,44,5,4
X,demo-market-079-0-00,2026-09-24T12:00:00Z,架空市場 生成AI研究,生成AI研究,#生成AI研究,3500,178,21,17
INSTAGRAM,demo-market-079-0-01,2026-09-24T12:00:00Z,架空市場 生成AI研究,生成AI研究,#生成AI研究,3500,178,21,17
X,demo-market-079-0-02,2026-09-24T12:00:00Z,架空市場 生成AI研究,生成AI研究,#生成AI研究,3500,177,21,17
INSTAGRAM,demo-market-079-0-03,2026-09-24T12:00:00Z,架空市場 生成AI研究,生成AI研究,#生成AI研究,3500,177,21,17
X,demo-market-079-0-04,2026-09-24T12:00:00Z,架空市場 生成AI研究,生成AI研究,#生成AI研究,3500,175,21,17
INSTAGRAM,demo-market-079-0-05,2026-09-24T12:00:00Z,架空市場 生成AI研究,生成AI研究,#生成AI研究,3500,177,21,17
X,demo-market-079-0-06,2026-09-24T12:00:00Z,架空市場 生成AI研究,生成AI研究,#生成AI研究,3500,176,21,17
INSTAGRAM,demo-market-079-0-07,2026-09-24T12:00:00Z,架空市場 生成AI研究,生成AI研究,#生成AI研究,3500,176,21,17
X,demo-market-079-0-08,2026-09-24T12:00:00Z,架空市場 生成AI研究,生成AI研究,#生成AI研究,3500,178,21,17
INSTAGRAM,demo-market-079-0-09,2026-09-24T12:00:00Z,架空市場 生成AI研究,生成AI研究,#生成AI研究,3500,177,21,17
X,demo-market-079-0-10,2026-09-24T12:00:00Z,架空市場 生成AI研究,生成AI研究,#生成AI研究,3500,178,21,17
INSTAGRAM,demo-market-079-0-11,2026-09-24T12:00:00Z,架空市場 生成AI研究,生成AI研究,#生成AI研究,3500,175,21,17
X,demo-market-079-0-12,2026-09-24T12:00:00Z,架空市場 生成AI研究,生成AI研究,#生成AI研究,3500,177,21,17
INSTAGRAM,demo-market-079-0-13,2026-09-24T12:00:00Z,架空市場 生成AI研究,生成AI研究,#生成AI研究,3500,175,21,17
X,demo-market-079-0-14,2026-09-24T12:00:00Z,架空市場 生成AI研究,生成AI研究,#生成AI研究,3500,175,21,17
INSTAGRAM,demo-market-079-0-15,2026-09-24T12:00:00Z,架空市場 生成AI研究,生成AI研究,#生成AI研究,3500,175,21,17
X,demo-market-079-1-00,2026-09-24T12:00:00Z,架空市場 効率化実験,効率化実験,#効率化実験,3500,176,21,17
INSTAGRAM,demo-market-079-1-01,2026-09-24T12:00:00Z,架空市場 効率化実験,効率化実験,#効率化実験,3500,178,21,17
X,demo-market-079-1-02,2026-09-24T12:00:00Z,架空市場 効率化実験,効率化実験,#効率化実験,3500,175,21,17
INSTAGRAM,demo-market-079-1-03,2026-09-24T12:00:00Z,架空市場 効率化実験,効率化実験,#効率化実験,3500,176,21,17
X,demo-market-079-1-04,2026-09-24T12:00:00Z,架空市場 効率化実験,効率化実験,#効率化実験,3500,178,21,17
INSTAGRAM,demo-market-079-1-05,2026-09-24T12:00:00Z,架空市場 効率化実験,効率化実験,#効率化実験,3500,177,21,17
X,demo-market-079-1-06,2026-09-24T12:00:00Z,架空市場 効率化実験,効率化実験,#効率化実験,3500,176,21,17
INSTAGRAM,demo-market-079-1-07,2026-09-24T12:00:00Z,架空市場 効率化実験,効率化実験,#効率化実験,3500,178,21,17
X,demo-market-079-1-08,2026-09-24T12:00:00Z,架空市場 効率化実験,効率化実験,#効率化実験,3500,176,21,17
INSTAGRAM,demo-market-079-1-09,2026-09-24T12:00:00Z,架空市場 効率化実験,効率化実験,#効率化実験,3500,175,21,17
X,demo-market-079-1-10,2026-09-24T12:00:00Z,架空市場 効率化実験,効率化実験,#効率化実験,3500,176,21,17
INSTAGRAM,demo-market-079-1-11,2026-09-24T12:00:00Z,架空市場 効率化実験,効率化実験,#効率化実験,3500,176,21,17
X,demo-market-079-1-12,2026-09-24T12:00:00Z,架空市場 効率化実験,効率化実験,#効率化実験,3500,178,21,17
INSTAGRAM,demo-market-079-1-13,2026-09-24T12:00:00Z,架空市場 効率化実験,効率化実験,#効率化実験,3500,177,21,17
X,demo-market-079-1-14,2026-09-24T12:00:00Z,架空市場 効率化実験,効率化実験,#効率化実験,3500,176,21,17
X,demo-market-079-2-00,2026-09-24T12:00:00Z,架空市場 エージェント検証,エージェント検証,#エージェント検証,420,24,2,2
INSTAGRAM,demo-market-079-2-01,2026-09-24T12:00:00Z,架空市場 エージェント検証,エージェント検証,#エージェント検証,420,21,2,2
X,demo-market-079-2-02,2026-09-24T12:00:00Z,架空市場 エージェント検証,エージェント検証,#エージェント検証,420,24,2,2
INSTAGRAM,demo-market-079-2-03,2026-09-24T12:00:00Z,架空市場 エージェント検証,エージェント検証,#エージェント検証,420,24,2,2
X,demo-market-079-2-04,2026-09-24T12:00:00Z,架空市場 エージェント検証,エージェント検証,#エージェント検証,420,23,2,2
X,demo-market-079-3-00,2026-09-24T12:00:00Z,架空市場 分析ノート,分析ノート,#分析ノート,500,27,3,2
INSTAGRAM,demo-market-079-3-01,2026-09-24T12:00:00Z,架空市場 分析ノート,分析ノート,#分析ノート,500,28,3,2
X,demo-market-079-3-02,2026-09-24T12:00:00Z,架空市場 分析ノート,分析ノート,#分析ノート,500,25,3,2
INSTAGRAM,demo-market-079-3-03,2026-09-24T12:00:00Z,架空市場 分析ノート,分析ノート,#分析ノート,500,27,3,2
X,demo-market-079-3-04,2026-09-24T12:00:00Z,架空市場 分析ノート,分析ノート,#分析ノート,500,28,3,2
INSTAGRAM,demo-market-079-3-05,2026-09-24T12:00:00Z,架空市場 分析ノート,分析ノート,#分析ノート,500,28,3,2
X,demo-market-079-4-00,2026-09-24T12:00:00Z,架空市場 動画ラボ,動画ラボ,#動画ラボ,100,7,0,0
X,demo-market-079-5-00,2026-09-24T12:00:00Z,架空市場 運用メモ,運用メモ,#運用メモ,880,47,5,4
INSTAGRAM,demo-market-079-5-01,2026-09-24T12:00:00Z,架空市場 運用メモ,運用メモ,#運用メモ,880,46,5,4
X,demo-market-079-5-02,2026-09-24T12:00:00Z,架空市場 運用メモ,運用メモ,#運用メモ,880,44,5,4
INSTAGRAM,demo-market-079-5-03,2026-09-24T12:00:00Z,架空市場 運用メモ,運用メモ,#運用メモ,880,47,5,4
X,demo-market-079-5-04,2026-09-24T12:00:00Z,架空市場 運用メモ,運用メモ,#運用メモ,880,44,5,4
INSTAGRAM,demo-market-079-5-05,2026-09-24T12:00:00Z,架空市場 運用メモ,運用メモ,#運用メモ,880,47,5,4
X,demo-market-079-5-06,2026-09-24T12:00:00Z,架空市場 運用メモ,運用メモ,#運用メモ,880,47,5,4
X,demo-market-080-0-00,2026-09-25T12:00:00Z,架空市場 生成AI研究,生成AI研究,#生成AI研究,3600,181,22,18
INSTAGRAM,demo-market-080-0-01,2026-09-25T12:00:00Z,架空市場 生成AI研究,生成AI研究,#生成AI研究,3600,180,22,18
X,demo-market-080-0-02,2026-09-25T12:00:00Z,架空市場 生成AI研究,生成AI研究,#生成AI研究,3600,183,22,18
INSTAGRAM,demo-market-080-0-03,2026-09-25T12:00:00Z,架空市場 生成AI研究,生成AI研究,#生成AI研究,3600,182,22,18
X,demo-market-080-0-04,2026-09-25T12:00:00Z,架空市場 生成AI研究,生成AI研究,#生成AI研究,3600,183,22,18
INSTAGRAM,demo-market-080-0-05,2026-09-25T12:00:00Z,架空市場 生成AI研究,生成AI研究,#生成AI研究,3600,182,22,18
X,demo-market-080-0-06,2026-09-25T12:00:00Z,架空市場 生成AI研究,生成AI研究,#生成AI研究,3600,183,22,18
INSTAGRAM,demo-market-080-0-07,2026-09-25T12:00:00Z,架空市場 生成AI研究,生成AI研究,#生成AI研究,3600,183,22,18
X,demo-market-080-0-08,2026-09-25T12:00:00Z,架空市場 生成AI研究,生成AI研究,#生成AI研究,3600,181,22,18
INSTAGRAM,demo-market-080-0-09,2026-09-25T12:00:00Z,架空市場 生成AI研究,生成AI研究,#生成AI研究,3600,180,22,18
X,demo-market-080-0-10,2026-09-25T12:00:00Z,架空市場 生成AI研究,生成AI研究,#生成AI研究,3600,183,22,18
INSTAGRAM,demo-market-080-0-11,2026-09-25T12:00:00Z,架空市場 生成AI研究,生成AI研究,#生成AI研究,3600,182,22,18
X,demo-market-080-0-12,2026-09-25T12:00:00Z,架空市場 生成AI研究,生成AI研究,#生成AI研究,3600,182,22,18
INSTAGRAM,demo-market-080-0-13,2026-09-25T12:00:00Z,架空市場 生成AI研究,生成AI研究,#生成AI研究,3600,181,22,18
X,demo-market-080-0-14,2026-09-25T12:00:00Z,架空市場 生成AI研究,生成AI研究,#生成AI研究,3600,180,22,18
INSTAGRAM,demo-market-080-0-15,2026-09-25T12:00:00Z,架空市場 生成AI研究,生成AI研究,#生成AI研究,3600,183,22,18
X,demo-market-080-1-00,2026-09-25T12:00:00Z,架空市場 効率化実験,効率化実験,#効率化実験,3600,180,22,18
INSTAGRAM,demo-market-080-1-01,2026-09-25T12:00:00Z,架空市場 効率化実験,効率化実験,#効率化実験,3600,182,22,18
X,demo-market-080-1-02,2026-09-25T12:00:00Z,架空市場 効率化実験,効率化実験,#効率化実験,3600,182,22,18
INSTAGRAM,demo-market-080-1-03,2026-09-25T12:00:00Z,架空市場 効率化実験,効率化実験,#効率化実験,3600,183,22,18
X,demo-market-080-1-04,2026-09-25T12:00:00Z,架空市場 効率化実験,効率化実験,#効率化実験,3600,183,22,18
INSTAGRAM,demo-market-080-1-05,2026-09-25T12:00:00Z,架空市場 効率化実験,効率化実験,#効率化実験,3600,180,22,18
X,demo-market-080-1-06,2026-09-25T12:00:00Z,架空市場 効率化実験,効率化実験,#効率化実験,3600,183,22,18
INSTAGRAM,demo-market-080-1-07,2026-09-25T12:00:00Z,架空市場 効率化実験,効率化実験,#効率化実験,3600,182,22,18
X,demo-market-080-1-08,2026-09-25T12:00:00Z,架空市場 効率化実験,効率化実験,#効率化実験,3600,182,22,18
INSTAGRAM,demo-market-080-1-09,2026-09-25T12:00:00Z,架空市場 効率化実験,効率化実験,#効率化実験,3600,182,22,18
X,demo-market-080-1-10,2026-09-25T12:00:00Z,架空市場 効率化実験,効率化実験,#効率化実験,3600,181,22,18
INSTAGRAM,demo-market-080-1-11,2026-09-25T12:00:00Z,架空市場 効率化実験,効率化実験,#効率化実験,3600,180,22,18
X,demo-market-080-1-12,2026-09-25T12:00:00Z,架空市場 効率化実験,効率化実験,#効率化実験,3600,180,22,18
INSTAGRAM,demo-market-080-1-13,2026-09-25T12:00:00Z,架空市場 効率化実験,効率化実験,#効率化実験,3600,183,22,18
X,demo-market-080-1-14,2026-09-25T12:00:00Z,架空市場 効率化実験,効率化実験,#効率化実験,3600,180,22,18
X,demo-market-080-2-00,2026-09-25T12:00:00Z,架空市場 エージェント検証,エージェント検証,#エージェント検証,400,23,2,2
INSTAGRAM,demo-market-080-2-01,2026-09-25T12:00:00Z,架空市場 エージェント検証,エージェント検証,#エージェント検証,400,22,2,2
X,demo-market-080-2-02,2026-09-25T12:00:00Z,架空市場 エージェント検証,エージェント検証,#エージェント検証,400,22,2,2
INSTAGRAM,demo-market-080-2-03,2026-09-25T12:00:00Z,架空市場 エージェント検証,エージェント検証,#エージェント検証,400,22,2,2
X,demo-market-080-2-04,2026-09-25T12:00:00Z,架空市場 エージェント検証,エージェント検証,#エージェント検証,400,20,2,2
X,demo-market-080-3-00,2026-09-25T12:00:00Z,架空市場 分析ノート,分析ノート,#分析ノート,500,27,3,2
INSTAGRAM,demo-market-080-3-01,2026-09-25T12:00:00Z,架空市場 分析ノート,分析ノート,#分析ノート,500,25,3,2
X,demo-market-080-3-02,2026-09-25T12:00:00Z,架空市場 分析ノート,分析ノート,#分析ノート,500,26,3,2
INSTAGRAM,demo-market-080-3-03,2026-09-25T12:00:00Z,架空市場 分析ノート,分析ノート,#分析ノート,500,27,3,2
X,demo-market-080-3-04,2026-09-25T12:00:00Z,架空市場 分析ノート,分析ノート,#分析ノート,500,27,3,2
INSTAGRAM,demo-market-080-3-05,2026-09-25T12:00:00Z,架空市場 分析ノート,分析ノート,#分析ノート,500,25,3,2
X,demo-market-080-4-00,2026-09-25T12:00:00Z,架空市場 動画ラボ,動画ラボ,#動画ラボ,100,6,0,0
X,demo-market-080-5-00,2026-09-25T12:00:00Z,架空市場 運用メモ,運用メモ,#運用メモ,920,46,5,4
INSTAGRAM,demo-market-080-5-01,2026-09-25T12:00:00Z,架空市場 運用メモ,運用メモ,#運用メモ,920,47,5,4
X,demo-market-080-5-02,2026-09-25T12:00:00Z,架空市場 運用メモ,運用メモ,#運用メモ,920,49,5,4
INSTAGRAM,demo-market-080-5-03,2026-09-25T12:00:00Z,架空市場 運用メモ,運用メモ,#運用メモ,920,48,5,4
X,demo-market-080-5-04,2026-09-25T12:00:00Z,架空市場 運用メモ,運用メモ,#運用メモ,920,48,5,4
INSTAGRAM,demo-market-080-5-05,2026-09-25T12:00:00Z,架空市場 運用メモ,運用メモ,#運用メモ,920,47,5,4
X,demo-market-080-5-06,2026-09-25T12:00:00Z,架空市場 運用メモ,運用メモ,#運用メモ,920,49,5,4
X,demo-market-081-0-00,2026-09-26T12:00:00Z,架空市場 生成AI研究,生成AI研究,#生成AI研究,3700,187,23,18
INSTAGRAM,demo-market-081-0-01,2026-09-26T12:00:00Z,架空市場 生成AI研究,生成AI研究,#生成AI研究,3700,188,23,18
X,demo-market-081-0-02,2026-09-26T12:00:00Z,架空市場 生成AI研究,生成AI研究,#生成AI研究,3700,185,23,18
INSTAGRAM,demo-market-081-0-03,2026-09-26T12:00:00Z,架空市場 生成AI研究,生成AI研究,#生成AI研究,3700,185,23,18
X,demo-market-081-0-04,2026-09-26T12:00:00Z,架空市場 生成AI研究,生成AI研究,#生成AI研究,3700,186,23,18
INSTAGRAM,demo-market-081-0-05,2026-09-26T12:00:00Z,架空市場 生成AI研究,生成AI研究,#生成AI研究,3700,188,23,18
X,demo-market-081-0-06,2026-09-26T12:00:00Z,架空市場 生成AI研究,生成AI研究,#生成AI研究,3700,188,23,18
INSTAGRAM,demo-market-081-0-07,2026-09-26T12:00:00Z,架空市場 生成AI研究,生成AI研究,#生成AI研究,3700,187,23,18
X,demo-market-081-0-08,2026-09-26T12:00:00Z,架空市場 生成AI研究,生成AI研究,#生成AI研究,3700,186,23,18
INSTAGRAM,demo-market-081-0-09,2026-09-26T12:00:00Z,架空市場 生成AI研究,生成AI研究,#生成AI研究,3700,188,23,18
X,demo-market-081-0-10,2026-09-26T12:00:00Z,架空市場 生成AI研究,生成AI研究,#生成AI研究,3700,187,23,18
INSTAGRAM,demo-market-081-0-11,2026-09-26T12:00:00Z,架空市場 生成AI研究,生成AI研究,#生成AI研究,3700,187,23,18
X,demo-market-081-0-12,2026-09-26T12:00:00Z,架空市場 生成AI研究,生成AI研究,#生成AI研究,3700,187,23,18
INSTAGRAM,demo-market-081-0-13,2026-09-26T12:00:00Z,架空市場 生成AI研究,生成AI研究,#生成AI研究,3700,186,23,18
X,demo-market-081-0-14,2026-09-26T12:00:00Z,架空市場 生成AI研究,生成AI研究,#生成AI研究,3700,188,23,18
INSTAGRAM,demo-market-081-0-15,2026-09-26T12:00:00Z,架空市場 生成AI研究,生成AI研究,#生成AI研究,3700,186,23,18
X,demo-market-081-0-16,2026-09-26T12:00:00Z,架空市場 生成AI研究,生成AI研究,#生成AI研究,3700,188,23,18
X,demo-market-081-1-00,2026-09-26T12:00:00Z,架空市場 効率化実験,効率化実験,#効率化実験,3700,186,23,18
INSTAGRAM,demo-market-081-1-01,2026-09-26T12:00:00Z,架空市場 効率化実験,効率化実験,#効率化実験,3700,186,23,18
X,demo-market-081-1-02,2026-09-26T12:00:00Z,架空市場 効率化実験,効率化実験,#効率化実験,3700,186,23,18
INSTAGRAM,demo-market-081-1-03,2026-09-26T12:00:00Z,架空市場 効率化実験,効率化実験,#効率化実験,3700,188,23,18
X,demo-market-081-1-04,2026-09-26T12:00:00Z,架空市場 効率化実験,効率化実験,#効率化実験,3700,186,23,18
INSTAGRAM,demo-market-081-1-05,2026-09-26T12:00:00Z,架空市場 効率化実験,効率化実験,#効率化実験,3700,187,23,18
X,demo-market-081-1-06,2026-09-26T12:00:00Z,架空市場 効率化実験,効率化実験,#効率化実験,3700,188,23,18
INSTAGRAM,demo-market-081-1-07,2026-09-26T12:00:00Z,架空市場 効率化実験,効率化実験,#効率化実験,3700,185,23,18
X,demo-market-081-1-08,2026-09-26T12:00:00Z,架空市場 効率化実験,効率化実験,#効率化実験,3700,187,23,18
INSTAGRAM,demo-market-081-1-09,2026-09-26T12:00:00Z,架空市場 効率化実験,効率化実験,#効率化実験,3700,187,23,18
X,demo-market-081-1-10,2026-09-26T12:00:00Z,架空市場 効率化実験,効率化実験,#効率化実験,3700,188,23,18
INSTAGRAM,demo-market-081-1-11,2026-09-26T12:00:00Z,架空市場 効率化実験,効率化実験,#効率化実験,3700,188,23,18
X,demo-market-081-1-12,2026-09-26T12:00:00Z,架空市場 効率化実験,効率化実験,#効率化実験,3700,185,23,18
INSTAGRAM,demo-market-081-1-13,2026-09-26T12:00:00Z,架空市場 効率化実験,効率化実験,#効率化実験,3700,186,23,18
X,demo-market-081-1-14,2026-09-26T12:00:00Z,架空市場 効率化実験,効率化実験,#効率化実験,3700,186,23,18
X,demo-market-081-2-00,2026-09-26T12:00:00Z,架空市場 エージェント検証,エージェント検証,#エージェント検証,380,21,2,1
INSTAGRAM,demo-market-081-2-01,2026-09-26T12:00:00Z,架空市場 エージェント検証,エージェント検証,#エージェント検証,380,20,2,1
X,demo-market-081-2-02,2026-09-26T12:00:00Z,架空市場 エージェント検証,エージェント検証,#エージェント検証,380,22,2,1
INSTAGRAM,demo-market-081-2-03,2026-09-26T12:00:00Z,架空市場 エージェント検証,エージェント検証,#エージェント検証,380,21,2,1
X,demo-market-081-3-00,2026-09-26T12:00:00Z,架空市場 分析ノート,分析ノート,#分析ノート,500,26,3,2
INSTAGRAM,demo-market-081-3-01,2026-09-26T12:00:00Z,架空市場 分析ノート,分析ノート,#分析ノート,500,27,3,2
X,demo-market-081-3-02,2026-09-26T12:00:00Z,架空市場 分析ノート,分析ノート,#分析ノート,500,25,3,2
INSTAGRAM,demo-market-081-3-03,2026-09-26T12:00:00Z,架空市場 分析ノート,分析ノート,#分析ノート,500,25,3,2
X,demo-market-081-3-04,2026-09-26T12:00:00Z,架空市場 分析ノート,分析ノート,#分析ノート,500,27,3,2
INSTAGRAM,demo-market-081-3-05,2026-09-26T12:00:00Z,架空市場 分析ノート,分析ノート,#分析ノート,500,27,3,2
X,demo-market-081-4-00,2026-09-26T12:00:00Z,架空市場 動画ラボ,動画ラボ,#動画ラボ,100,6,0,0
X,demo-market-081-5-00,2026-09-26T12:00:00Z,架空市場 運用メモ,運用メモ,#運用メモ,960,48,6,4
INSTAGRAM,demo-market-081-5-01,2026-09-26T12:00:00Z,架空市場 運用メモ,運用メモ,#運用メモ,960,51,6,4
X,demo-market-081-5-02,2026-09-26T12:00:00Z,架空市場 運用メモ,運用メモ,#運用メモ,960,49,6,4
INSTAGRAM,demo-market-081-5-03,2026-09-26T12:00:00Z,架空市場 運用メモ,運用メモ,#運用メモ,960,48,6,4
X,demo-market-081-5-04,2026-09-26T12:00:00Z,架空市場 運用メモ,運用メモ,#運用メモ,960,51,6,4
INSTAGRAM,demo-market-081-5-05,2026-09-26T12:00:00Z,架空市場 運用メモ,運用メモ,#運用メモ,960,49,6,4
X,demo-market-081-5-06,2026-09-26T12:00:00Z,架空市場 運用メモ,運用メモ,#運用メモ,960,49,6,4
X,demo-market-082-0-00,2026-09-27T12:00:00Z,架空市場 生成AI研究,生成AI研究,#生成AI研究,3800,191,23,19
INSTAGRAM,demo-market-082-0-01,2026-09-27T12:00:00Z,架空市場 生成AI研究,生成AI研究,#生成AI研究,3800,192,23,19
X,demo-market-082-0-02,2026-09-27T12:00:00Z,架空市場 生成AI研究,生成AI研究,#生成AI研究,3800,192,23,19
INSTAGRAM,demo-market-082-0-03,2026-09-27T12:00:00Z,架空市場 生成AI研究,生成AI研究,#生成AI研究,3800,193,23,19
X,demo-market-082-0-04,2026-09-27T12:00:00Z,架空市場 生成AI研究,生成AI研究,#生成AI研究,3800,190,23,19
INSTAGRAM,demo-market-082-0-05,2026-09-27T12:00:00Z,架空市場 生成AI研究,生成AI研究,#生成AI研究,3800,190,23,19
X,demo-market-082-0-06,2026-09-27T12:00:00Z,架空市場 生成AI研究,生成AI研究,#生成AI研究,3800,190,23,19
INSTAGRAM,demo-market-082-0-07,2026-09-27T12:00:00Z,架空市場 生成AI研究,生成AI研究,#生成AI研究,3800,190,23,19
X,demo-market-082-0-08,2026-09-27T12:00:00Z,架空市場 生成AI研究,生成AI研究,#生成AI研究,3800,191,23,19
INSTAGRAM,demo-market-082-0-09,2026-09-27T12:00:00Z,架空市場 生成AI研究,生成AI研究,#生成AI研究,3800,192,23,19
X,demo-market-082-0-10,2026-09-27T12:00:00Z,架空市場 生成AI研究,生成AI研究,#生成AI研究,3800,191,23,19
INSTAGRAM,demo-market-082-0-11,2026-09-27T12:00:00Z,架空市場 生成AI研究,生成AI研究,#生成AI研究,3800,191,23,19
X,demo-market-082-0-12,2026-09-27T12:00:00Z,架空市場 生成AI研究,生成AI研究,#生成AI研究,3800,192,23,19
INSTAGRAM,demo-market-082-0-13,2026-09-27T12:00:00Z,架空市場 生成AI研究,生成AI研究,#生成AI研究,3800,190,23,19
X,demo-market-082-0-14,2026-09-27T12:00:00Z,架空市場 生成AI研究,生成AI研究,#生成AI研究,3800,192,23,19
INSTAGRAM,demo-market-082-0-15,2026-09-27T12:00:00Z,架空市場 生成AI研究,生成AI研究,#生成AI研究,3800,191,23,19
X,demo-market-082-0-16,2026-09-27T12:00:00Z,架空市場 生成AI研究,生成AI研究,#生成AI研究,3800,191,23,19
X,demo-market-082-1-00,2026-09-27T12:00:00Z,架空市場 効率化実験,効率化実験,#効率化実験,3800,190,23,19
INSTAGRAM,demo-market-082-1-01,2026-09-27T12:00:00Z,架空市場 効率化実験,効率化実験,#効率化実験,3800,192,23,19
X,demo-market-082-1-02,2026-09-27T12:00:00Z,架空市場 効率化実験,効率化実験,#効率化実験,3800,192,23,19
INSTAGRAM,demo-market-082-1-03,2026-09-27T12:00:00Z,架空市場 効率化実験,効率化実験,#効率化実験,3800,193,23,19
X,demo-market-082-1-04,2026-09-27T12:00:00Z,架空市場 効率化実験,効率化実験,#効率化実験,3800,191,23,19
INSTAGRAM,demo-market-082-1-05,2026-09-27T12:00:00Z,架空市場 効率化実験,効率化実験,#効率化実験,3800,192,23,19
X,demo-market-082-1-06,2026-09-27T12:00:00Z,架空市場 効率化実験,効率化実験,#効率化実験,3800,193,23,19
INSTAGRAM,demo-market-082-1-07,2026-09-27T12:00:00Z,架空市場 効率化実験,効率化実験,#効率化実験,3800,190,23,19
X,demo-market-082-1-08,2026-09-27T12:00:00Z,架空市場 効率化実験,効率化実験,#効率化実験,3800,193,23,19
INSTAGRAM,demo-market-082-1-09,2026-09-27T12:00:00Z,架空市場 効率化実験,効率化実験,#効率化実験,3800,190,23,19
X,demo-market-082-1-10,2026-09-27T12:00:00Z,架空市場 効率化実験,効率化実験,#効率化実験,3800,190,23,19
INSTAGRAM,demo-market-082-1-11,2026-09-27T12:00:00Z,架空市場 効率化実験,効率化実験,#効率化実験,3800,190,23,19
X,demo-market-082-1-12,2026-09-27T12:00:00Z,架空市場 効率化実験,効率化実験,#効率化実験,3800,190,23,19
INSTAGRAM,demo-market-082-1-13,2026-09-27T12:00:00Z,架空市場 効率化実験,効率化実験,#効率化実験,3800,193,23,19
X,demo-market-082-1-14,2026-09-27T12:00:00Z,架空市場 効率化実験,効率化実験,#効率化実験,3800,191,23,19
INSTAGRAM,demo-market-082-1-15,2026-09-27T12:00:00Z,架空市場 効率化実験,効率化実験,#効率化実験,3800,191,23,19
X,demo-market-082-2-00,2026-09-27T12:00:00Z,架空市場 エージェント検証,エージェント検証,#エージェント検証,360,21,2,1
INSTAGRAM,demo-market-082-2-01,2026-09-27T12:00:00Z,架空市場 エージェント検証,エージェント検証,#エージェント検証,360,19,2,1
X,demo-market-082-2-02,2026-09-27T12:00:00Z,架空市場 エージェント検証,エージェント検証,#エージェント検証,360,18,2,1
INSTAGRAM,demo-market-082-2-03,2026-09-27T12:00:00Z,架空市場 エージェント検証,エージェント検証,#エージェント検証,360,18,2,1
X,demo-market-082-3-00,2026-09-27T12:00:00Z,架空市場 分析ノート,分析ノート,#分析ノート,500,26,3,2
INSTAGRAM,demo-market-082-3-01,2026-09-27T12:00:00Z,架空市場 分析ノート,分析ノート,#分析ノート,500,25,3,2
X,demo-market-082-3-02,2026-09-27T12:00:00Z,架空市場 分析ノート,分析ノート,#分析ノート,500,27,3,2
INSTAGRAM,demo-market-082-3-03,2026-09-27T12:00:00Z,架空市場 分析ノート,分析ノート,#分析ノート,500,27,3,2
X,demo-market-082-3-04,2026-09-27T12:00:00Z,架空市場 分析ノート,分析ノート,#分析ノート,500,25,3,2
X,demo-market-082-4-00,2026-09-27T12:00:00Z,架空市場 動画ラボ,動画ラボ,#動画ラボ,100,8,0,0
X,demo-market-082-5-00,2026-09-27T12:00:00Z,架空市場 運用メモ,運用メモ,#運用メモ,1000,53,6,5
INSTAGRAM,demo-market-082-5-01,2026-09-27T12:00:00Z,架空市場 運用メモ,運用メモ,#運用メモ,1000,53,6,5
X,demo-market-082-5-02,2026-09-27T12:00:00Z,架空市場 運用メモ,運用メモ,#運用メモ,1000,50,6,5
INSTAGRAM,demo-market-082-5-03,2026-09-27T12:00:00Z,架空市場 運用メモ,運用メモ,#運用メモ,1000,51,6,5
X,demo-market-082-5-04,2026-09-27T12:00:00Z,架空市場 運用メモ,運用メモ,#運用メモ,1000,52,6,5
INSTAGRAM,demo-market-082-5-05,2026-09-27T12:00:00Z,架空市場 運用メモ,運用メモ,#運用メモ,1000,53,6,5
X,demo-market-082-5-06,2026-09-27T12:00:00Z,架空市場 運用メモ,運用メモ,#運用メモ,1000,53,6,5
X,demo-market-083-0-00,2026-09-28T12:00:00Z,架空市場 生成AI研究,生成AI研究,#生成AI研究,3900,195,24,19
INSTAGRAM,demo-market-083-0-01,2026-09-28T12:00:00Z,架空市場 生成AI研究,生成AI研究,#生成AI研究,3900,196,24,19
X,demo-market-083-0-02,2026-09-28T12:00:00Z,架空市場 生成AI研究,生成AI研究,#生成AI研究,3900,197,24,19
INSTAGRAM,demo-market-083-0-03,2026-09-28T12:00:00Z,架空市場 生成AI研究,生成AI研究,#生成AI研究,3900,195,24,19
X,demo-market-083-0-04,2026-09-28T12:00:00Z,架空市場 生成AI研究,生成AI研究,#生成AI研究,3900,196,24,19
INSTAGRAM,demo-market-083-0-05,2026-09-28T12:00:00Z,架空市場 生成AI研究,生成AI研究,#生成AI研究,3900,198,24,19
X,demo-market-083-0-06,2026-09-28T12:00:00Z,架空市場 生成AI研究,生成AI研究,#生成AI研究,3900,198,24,19
INSTAGRAM,demo-market-083-0-07,2026-09-28T12:00:00Z,架空市場 生成AI研究,生成AI研究,#生成AI研究,3900,198,24,19
X,demo-market-083-0-08,2026-09-28T12:00:00Z,架空市場 生成AI研究,生成AI研究,#生成AI研究,3900,195,24,19
INSTAGRAM,demo-market-083-0-09,2026-09-28T12:00:00Z,架空市場 生成AI研究,生成AI研究,#生成AI研究,3900,198,24,19
X,demo-market-083-0-10,2026-09-28T12:00:00Z,架空市場 生成AI研究,生成AI研究,#生成AI研究,3900,197,24,19
INSTAGRAM,demo-market-083-0-11,2026-09-28T12:00:00Z,架空市場 生成AI研究,生成AI研究,#生成AI研究,3900,196,24,19
X,demo-market-083-0-12,2026-09-28T12:00:00Z,架空市場 生成AI研究,生成AI研究,#生成AI研究,3900,198,24,19
INSTAGRAM,demo-market-083-0-13,2026-09-28T12:00:00Z,架空市場 生成AI研究,生成AI研究,#生成AI研究,3900,196,24,19
X,demo-market-083-0-14,2026-09-28T12:00:00Z,架空市場 生成AI研究,生成AI研究,#生成AI研究,3900,197,24,19
INSTAGRAM,demo-market-083-0-15,2026-09-28T12:00:00Z,架空市場 生成AI研究,生成AI研究,#生成AI研究,3900,198,24,19
X,demo-market-083-0-16,2026-09-28T12:00:00Z,架空市場 生成AI研究,生成AI研究,#生成AI研究,3900,198,24,19
INSTAGRAM,demo-market-083-0-17,2026-09-28T12:00:00Z,架空市場 生成AI研究,生成AI研究,#生成AI研究,3900,195,24,19
X,demo-market-083-1-00,2026-09-28T12:00:00Z,架空市場 効率化実験,効率化実験,#効率化実験,3900,197,24,19
INSTAGRAM,demo-market-083-1-01,2026-09-28T12:00:00Z,架空市場 効率化実験,効率化実験,#効率化実験,3900,198,24,19
X,demo-market-083-1-02,2026-09-28T12:00:00Z,架空市場 効率化実験,効率化実験,#効率化実験,3900,198,24,19
INSTAGRAM,demo-market-083-1-03,2026-09-28T12:00:00Z,架空市場 効率化実験,効率化実験,#効率化実験,3900,198,24,19
X,demo-market-083-1-04,2026-09-28T12:00:00Z,架空市場 効率化実験,効率化実験,#効率化実験,3900,196,24,19
INSTAGRAM,demo-market-083-1-05,2026-09-28T12:00:00Z,架空市場 効率化実験,効率化実験,#効率化実験,3900,196,24,19
X,demo-market-083-1-06,2026-09-28T12:00:00Z,架空市場 効率化実験,効率化実験,#効率化実験,3900,198,24,19
INSTAGRAM,demo-market-083-1-07,2026-09-28T12:00:00Z,架空市場 効率化実験,効率化実験,#効率化実験,3900,195,24,19
X,demo-market-083-1-08,2026-09-28T12:00:00Z,架空市場 効率化実験,効率化実験,#効率化実験,3900,196,24,19
INSTAGRAM,demo-market-083-1-09,2026-09-28T12:00:00Z,架空市場 効率化実験,効率化実験,#効率化実験,3900,195,24,19
X,demo-market-083-1-10,2026-09-28T12:00:00Z,架空市場 効率化実験,効率化実験,#効率化実験,3900,197,24,19
INSTAGRAM,demo-market-083-1-11,2026-09-28T12:00:00Z,架空市場 効率化実験,効率化実験,#効率化実験,3900,195,24,19
X,demo-market-083-1-12,2026-09-28T12:00:00Z,架空市場 効率化実験,効率化実験,#効率化実験,3900,198,24,19
INSTAGRAM,demo-market-083-1-13,2026-09-28T12:00:00Z,架空市場 効率化実験,効率化実験,#効率化実験,3900,198,24,19
X,demo-market-083-1-14,2026-09-28T12:00:00Z,架空市場 効率化実験,効率化実験,#効率化実験,3900,198,24,19
INSTAGRAM,demo-market-083-1-15,2026-09-28T12:00:00Z,架空市場 効率化実験,効率化実験,#効率化実験,3900,197,24,19
X,demo-market-083-2-00,2026-09-28T12:00:00Z,架空市場 エージェント検証,エージェント検証,#エージェント検証,340,19,2,1
INSTAGRAM,demo-market-083-2-01,2026-09-28T12:00:00Z,架空市場 エージェント検証,エージェント検証,#エージェント検証,340,20,2,1
X,demo-market-083-2-02,2026-09-28T12:00:00Z,架空市場 エージェント検証,エージェント検証,#エージェント検証,340,18,2,1
X,demo-market-083-3-00,2026-09-28T12:00:00Z,架空市場 分析ノート,分析ノート,#分析ノート,500,27,3,2
INSTAGRAM,demo-market-083-3-01,2026-09-28T12:00:00Z,架空市場 分析ノート,分析ノート,#分析ノート,500,28,3,2
X,demo-market-083-3-02,2026-09-28T12:00:00Z,架空市場 分析ノート,分析ノート,#分析ノート,500,28,3,2
INSTAGRAM,demo-market-083-3-03,2026-09-28T12:00:00Z,架空市場 分析ノート,分析ノート,#分析ノート,500,28,3,2
X,demo-market-083-3-04,2026-09-28T12:00:00Z,架空市場 分析ノート,分析ノート,#分析ノート,500,27,3,2
X,demo-market-083-4-00,2026-09-28T12:00:00Z,架空市場 動画ラボ,動画ラボ,#動画ラボ,100,5,0,0
X,demo-market-083-5-00,2026-09-28T12:00:00Z,架空市場 運用メモ,運用メモ,#運用メモ,1040,55,6,5
INSTAGRAM,demo-market-083-5-01,2026-09-28T12:00:00Z,架空市場 運用メモ,運用メモ,#運用メモ,1040,53,6,5
X,demo-market-083-5-02,2026-09-28T12:00:00Z,架空市場 運用メモ,運用メモ,#運用メモ,1040,55,6,5
INSTAGRAM,demo-market-083-5-03,2026-09-28T12:00:00Z,架空市場 運用メモ,運用メモ,#運用メモ,1040,55,6,5
X,demo-market-083-5-04,2026-09-28T12:00:00Z,架空市場 運用メモ,運用メモ,#運用メモ,1040,53,6,5
INSTAGRAM,demo-market-083-5-05,2026-09-28T12:00:00Z,架空市場 運用メモ,運用メモ,#運用メモ,1040,55,6,5
X,demo-market-083-5-06,2026-09-28T12:00:00Z,架空市場 運用メモ,運用メモ,#運用メモ,1040,55,6,5
X,demo-market-084-0-00,2026-09-29T12:00:00Z,架空市場 生成AI研究,生成AI研究,#生成AI研究,4000,201,25,20
INSTAGRAM,demo-market-084-0-01,2026-09-29T12:00:00Z,架空市場 生成AI研究,生成AI研究,#生成AI研究,4000,203,25,20
X,demo-market-084-0-02,2026-09-29T12:00:00Z,架空市場 生成AI研究,生成AI研究,#生成AI研究,4000,203,25,20
INSTAGRAM,demo-market-084-0-03,2026-09-29T12:00:00Z,架空市場 生成AI研究,生成AI研究,#生成AI研究,4000,203,25,20
X,demo-market-084-0-04,2026-09-29T12:00:00Z,架空市場 生成AI研究,生成AI研究,#生成AI研究,4000,202,25,20
INSTAGRAM,demo-market-084-0-05,2026-09-29T12:00:00Z,架空市場 生成AI研究,生成AI研究,#生成AI研究,4000,201,25,20
X,demo-market-084-0-06,2026-09-29T12:00:00Z,架空市場 生成AI研究,生成AI研究,#生成AI研究,4000,200,25,20
INSTAGRAM,demo-market-084-0-07,2026-09-29T12:00:00Z,架空市場 生成AI研究,生成AI研究,#生成AI研究,4000,202,25,20
X,demo-market-084-0-08,2026-09-29T12:00:00Z,架空市場 生成AI研究,生成AI研究,#生成AI研究,4000,203,25,20
INSTAGRAM,demo-market-084-0-09,2026-09-29T12:00:00Z,架空市場 生成AI研究,生成AI研究,#生成AI研究,4000,200,25,20
X,demo-market-084-0-10,2026-09-29T12:00:00Z,架空市場 生成AI研究,生成AI研究,#生成AI研究,4000,203,25,20
INSTAGRAM,demo-market-084-0-11,2026-09-29T12:00:00Z,架空市場 生成AI研究,生成AI研究,#生成AI研究,4000,200,25,20
X,demo-market-084-0-12,2026-09-29T12:00:00Z,架空市場 生成AI研究,生成AI研究,#生成AI研究,4000,203,25,20
INSTAGRAM,demo-market-084-0-13,2026-09-29T12:00:00Z,架空市場 生成AI研究,生成AI研究,#生成AI研究,4000,201,25,20
X,demo-market-084-0-14,2026-09-29T12:00:00Z,架空市場 生成AI研究,生成AI研究,#生成AI研究,4000,203,25,20
INSTAGRAM,demo-market-084-0-15,2026-09-29T12:00:00Z,架空市場 生成AI研究,生成AI研究,#生成AI研究,4000,202,25,20
X,demo-market-084-0-16,2026-09-29T12:00:00Z,架空市場 生成AI研究,生成AI研究,#生成AI研究,4000,203,25,20
INSTAGRAM,demo-market-084-0-17,2026-09-29T12:00:00Z,架空市場 生成AI研究,生成AI研究,#生成AI研究,4000,202,25,20
X,demo-market-084-1-00,2026-09-29T12:00:00Z,架空市場 効率化実験,効率化実験,#効率化実験,4000,201,25,20
INSTAGRAM,demo-market-084-1-01,2026-09-29T12:00:00Z,架空市場 効率化実験,効率化実験,#効率化実験,4000,201,25,20
X,demo-market-084-1-02,2026-09-29T12:00:00Z,架空市場 効率化実験,効率化実験,#効率化実験,4000,203,25,20
INSTAGRAM,demo-market-084-1-03,2026-09-29T12:00:00Z,架空市場 効率化実験,効率化実験,#効率化実験,4000,202,25,20
X,demo-market-084-1-04,2026-09-29T12:00:00Z,架空市場 効率化実験,効率化実験,#効率化実験,4000,200,25,20
INSTAGRAM,demo-market-084-1-05,2026-09-29T12:00:00Z,架空市場 効率化実験,効率化実験,#効率化実験,4000,200,25,20
X,demo-market-084-1-06,2026-09-29T12:00:00Z,架空市場 効率化実験,効率化実験,#効率化実験,4000,203,25,20
INSTAGRAM,demo-market-084-1-07,2026-09-29T12:00:00Z,架空市場 効率化実験,効率化実験,#効率化実験,4000,203,25,20
X,demo-market-084-1-08,2026-09-29T12:00:00Z,架空市場 効率化実験,効率化実験,#効率化実験,4000,203,25,20
INSTAGRAM,demo-market-084-1-09,2026-09-29T12:00:00Z,架空市場 効率化実験,効率化実験,#効率化実験,4000,200,25,20
X,demo-market-084-1-10,2026-09-29T12:00:00Z,架空市場 効率化実験,効率化実験,#効率化実験,4000,200,25,20
INSTAGRAM,demo-market-084-1-11,2026-09-29T12:00:00Z,架空市場 効率化実験,効率化実験,#効率化実験,4000,203,25,20
X,demo-market-084-1-12,2026-09-29T12:00:00Z,架空市場 効率化実験,効率化実験,#効率化実験,4000,202,25,20
INSTAGRAM,demo-market-084-1-13,2026-09-29T12:00:00Z,架空市場 効率化実験,効率化実験,#効率化実験,4000,201,25,20
X,demo-market-084-1-14,2026-09-29T12:00:00Z,架空市場 効率化実験,効率化実験,#効率化実験,4000,203,25,20
INSTAGRAM,demo-market-084-1-15,2026-09-29T12:00:00Z,架空市場 効率化実験,効率化実験,#効率化実験,4000,200,25,20
X,demo-market-084-2-00,2026-09-29T12:00:00Z,架空市場 エージェント検証,エージェント検証,#エージェント検証,320,19,2,1
INSTAGRAM,demo-market-084-2-01,2026-09-29T12:00:00Z,架空市場 エージェント検証,エージェント検証,#エージェント検証,320,17,2,1
X,demo-market-084-2-02,2026-09-29T12:00:00Z,架空市場 エージェント検証,エージェント検証,#エージェント検証,320,19,2,1
X,demo-market-084-3-00,2026-09-29T12:00:00Z,架空市場 分析ノート,分析ノート,#分析ノート,500,26,3,2
INSTAGRAM,demo-market-084-3-01,2026-09-29T12:00:00Z,架空市場 分析ノート,分析ノート,#分析ノート,500,28,3,2
X,demo-market-084-3-02,2026-09-29T12:00:00Z,架空市場 分析ノート,分析ノート,#分析ノート,500,25,3,2
INSTAGRAM,demo-market-084-3-03,2026-09-29T12:00:00Z,架空市場 分析ノート,分析ノート,#分析ノート,500,26,3,2
X,demo-market-084-3-04,2026-09-29T12:00:00Z,架空市場 分析ノート,分析ノート,#分析ノート,500,26,3,2
X,demo-market-084-4-00,2026-09-29T12:00:00Z,架空市場 動画ラボ,動画ラボ,#動画ラボ,100,6,0,0
X,demo-market-084-5-00,2026-09-29T12:00:00Z,架空市場 運用メモ,運用メモ,#運用メモ,1080,55,6,5
INSTAGRAM,demo-market-084-5-01,2026-09-29T12:00:00Z,架空市場 運用メモ,運用メモ,#運用メモ,1080,55,6,5
X,demo-market-084-5-02,2026-09-29T12:00:00Z,架空市場 運用メモ,運用メモ,#運用メモ,1080,55,6,5
INSTAGRAM,demo-market-084-5-03,2026-09-29T12:00:00Z,架空市場 運用メモ,運用メモ,#運用メモ,1080,56,6,5
X,demo-market-084-5-04,2026-09-29T12:00:00Z,架空市場 運用メモ,運用メモ,#運用メモ,1080,57,6,5
INSTAGRAM,demo-market-084-5-05,2026-09-29T12:00:00Z,架空市場 運用メモ,運用メモ,#運用メモ,1080,56,6,5
X,demo-market-084-5-06,2026-09-29T12:00:00Z,架空市場 運用メモ,運用メモ,#運用メモ,1080,56,6,5
X,demo-market-085-0-00,2026-09-30T12:00:00Z,架空市場 生成AI研究,生成AI研究,#生成AI研究,4100,206,25,20
INSTAGRAM,demo-market-085-0-01,2026-09-30T12:00:00Z,架空市場 生成AI研究,生成AI研究,#生成AI研究,4100,207,25,20
X,demo-market-085-0-02,2026-09-30T12:00:00Z,架空市場 生成AI研究,生成AI研究,#生成AI研究,4100,206,25,20
INSTAGRAM,demo-market-085-0-03,2026-09-30T12:00:00Z,架空市場 生成AI研究,生成AI研究,#生成AI研究,4100,206,25,20
X,demo-market-085-0-04,2026-09-30T12:00:00Z,架空市場 生成AI研究,生成AI研究,#生成AI研究,4100,207,25,20
INSTAGRAM,demo-market-085-0-05,2026-09-30T12:00:00Z,架空市場 生成AI研究,生成AI研究,#生成AI研究,4100,207,25,20
X,demo-market-085-0-06,2026-09-30T12:00:00Z,架空市場 生成AI研究,生成AI研究,#生成AI研究,4100,207,25,20
INSTAGRAM,demo-market-085-0-07,2026-09-30T12:00:00Z,架空市場 生成AI研究,生成AI研究,#生成AI研究,4100,205,25,20
X,demo-market-085-0-08,2026-09-30T12:00:00Z,架空市場 生成AI研究,生成AI研究,#生成AI研究,4100,208,25,20
INSTAGRAM,demo-market-085-0-09,2026-09-30T12:00:00Z,架空市場 生成AI研究,生成AI研究,#生成AI研究,4100,205,25,20
X,demo-market-085-0-10,2026-09-30T12:00:00Z,架空市場 生成AI研究,生成AI研究,#生成AI研究,4100,208,25,20
INSTAGRAM,demo-market-085-0-11,2026-09-30T12:00:00Z,架空市場 生成AI研究,生成AI研究,#生成AI研究,4100,208,25,20
X,demo-market-085-0-12,2026-09-30T12:00:00Z,架空市場 生成AI研究,生成AI研究,#生成AI研究,4100,205,25,20
INSTAGRAM,demo-market-085-0-13,2026-09-30T12:00:00Z,架空市場 生成AI研究,生成AI研究,#生成AI研究,4100,208,25,20
X,demo-market-085-0-14,2026-09-30T12:00:00Z,架空市場 生成AI研究,生成AI研究,#生成AI研究,4100,207,25,20
INSTAGRAM,demo-market-085-0-15,2026-09-30T12:00:00Z,架空市場 生成AI研究,生成AI研究,#生成AI研究,4100,208,25,20
X,demo-market-085-0-16,2026-09-30T12:00:00Z,架空市場 生成AI研究,生成AI研究,#生成AI研究,4100,206,25,20
INSTAGRAM,demo-market-085-0-17,2026-09-30T12:00:00Z,架空市場 生成AI研究,生成AI研究,#生成AI研究,4100,208,25,20
X,demo-market-085-0-18,2026-09-30T12:00:00Z,架空市場 生成AI研究,生成AI研究,#生成AI研究,4100,206,25,20
X,demo-market-085-1-00,2026-09-30T12:00:00Z,架空市場 効率化実験,効率化実験,#効率化実験,4100,207,25,20
INSTAGRAM,demo-market-085-1-01,2026-09-30T12:00:00Z,架空市場 効率化実験,効率化実験,#効率化実験,4100,207,25,20
X,demo-market-085-1-02,2026-09-30T12:00:00Z,架空市場 効率化実験,効率化実験,#効率化実験,4100,207,25,20
INSTAGRAM,demo-market-085-1-03,2026-09-30T12:00:00Z,架空市場 効率化実験,効率化実験,#効率化実験,4100,207,25,20
X,demo-market-085-1-04,2026-09-30T12:00:00Z,架空市場 効率化実験,効率化実験,#効率化実験,4100,208,25,20
INSTAGRAM,demo-market-085-1-05,2026-09-30T12:00:00Z,架空市場 効率化実験,効率化実験,#効率化実験,4100,205,25,20
X,demo-market-085-1-06,2026-09-30T12:00:00Z,架空市場 効率化実験,効率化実験,#効率化実験,4100,206,25,20
INSTAGRAM,demo-market-085-1-07,2026-09-30T12:00:00Z,架空市場 効率化実験,効率化実験,#効率化実験,4100,207,25,20
X,demo-market-085-1-08,2026-09-30T12:00:00Z,架空市場 効率化実験,効率化実験,#効率化実験,4100,205,25,20
INSTAGRAM,demo-market-085-1-09,2026-09-30T12:00:00Z,架空市場 効率化実験,効率化実験,#効率化実験,4100,207,25,20
X,demo-market-085-1-10,2026-09-30T12:00:00Z,架空市場 効率化実験,効率化実験,#効率化実験,4100,206,25,20
INSTAGRAM,demo-market-085-1-11,2026-09-30T12:00:00Z,架空市場 効率化実験,効率化実験,#効率化実験,4100,208,25,20
X,demo-market-085-1-12,2026-09-30T12:00:00Z,架空市場 効率化実験,効率化実験,#効率化実験,4100,206,25,20
INSTAGRAM,demo-market-085-1-13,2026-09-30T12:00:00Z,架空市場 効率化実験,効率化実験,#効率化実験,4100,205,25,20
X,demo-market-085-1-14,2026-09-30T12:00:00Z,架空市場 効率化実験,効率化実験,#効率化実験,4100,205,25,20
INSTAGRAM,demo-market-085-1-15,2026-09-30T12:00:00Z,架空市場 効率化実験,効率化実験,#効率化実験,4100,205,25,20
X,demo-market-085-2-00,2026-09-30T12:00:00Z,架空市場 エージェント検証,エージェント検証,#エージェント検証,300,15,1,1
INSTAGRAM,demo-market-085-2-01,2026-09-30T12:00:00Z,架空市場 エージェント検証,エージェント検証,#エージェント検証,300,18,1,1
X,demo-market-085-3-00,2026-09-30T12:00:00Z,架空市場 分析ノート,分析ノート,#分析ノート,500,27,3,2
INSTAGRAM,demo-market-085-3-01,2026-09-30T12:00:00Z,架空市場 分析ノート,分析ノート,#分析ノート,500,26,3,2
X,demo-market-085-3-02,2026-09-30T12:00:00Z,架空市場 分析ノート,分析ノート,#分析ノート,500,28,3,2
INSTAGRAM,demo-market-085-3-03,2026-09-30T12:00:00Z,架空市場 分析ノート,分析ノート,#分析ノート,500,27,3,2
X,demo-market-085-3-04,2026-09-30T12:00:00Z,架空市場 分析ノート,分析ノート,#分析ノート,500,25,3,2
X,demo-market-085-4-00,2026-09-30T12:00:00Z,架空市場 動画ラボ,動画ラボ,#動画ラボ,100,8,0,0
X,demo-market-085-5-00,2026-09-30T12:00:00Z,架空市場 運用メモ,運用メモ,#運用メモ,1120,56,7,5
INSTAGRAM,demo-market-085-5-01,2026-09-30T12:00:00Z,架空市場 運用メモ,運用メモ,#運用メモ,1120,56,7,5
X,demo-market-085-5-02,2026-09-30T12:00:00Z,架空市場 運用メモ,運用メモ,#運用メモ,1120,57,7,5
INSTAGRAM,demo-market-085-5-03,2026-09-30T12:00:00Z,架空市場 運用メモ,運用メモ,#運用メモ,1120,59,7,5
X,demo-market-085-5-04,2026-09-30T12:00:00Z,架空市場 運用メモ,運用メモ,#運用メモ,1120,59,7,5
INSTAGRAM,demo-market-085-5-05,2026-09-30T12:00:00Z,架空市場 運用メモ,運用メモ,#運用メモ,1120,57,7,5
X,demo-market-085-5-06,2026-09-30T12:00:00Z,架空市場 運用メモ,運用メモ,#運用メモ,1120,57,7,5
X,demo-market-086-0-00,2026-10-01T12:00:00Z,架空市場 生成AI研究,生成AI研究,#生成AI研究,4200,213,26,21
INSTAGRAM,demo-market-086-0-01,2026-10-01T12:00:00Z,架空市場 生成AI研究,生成AI研究,#生成AI研究,4200,212,26,21
X,demo-market-086-0-02,2026-10-01T12:00:00Z,架空市場 生成AI研究,生成AI研究,#生成AI研究,4200,213,26,21
INSTAGRAM,demo-market-086-0-03,2026-10-01T12:00:00Z,架空市場 生成AI研究,生成AI研究,#生成AI研究,4200,213,26,21
X,demo-market-086-0-04,2026-10-01T12:00:00Z,架空市場 生成AI研究,生成AI研究,#生成AI研究,4200,210,26,21
INSTAGRAM,demo-market-086-0-05,2026-10-01T12:00:00Z,架空市場 生成AI研究,生成AI研究,#生成AI研究,4200,211,26,21
X,demo-market-086-0-06,2026-10-01T12:00:00Z,架空市場 生成AI研究,生成AI研究,#生成AI研究,4200,210,26,21
INSTAGRAM,demo-market-086-0-07,2026-10-01T12:00:00Z,架空市場 生成AI研究,生成AI研究,#生成AI研究,4200,212,26,21
X,demo-market-086-0-08,2026-10-01T12:00:00Z,架空市場 生成AI研究,生成AI研究,#生成AI研究,4200,212,26,21
INSTAGRAM,demo-market-086-0-09,2026-10-01T12:00:00Z,架空市場 生成AI研究,生成AI研究,#生成AI研究,4200,212,26,21
X,demo-market-086-0-10,2026-10-01T12:00:00Z,架空市場 生成AI研究,生成AI研究,#生成AI研究,4200,212,26,21
INSTAGRAM,demo-market-086-0-11,2026-10-01T12:00:00Z,架空市場 生成AI研究,生成AI研究,#生成AI研究,4200,213,26,21
X,demo-market-086-0-12,2026-10-01T12:00:00Z,架空市場 生成AI研究,生成AI研究,#生成AI研究,4200,212,26,21
INSTAGRAM,demo-market-086-0-13,2026-10-01T12:00:00Z,架空市場 生成AI研究,生成AI研究,#生成AI研究,4200,213,26,21
X,demo-market-086-0-14,2026-10-01T12:00:00Z,架空市場 生成AI研究,生成AI研究,#生成AI研究,4200,213,26,21
INSTAGRAM,demo-market-086-0-15,2026-10-01T12:00:00Z,架空市場 生成AI研究,生成AI研究,#生成AI研究,4200,211,26,21
X,demo-market-086-0-16,2026-10-01T12:00:00Z,架空市場 生成AI研究,生成AI研究,#生成AI研究,4200,211,26,21
INSTAGRAM,demo-market-086-0-17,2026-10-01T12:00:00Z,架空市場 生成AI研究,生成AI研究,#生成AI研究,4200,212,26,21
X,demo-market-086-0-18,2026-10-01T12:00:00Z,架空市場 生成AI研究,生成AI研究,#生成AI研究,4200,210,26,21
X,demo-market-086-1-00,2026-10-01T12:00:00Z,架空市場 効率化実験,効率化実験,#効率化実験,4200,212,26,21
INSTAGRAM,demo-market-086-1-01,2026-10-01T12:00:00Z,架空市場 効率化実験,効率化実験,#効率化実験,4200,213,26,21
X,demo-market-086-1-02,2026-10-01T12:00:00Z,架空市場 効率化実験,効率化実験,#効率化実験,4200,211,26,21
INSTAGRAM,demo-market-086-1-03,2026-10-01T12:00:00Z,架空市場 効率化実験,効率化実験,#効率化実験,4200,211,26,21
X,demo-market-086-1-04,2026-10-01T12:00:00Z,架空市場 効率化実験,効率化実験,#効率化実験,4200,212,26,21
INSTAGRAM,demo-market-086-1-05,2026-10-01T12:00:00Z,架空市場 効率化実験,効率化実験,#効率化実験,4200,210,26,21
X,demo-market-086-1-06,2026-10-01T12:00:00Z,架空市場 効率化実験,効率化実験,#効率化実験,4200,211,26,21
INSTAGRAM,demo-market-086-1-07,2026-10-01T12:00:00Z,架空市場 効率化実験,効率化実験,#効率化実験,4200,210,26,21
X,demo-market-086-1-08,2026-10-01T12:00:00Z,架空市場 効率化実験,効率化実験,#効率化実験,4200,212,26,21
INSTAGRAM,demo-market-086-1-09,2026-10-01T12:00:00Z,架空市場 効率化実験,効率化実験,#効率化実験,4200,212,26,21
X,demo-market-086-1-10,2026-10-01T12:00:00Z,架空市場 効率化実験,効率化実験,#効率化実験,4200,213,26,21
INSTAGRAM,demo-market-086-1-11,2026-10-01T12:00:00Z,架空市場 効率化実験,効率化実験,#効率化実験,4200,213,26,21
X,demo-market-086-1-12,2026-10-01T12:00:00Z,架空市場 効率化実験,効率化実験,#効率化実験,4200,213,26,21
INSTAGRAM,demo-market-086-1-13,2026-10-01T12:00:00Z,架空市場 効率化実験,効率化実験,#効率化実験,4200,210,26,21
X,demo-market-086-1-14,2026-10-01T12:00:00Z,架空市場 効率化実験,効率化実験,#効率化実験,4200,212,26,21
INSTAGRAM,demo-market-086-1-15,2026-10-01T12:00:00Z,架空市場 効率化実験,効率化実験,#効率化実験,4200,212,26,21
X,demo-market-086-1-16,2026-10-01T12:00:00Z,架空市場 効率化実験,効率化実験,#効率化実験,4200,210,26,21
X,demo-market-086-2-00,2026-10-01T12:00:00Z,架空市場 エージェント検証,エージェント検証,#エージェント検証,280,14,1,1
INSTAGRAM,demo-market-086-2-01,2026-10-01T12:00:00Z,架空市場 エージェント検証,エージェント検証,#エージェント検証,280,15,1,1
X,demo-market-086-3-00,2026-10-01T12:00:00Z,架空市場 分析ノート,分析ノート,#分析ノート,500,25,3,2
INSTAGRAM,demo-market-086-3-01,2026-10-01T12:00:00Z,架空市場 分析ノート,分析ノート,#分析ノート,500,25,3,2
X,demo-market-086-3-02,2026-10-01T12:00:00Z,架空市場 分析ノート,分析ノート,#分析ノート,500,25,3,2
INSTAGRAM,demo-market-086-3-03,2026-10-01T12:00:00Z,架空市場 分析ノート,分析ノート,#分析ノート,500,28,3,2
X,demo-market-086-4-00,2026-10-01T12:00:00Z,架空市場 動画ラボ,動画ラボ,#動画ラボ,100,5,0,0
X,demo-market-086-5-00,2026-10-01T12:00:00Z,架空市場 運用メモ,運用メモ,#運用メモ,1160,58,7,5
INSTAGRAM,demo-market-086-5-01,2026-10-01T12:00:00Z,架空市場 運用メモ,運用メモ,#運用メモ,1160,59,7,5
X,demo-market-086-5-02,2026-10-01T12:00:00Z,架空市場 運用メモ,運用メモ,#運用メモ,1160,60,7,5
INSTAGRAM,demo-market-086-5-03,2026-10-01T12:00:00Z,架空市場 運用メモ,運用メモ,#運用メモ,1160,59,7,5
X,demo-market-086-5-04,2026-10-01T12:00:00Z,架空市場 運用メモ,運用メモ,#運用メモ,1160,61,7,5
INSTAGRAM,demo-market-086-5-05,2026-10-01T12:00:00Z,架空市場 運用メモ,運用メモ,#運用メモ,1160,59,7,5
X,demo-market-086-5-06,2026-10-01T12:00:00Z,架空市場 運用メモ,運用メモ,#運用メモ,1160,60,7,5
X,demo-market-087-0-00,2026-10-02T12:00:00Z,架空市場 生成AI研究,生成AI研究,#生成AI研究,4300,216,26,21
INSTAGRAM,demo-market-087-0-01,2026-10-02T12:00:00Z,架空市場 生成AI研究,生成AI研究,#生成AI研究,4300,216,26,21
X,demo-market-087-0-02,2026-10-02T12:00:00Z,架空市場 生成AI研究,生成AI研究,#生成AI研究,4300,215,26,21
INSTAGRAM,demo-market-087-0-03,2026-10-02T12:00:00Z,架空市場 生成AI研究,生成AI研究,#生成AI研究,4300,217,26,21
X,demo-market-087-0-04,2026-10-02T12:00:00Z,架空市場 生成AI研究,生成AI研究,#生成AI研究,4300,218,26,21
INSTAGRAM,demo-market-087-0-05,2026-10-02T12:00:00Z,架空市場 生成AI研究,生成AI研究,#生成AI研究,4300,217,26,21
X,demo-market-087-0-06,2026-10-02T12:00:00Z,架空市場 生成AI研究,生成AI研究,#生成AI研究,4300,215,26,21
INSTAGRAM,demo-market-087-0-07,2026-10-02T12:00:00Z,架空市場 生成AI研究,生成AI研究,#生成AI研究,4300,218,26,21
X,demo-market-087-0-08,2026-10-02T12:00:00Z,架空市場 生成AI研究,生成AI研究,#生成AI研究,4300,216,26,21
INSTAGRAM,demo-market-087-0-09,2026-10-02T12:00:00Z,架空市場 生成AI研究,生成AI研究,#生成AI研究,4300,218,26,21
X,demo-market-087-0-10,2026-10-02T12:00:00Z,架空市場 生成AI研究,生成AI研究,#生成AI研究,4300,218,26,21
INSTAGRAM,demo-market-087-0-11,2026-10-02T12:00:00Z,架空市場 生成AI研究,生成AI研究,#生成AI研究,4300,217,26,21
X,demo-market-087-0-12,2026-10-02T12:00:00Z,架空市場 生成AI研究,生成AI研究,#生成AI研究,4300,218,26,21
INSTAGRAM,demo-market-087-0-13,2026-10-02T12:00:00Z,架空市場 生成AI研究,生成AI研究,#生成AI研究,4300,215,26,21
X,demo-market-087-0-14,2026-10-02T12:00:00Z,架空市場 生成AI研究,生成AI研究,#生成AI研究,4300,217,26,21
INSTAGRAM,demo-market-087-0-15,2026-10-02T12:00:00Z,架空市場 生成AI研究,生成AI研究,#生成AI研究,4300,216,26,21
X,demo-market-087-0-16,2026-10-02T12:00:00Z,架空市場 生成AI研究,生成AI研究,#生成AI研究,4300,217,26,21
INSTAGRAM,demo-market-087-0-17,2026-10-02T12:00:00Z,架空市場 生成AI研究,生成AI研究,#生成AI研究,4300,217,26,21
X,demo-market-087-0-18,2026-10-02T12:00:00Z,架空市場 生成AI研究,生成AI研究,#生成AI研究,4300,215,26,21
X,demo-market-087-1-00,2026-10-02T12:00:00Z,架空市場 効率化実験,効率化実験,#効率化実験,4300,217,26,21
INSTAGRAM,demo-market-087-1-01,2026-10-02T12:00:00Z,架空市場 効率化実験,効率化実験,#効率化実験,4300,215,26,21
X,demo-market-087-1-02,2026-10-02T12:00:00Z,架空市場 効率化実験,効率化実験,#効率化実験,4300,215,26,21
INSTAGRAM,demo-market-087-1-03,2026-10-02T12:00:00Z,架空市場 効率化実験,効率化実験,#効率化実験,4300,216,26,21
X,demo-market-087-1-04,2026-10-02T12:00:00Z,架空市場 効率化実験,効率化実験,#効率化実験,4300,215,26,21
INSTAGRAM,demo-market-087-1-05,2026-10-02T12:00:00Z,架空市場 効率化実験,効率化実験,#効率化実験,4300,218,26,21
X,demo-market-087-1-06,2026-10-02T12:00:00Z,架空市場 効率化実験,効率化実験,#効率化実験,4300,217,26,21
INSTAGRAM,demo-market-087-1-07,2026-10-02T12:00:00Z,架空市場 効率化実験,効率化実験,#効率化実験,4300,215,26,21
X,demo-market-087-1-08,2026-10-02T12:00:00Z,架空市場 効率化実験,効率化実験,#効率化実験,4300,215,26,21
INSTAGRAM,demo-market-087-1-09,2026-10-02T12:00:00Z,架空市場 効率化実験,効率化実験,#効率化実験,4300,216,26,21
X,demo-market-087-1-10,2026-10-02T12:00:00Z,架空市場 効率化実験,効率化実験,#効率化実験,4300,218,26,21
INSTAGRAM,demo-market-087-1-11,2026-10-02T12:00:00Z,架空市場 効率化実験,効率化実験,#効率化実験,4300,215,26,21
X,demo-market-087-1-12,2026-10-02T12:00:00Z,架空市場 効率化実験,効率化実験,#効率化実験,4300,217,26,21
INSTAGRAM,demo-market-087-1-13,2026-10-02T12:00:00Z,架空市場 効率化実験,効率化実験,#効率化実験,4300,217,26,21
X,demo-market-087-1-14,2026-10-02T12:00:00Z,架空市場 効率化実験,効率化実験,#効率化実験,4300,215,26,21
INSTAGRAM,demo-market-087-1-15,2026-10-02T12:00:00Z,架空市場 効率化実験,効率化実験,#効率化実験,4300,217,26,21
X,demo-market-087-1-16,2026-10-02T12:00:00Z,架空市場 効率化実験,効率化実験,#効率化実験,4300,218,26,21
X,demo-market-087-2-00,2026-10-02T12:00:00Z,架空市場 エージェント検証,エージェント検証,#エージェント検証,260,14,1,1
INSTAGRAM,demo-market-087-2-01,2026-10-02T12:00:00Z,架空市場 エージェント検証,エージェント検証,#エージェント検証,260,14,1,1
X,demo-market-087-3-00,2026-10-02T12:00:00Z,架空市場 分析ノート,分析ノート,#分析ノート,500,28,3,2
INSTAGRAM,demo-market-087-3-01,2026-10-02T12:00:00Z,架空市場 分析ノート,分析ノート,#分析ノート,500,27,3,2
X,demo-market-087-3-02,2026-10-02T12:00:00Z,架空市場 分析ノート,分析ノート,#分析ノート,500,25,3,2
INSTAGRAM,demo-market-087-3-03,2026-10-02T12:00:00Z,架空市場 分析ノート,分析ノート,#分析ノート,500,26,3,2
X,demo-market-087-4-00,2026-10-02T12:00:00Z,架空市場 動画ラボ,動画ラボ,#動画ラボ,100,7,0,0
X,demo-market-087-5-00,2026-10-02T12:00:00Z,架空市場 運用メモ,運用メモ,#運用メモ,1200,63,7,6
INSTAGRAM,demo-market-087-5-01,2026-10-02T12:00:00Z,架空市場 運用メモ,運用メモ,#運用メモ,1200,61,7,6
X,demo-market-087-5-02,2026-10-02T12:00:00Z,架空市場 運用メモ,運用メモ,#運用メモ,1200,63,7,6
INSTAGRAM,demo-market-087-5-03,2026-10-02T12:00:00Z,架空市場 運用メモ,運用メモ,#運用メモ,1200,60,7,6
X,demo-market-087-5-04,2026-10-02T12:00:00Z,架空市場 運用メモ,運用メモ,#運用メモ,1200,62,7,6
INSTAGRAM,demo-market-087-5-05,2026-10-02T12:00:00Z,架空市場 運用メモ,運用メモ,#運用メモ,1200,63,7,6
X,demo-market-087-5-06,2026-10-02T12:00:00Z,架空市場 運用メモ,運用メモ,#運用メモ,1200,63,7,6
X,demo-market-088-0-00,2026-10-03T12:00:00Z,架空市場 生成AI研究,生成AI研究,#生成AI研究,4400,220,27,22
INSTAGRAM,demo-market-088-0-01,2026-10-03T12:00:00Z,架空市場 生成AI研究,生成AI研究,#生成AI研究,4400,220,27,22
X,demo-market-088-0-02,2026-10-03T12:00:00Z,架空市場 生成AI研究,生成AI研究,#生成AI研究,4400,221,27,22
INSTAGRAM,demo-market-088-0-03,2026-10-03T12:00:00Z,架空市場 生成AI研究,生成AI研究,#生成AI研究,4400,220,27,22
X,demo-market-088-0-04,2026-10-03T12:00:00Z,架空市場 生成AI研究,生成AI研究,#生成AI研究,4400,221,27,22
INSTAGRAM,demo-market-088-0-05,2026-10-03T12:00:00Z,架空市場 生成AI研究,生成AI研究,#生成AI研究,4400,222,27,22
X,demo-market-088-0-06,2026-10-03T12:00:00Z,架空市場 生成AI研究,生成AI研究,#生成AI研究,4400,221,27,22
INSTAGRAM,demo-market-088-0-07,2026-10-03T12:00:00Z,架空市場 生成AI研究,生成AI研究,#生成AI研究,4400,223,27,22
X,demo-market-088-0-08,2026-10-03T12:00:00Z,架空市場 生成AI研究,生成AI研究,#生成AI研究,4400,223,27,22
INSTAGRAM,demo-market-088-0-09,2026-10-03T12:00:00Z,架空市場 生成AI研究,生成AI研究,#生成AI研究,4400,222,27,22
X,demo-market-088-0-10,2026-10-03T12:00:00Z,架空市場 生成AI研究,生成AI研究,#生成AI研究,4400,223,27,22
INSTAGRAM,demo-market-088-0-11,2026-10-03T12:00:00Z,架空市場 生成AI研究,生成AI研究,#生成AI研究,4400,223,27,22
X,demo-market-088-0-12,2026-10-03T12:00:00Z,架空市場 生成AI研究,生成AI研究,#生成AI研究,4400,220,27,22
INSTAGRAM,demo-market-088-0-13,2026-10-03T12:00:00Z,架空市場 生成AI研究,生成AI研究,#生成AI研究,4400,221,27,22
X,demo-market-088-0-14,2026-10-03T12:00:00Z,架空市場 生成AI研究,生成AI研究,#生成AI研究,4400,221,27,22
INSTAGRAM,demo-market-088-0-15,2026-10-03T12:00:00Z,架空市場 生成AI研究,生成AI研究,#生成AI研究,4400,222,27,22
X,demo-market-088-0-16,2026-10-03T12:00:00Z,架空市場 生成AI研究,生成AI研究,#生成AI研究,4400,223,27,22
INSTAGRAM,demo-market-088-0-17,2026-10-03T12:00:00Z,架空市場 生成AI研究,生成AI研究,#生成AI研究,4400,220,27,22
X,demo-market-088-0-18,2026-10-03T12:00:00Z,架空市場 生成AI研究,生成AI研究,#生成AI研究,4400,223,27,22
INSTAGRAM,demo-market-088-0-19,2026-10-03T12:00:00Z,架空市場 生成AI研究,生成AI研究,#生成AI研究,4400,220,27,22
X,demo-market-088-1-00,2026-10-03T12:00:00Z,架空市場 効率化実験,効率化実験,#効率化実験,4400,221,27,22
INSTAGRAM,demo-market-088-1-01,2026-10-03T12:00:00Z,架空市場 効率化実験,効率化実験,#効率化実験,4400,223,27,22
X,demo-market-088-1-02,2026-10-03T12:00:00Z,架空市場 効率化実験,効率化実験,#効率化実験,4400,222,27,22
INSTAGRAM,demo-market-088-1-03,2026-10-03T12:00:00Z,架空市場 効率化実験,効率化実験,#効率化実験,4400,223,27,22
X,demo-market-088-1-04,2026-10-03T12:00:00Z,架空市場 効率化実験,効率化実験,#効率化実験,4400,220,27,22
INSTAGRAM,demo-market-088-1-05,2026-10-03T12:00:00Z,架空市場 効率化実験,効率化実験,#効率化実験,4400,221,27,22
X,demo-market-088-1-06,2026-10-03T12:00:00Z,架空市場 効率化実験,効率化実験,#効率化実験,4400,220,27,22
INSTAGRAM,demo-market-088-1-07,2026-10-03T12:00:00Z,架空市場 効率化実験,効率化実験,#効率化実験,4400,222,27,22
X,demo-market-088-1-08,2026-10-03T12:00:00Z,架空市場 効率化実験,効率化実験,#効率化実験,4400,220,27,22
INSTAGRAM,demo-market-088-1-09,2026-10-03T12:00:00Z,架空市場 効率化実験,効率化実験,#効率化実験,4400,220,27,22
X,demo-market-088-1-10,2026-10-03T12:00:00Z,架空市場 効率化実験,効率化実験,#効率化実験,4400,222,27,22
INSTAGRAM,demo-market-088-1-11,2026-10-03T12:00:00Z,架空市場 効率化実験,効率化実験,#効率化実験,4400,220,27,22
X,demo-market-088-1-12,2026-10-03T12:00:00Z,架空市場 効率化実験,効率化実験,#効率化実験,4400,221,27,22
INSTAGRAM,demo-market-088-1-13,2026-10-03T12:00:00Z,架空市場 効率化実験,効率化実験,#効率化実験,4400,220,27,22
X,demo-market-088-1-14,2026-10-03T12:00:00Z,架空市場 効率化実験,効率化実験,#効率化実験,4400,220,27,22
INSTAGRAM,demo-market-088-1-15,2026-10-03T12:00:00Z,架空市場 効率化実験,効率化実験,#効率化実験,4400,223,27,22
X,demo-market-088-1-16,2026-10-03T12:00:00Z,架空市場 効率化実験,効率化実験,#効率化実験,4400,223,27,22
X,demo-market-088-2-00,2026-10-03T12:00:00Z,架空市場 エージェント検証,エージェント検証,#エージェント検証,240,13,1,1
X,demo-market-088-3-00,2026-10-03T12:00:00Z,架空市場 分析ノート,分析ノート,#分析ノート,500,26,3,2
INSTAGRAM,demo-market-088-3-01,2026-10-03T12:00:00Z,架空市場 分析ノート,分析ノート,#分析ノート,500,26,3,2
X,demo-market-088-3-02,2026-10-03T12:00:00Z,架空市場 分析ノート,分析ノート,#分析ノート,500,28,3,2
INSTAGRAM,demo-market-088-3-03,2026-10-03T12:00:00Z,架空市場 分析ノート,分析ノート,#分析ノート,500,26,3,2
X,demo-market-088-4-00,2026-10-03T12:00:00Z,架空市場 動画ラボ,動画ラボ,#動画ラボ,100,5,0,0
X,demo-market-088-5-00,2026-10-03T12:00:00Z,架空市場 運用メモ,運用メモ,#運用メモ,1240,63,7,6
INSTAGRAM,demo-market-088-5-01,2026-10-03T12:00:00Z,架空市場 運用メモ,運用メモ,#運用メモ,1240,63,7,6
X,demo-market-088-5-02,2026-10-03T12:00:00Z,架空市場 運用メモ,運用メモ,#運用メモ,1240,62,7,6
INSTAGRAM,demo-market-088-5-03,2026-10-03T12:00:00Z,架空市場 運用メモ,運用メモ,#運用メモ,1240,64,7,6
X,demo-market-088-5-04,2026-10-03T12:00:00Z,架空市場 運用メモ,運用メモ,#運用メモ,1240,65,7,6
INSTAGRAM,demo-market-088-5-05,2026-10-03T12:00:00Z,架空市場 運用メモ,運用メモ,#運用メモ,1240,63,7,6
X,demo-market-088-5-06,2026-10-03T12:00:00Z,架空市場 運用メモ,運用メモ,#運用メモ,1240,62,7,6
X,demo-market-089-0-00,2026-10-04T12:00:00Z,架空市場 生成AI研究,生成AI研究,#生成AI研究,4500,228,28,22
INSTAGRAM,demo-market-089-0-01,2026-10-04T12:00:00Z,架空市場 生成AI研究,生成AI研究,#生成AI研究,4500,228,28,22
X,demo-market-089-0-02,2026-10-04T12:00:00Z,架空市場 生成AI研究,生成AI研究,#生成AI研究,4500,225,28,22
INSTAGRAM,demo-market-089-0-03,2026-10-04T12:00:00Z,架空市場 生成AI研究,生成AI研究,#生成AI研究,4500,228,28,22
X,demo-market-089-0-04,2026-10-04T12:00:00Z,架空市場 生成AI研究,生成AI研究,#生成AI研究,4500,225,28,22
INSTAGRAM,demo-market-089-0-05,2026-10-04T12:00:00Z,架空市場 生成AI研究,生成AI研究,#生成AI研究,4500,225,28,22
X,demo-market-089-0-06,2026-10-04T12:00:00Z,架空市場 生成AI研究,生成AI研究,#生成AI研究,4500,226,28,22
INSTAGRAM,demo-market-089-0-07,2026-10-04T12:00:00Z,架空市場 生成AI研究,生成AI研究,#生成AI研究,4500,227,28,22
X,demo-market-089-0-08,2026-10-04T12:00:00Z,架空市場 生成AI研究,生成AI研究,#生成AI研究,4500,227,28,22
INSTAGRAM,demo-market-089-0-09,2026-10-04T12:00:00Z,架空市場 生成AI研究,生成AI研究,#生成AI研究,4500,228,28,22
X,demo-market-089-0-10,2026-10-04T12:00:00Z,架空市場 生成AI研究,生成AI研究,#生成AI研究,4500,228,28,22
INSTAGRAM,demo-market-089-0-11,2026-10-04T12:00:00Z,架空市場 生成AI研究,生成AI研究,#生成AI研究,4500,228,28,22
X,demo-market-089-0-12,2026-10-04T12:00:00Z,架空市場 生成AI研究,生成AI研究,#生成AI研究,4500,226,28,22
INSTAGRAM,demo-market-089-0-13,2026-10-04T12:00:00Z,架空市場 生成AI研究,生成AI研究,#生成AI研究,4500,227,28,22
X,demo-market-089-0-14,2026-10-04T12:00:00Z,架空市場 生成AI研究,生成AI研究,#生成AI研究,4500,225,28,22
INSTAGRAM,demo-market-089-0-15,2026-10-04T12:00:00Z,架空市場 生成AI研究,生成AI研究,#生成AI研究,4500,225,28,22
X,demo-market-089-0-16,2026-10-04T12:00:00Z,架空市場 生成AI研究,生成AI研究,#生成AI研究,4500,226,28,22
INSTAGRAM,demo-market-089-0-17,2026-10-04T12:00:00Z,架空市場 生成AI研究,生成AI研究,#生成AI研究,4500,225,28,22
X,demo-market-089-0-18,2026-10-04T12:00:00Z,架空市場 生成AI研究,生成AI研究,#生成AI研究,4500,225,28,22
INSTAGRAM,demo-market-089-0-19,2026-10-04T12:00:00Z,架空市場 生成AI研究,生成AI研究,#生成AI研究,4500,228,28,22
X,demo-market-089-1-00,2026-10-04T12:00:00Z,架空市場 効率化実験,効率化実験,#効率化実験,4500,225,28,22
INSTAGRAM,demo-market-089-1-01,2026-10-04T12:00:00Z,架空市場 効率化実験,効率化実験,#効率化実験,4500,227,28,22
X,demo-market-089-1-02,2026-10-04T12:00:00Z,架空市場 効率化実験,効率化実験,#効率化実験,4500,228,28,22
INSTAGRAM,demo-market-089-1-03,2026-10-04T12:00:00Z,架空市場 効率化実験,効率化実験,#効率化実験,4500,225,28,22
X,demo-market-089-1-04,2026-10-04T12:00:00Z,架空市場 効率化実験,効率化実験,#効率化実験,4500,225,28,22
INSTAGRAM,demo-market-089-1-05,2026-10-04T12:00:00Z,架空市場 効率化実験,効率化実験,#効率化実験,4500,228,28,22
X,demo-market-089-1-06,2026-10-04T12:00:00Z,架空市場 効率化実験,効率化実験,#効率化実験,4500,228,28,22
INSTAGRAM,demo-market-089-1-07,2026-10-04T12:00:00Z,架空市場 効率化実験,効率化実験,#効率化実験,4500,225,28,22
X,demo-market-089-1-08,2026-10-04T12:00:00Z,架空市場 効率化実験,効率化実験,#効率化実験,4500,225,28,22
INSTAGRAM,demo-market-089-1-09,2026-10-04T12:00:00Z,架空市場 効率化実験,効率化実験,#効率化実験,4500,226,28,22
X,demo-market-089-1-10,2026-10-04T12:00:00Z,架空市場 効率化実験,効率化実験,#効率化実験,4500,226,28,22
INSTAGRAM,demo-market-089-1-11,2026-10-04T12:00:00Z,架空市場 効率化実験,効率化実験,#効率化実験,4500,225,28,22
X,demo-market-089-1-12,2026-10-04T12:00:00Z,架空市場 効率化実験,効率化実験,#効率化実験,4500,227,28,22
INSTAGRAM,demo-market-089-1-13,2026-10-04T12:00:00Z,架空市場 効率化実験,効率化実験,#効率化実験,4500,228,28,22
X,demo-market-089-1-14,2026-10-04T12:00:00Z,架空市場 効率化実験,効率化実験,#効率化実験,4500,225,28,22
INSTAGRAM,demo-market-089-1-15,2026-10-04T12:00:00Z,架空市場 効率化実験,効率化実験,#効率化実験,4500,228,28,22
X,demo-market-089-1-16,2026-10-04T12:00:00Z,架空市場 効率化実験,効率化実験,#効率化実験,4500,227,28,22
X,demo-market-089-2-00,2026-10-04T12:00:00Z,架空市場 エージェント検証,エージェント検証,#エージェント検証,240,14,1,1
X,demo-market-089-3-00,2026-10-04T12:00:00Z,架空市場 分析ノート,分析ノート,#分析ノート,500,27,3,2
INSTAGRAM,demo-market-089-3-01,2026-10-04T12:00:00Z,架空市場 分析ノート,分析ノート,#分析ノート,500,26,3,2
X,demo-market-089-3-02,2026-10-04T12:00:00Z,架空市場 分析ノート,分析ノート,#分析ノート,500,27,3,2
INSTAGRAM,demo-market-089-3-03,2026-10-04T12:00:00Z,架空市場 分析ノート,分析ノート,#分析ノート,500,28,3,2
X,demo-market-089-4-00,2026-10-04T12:00:00Z,架空市場 動画ラボ,動画ラボ,#動画ラボ,100,7,0,0
X,demo-market-089-5-00,2026-10-04T12:00:00Z,架空市場 運用メモ,運用メモ,#運用メモ,1280,66,8,6
INSTAGRAM,demo-market-089-5-01,2026-10-04T12:00:00Z,架空市場 運用メモ,運用メモ,#運用メモ,1280,64,8,6
X,demo-market-089-5-02,2026-10-04T12:00:00Z,架空市場 運用メモ,運用メモ,#運用メモ,1280,64,8,6
INSTAGRAM,demo-market-089-5-03,2026-10-04T12:00:00Z,架空市場 運用メモ,運用メモ,#運用メモ,1280,64,8,6
X,demo-market-089-5-04,2026-10-04T12:00:00Z,架空市場 運用メモ,運用メモ,#運用メモ,1280,65,8,6
INSTAGRAM,demo-market-089-5-05,2026-10-04T12:00:00Z,架空市場 運用メモ,運用メモ,#運用メモ,1280,65,8,6
X,demo-market-089-5-06,2026-10-04T12:00:00Z,架空市場 運用メモ,運用メモ,#運用メモ,1280,65,8,6
